ISO-10303-21;
HEADER;
FILE_DESCRIPTION(('FreeCAD Model'),'2;1');
FILE_NAME(
  'C:/Users/Falko/Documents/3D Modelle/Pult/arcade_button_24mm.step',
  '2019-10-15T20:24:29',('Author'),(''),
  'Open CASCADE STEP processor 6.8','FreeCAD','Unknown');
FILE_SCHEMA(('AUTOMOTIVE_DESIGN_CC2 { 1 2 10303 214 -1 1 5 4 }'));
ENDSEC;
DATA;
#1 = APPLICATION_PROTOCOL_DEFINITION('committee draft',
  'automotive_design',1997,#2);
#2 = APPLICATION_CONTEXT(
  'core data for automotive mechanical design processes');
#3 = SHAPE_DEFINITION_REPRESENTATION(#4,#10);
#4 = PRODUCT_DEFINITION_SHAPE('','',#5);
#5 = PRODUCT_DEFINITION('design','',#6,#9);
#6 = PRODUCT_DEFINITION_FORMATION('','',#7);
#7 = PRODUCT('ASSEMBLY','ASSEMBLY','',(#8));
#8 = MECHANICAL_CONTEXT('',#2,'mechanical');
#9 = PRODUCT_DEFINITION_CONTEXT('part definition',#2,'design');
#10 = SHAPE_REPRESENTATION('',(#11,#15,#19,#23,#27),#31);
#11 = AXIS2_PLACEMENT_3D('',#12,#13,#14);
#12 = CARTESIAN_POINT('',(0.E+000,0.E+000,0.E+000));
#13 = DIRECTION('',(0.E+000,0.E+000,1.));
#14 = DIRECTION('',(1.,0.E+000,-0.E+000));
#15 = AXIS2_PLACEMENT_3D('',#16,#17,#18);
#16 = CARTESIAN_POINT('',(0.E+000,0.E+000,0.E+000));
#17 = DIRECTION('',(0.E+000,0.E+000,1.));
#18 = DIRECTION('',(1.,0.E+000,0.E+000));
#19 = AXIS2_PLACEMENT_3D('',#20,#21,#22);
#20 = CARTESIAN_POINT('',(0.E+000,0.E+000,0.E+000));
#21 = DIRECTION('',(0.E+000,0.E+000,1.));
#22 = DIRECTION('',(-2.22044604925E-016,1.,0.E+000));
#23 = AXIS2_PLACEMENT_3D('',#24,#25,#26);
#24 = CARTESIAN_POINT('',(0.E+000,0.E+000,0.E+000));
#25 = DIRECTION('',(0.E+000,0.E+000,1.));
#26 = DIRECTION('',(1.,0.E+000,0.E+000));
#27 = AXIS2_PLACEMENT_3D('',#28,#29,#30);
#28 = CARTESIAN_POINT('',(0.E+000,0.E+000,0.E+000));
#29 = DIRECTION('',(0.E+000,0.E+000,1.));
#30 = DIRECTION('',(1.,0.E+000,0.E+000));
#31 = ( GEOMETRIC_REPRESENTATION_CONTEXT(3) 
GLOBAL_UNCERTAINTY_ASSIGNED_CONTEXT((#35)) GLOBAL_UNIT_ASSIGNED_CONTEXT(
(#32,#33,#34)) REPRESENTATION_CONTEXT('Context #1',
  '3D Context with UNIT and UNCERTAINTY') );
#32 = ( LENGTH_UNIT() NAMED_UNIT(*) SI_UNIT(.MILLI.,.METRE.) );
#33 = ( NAMED_UNIT(*) PLANE_ANGLE_UNIT() SI_UNIT($,.RADIAN.) );
#34 = ( NAMED_UNIT(*) SI_UNIT($,.STERADIAN.) SOLID_ANGLE_UNIT() );
#35 = UNCERTAINTY_MEASURE_WITH_UNIT(LENGTH_MEASURE(2.E-005),#32,
  'distance_accuracy_value','confusion accuracy');
#36 = PRODUCT_TYPE('part',$,(#7));
#37 = SHAPE_REPRESENTATION('',(#11,#38,#1886),#3677);
#38 = MANIFOLD_SOLID_BREP('',#39);
#39 = CLOSED_SHELL('',(#40,#304,#490,#537,#591,#644,#725,#779,#855,#982,
    #1035,#1084,#1138,#1190,#1244,#1380,#1406,#1456,#1532,#1558,#1585,
    #1634,#1659,#1691,#1741,#1768,#1775,#1801,#1828,#1853,#1880));
#40 = ADVANCED_FACE('',(#41,#273),#55,.F.);
#41 = FACE_BOUND('',#42,.F.);
#42 = EDGE_LOOP('',(#43,#78,#106,#134,#162,#190,#218,#247));
#43 = ORIENTED_EDGE('',*,*,#44,.F.);
#44 = EDGE_CURVE('',#45,#47,#49,.T.);
#45 = VERTEX_POINT('',#46);
#46 = CARTESIAN_POINT('',(-4.5,0.2,-10.2));
#47 = VERTEX_POINT('',#48);
#48 = CARTESIAN_POINT('',(-4.5,0.699999999999,-10.2));
#49 = SURFACE_CURVE('',#50,(#54,#66),.PCURVE_S1.);
#50 = LINE('',#51,#52);
#51 = CARTESIAN_POINT('',(-4.5,0.E+000,-10.2));
#52 = VECTOR('',#53,1.);
#53 = DIRECTION('',(0.E+000,1.,0.E+000));
#54 = PCURVE('',#55,#60);
#55 = PLANE('',#56);
#56 = AXIS2_PLACEMENT_3D('',#57,#58,#59);
#57 = CARTESIAN_POINT('',(-4.5,0.E+000,-17.));
#58 = DIRECTION('',(1.,0.E+000,0.E+000));
#59 = DIRECTION('',(0.E+000,0.E+000,1.));
#60 = DEFINITIONAL_REPRESENTATION('',(#61),#65);
#61 = LINE('',#62,#63);
#62 = CARTESIAN_POINT('',(6.8,0.E+000));
#63 = VECTOR('',#64,1.);
#64 = DIRECTION('',(0.E+000,-1.));
#65 = ( GEOMETRIC_REPRESENTATION_CONTEXT(2) 
PARAMETRIC_REPRESENTATION_CONTEXT() REPRESENTATION_CONTEXT('2D SPACE',''
  ) );
#66 = PCURVE('',#67,#72);
#67 = PLANE('',#68);
#68 = AXIS2_PLACEMENT_3D('',#69,#70,#71);
#69 = CARTESIAN_POINT('',(-4.5,0.E+000,-10.2));
#70 = DIRECTION('',(0.E+000,0.E+000,1.));
#71 = DIRECTION('',(1.,0.E+000,0.E+000));
#72 = DEFINITIONAL_REPRESENTATION('',(#73),#77);
#73 = LINE('',#74,#75);
#74 = CARTESIAN_POINT('',(0.E+000,0.E+000));
#75 = VECTOR('',#76,1.);
#76 = DIRECTION('',(0.E+000,1.));
#77 = ( GEOMETRIC_REPRESENTATION_CONTEXT(2) 
PARAMETRIC_REPRESENTATION_CONTEXT() REPRESENTATION_CONTEXT('2D SPACE',''
  ) );
#78 = ORIENTED_EDGE('',*,*,#79,.F.);
#79 = EDGE_CURVE('',#80,#45,#82,.T.);
#80 = VERTEX_POINT('',#81);
#81 = CARTESIAN_POINT('',(-4.5,0.2,-16.8));
#82 = SURFACE_CURVE('',#83,(#87,#94),.PCURVE_S1.);
#83 = LINE('',#84,#85);
#84 = CARTESIAN_POINT('',(-4.5,0.2,-17.));
#85 = VECTOR('',#86,1.);
#86 = DIRECTION('',(0.E+000,0.E+000,1.));
#87 = PCURVE('',#55,#88);
#88 = DEFINITIONAL_REPRESENTATION('',(#89),#93);
#89 = LINE('',#90,#91);
#90 = CARTESIAN_POINT('',(0.E+000,-0.2));
#91 = VECTOR('',#92,1.);
#92 = DIRECTION('',(1.,0.E+000));
#93 = ( GEOMETRIC_REPRESENTATION_CONTEXT(2) 
PARAMETRIC_REPRESENTATION_CONTEXT() REPRESENTATION_CONTEXT('2D SPACE',''
  ) );
#94 = PCURVE('',#95,#100);
#95 = PLANE('',#96);
#96 = AXIS2_PLACEMENT_3D('',#97,#98,#99);
#97 = CARTESIAN_POINT('',(-4.4,0.1,-17.));
#98 = DIRECTION('',(-0.707106781187,-0.707106781187,-1.735417226645E-018
    ));
#99 = DIRECTION('',(1.227125289148E-018,1.227125289148E-018,-1.));
#100 = DEFINITIONAL_REPRESENTATION('',(#101),#105);
#101 = LINE('',#102,#103);
#102 = CARTESIAN_POINT('',(-0.E+000,-0.141421356237));
#103 = VECTOR('',#104,1.);
#104 = DIRECTION('',(-1.,0.E+000));
#105 = ( GEOMETRIC_REPRESENTATION_CONTEXT(2) 
PARAMETRIC_REPRESENTATION_CONTEXT() REPRESENTATION_CONTEXT('2D SPACE',''
  ) );
#106 = ORIENTED_EDGE('',*,*,#107,.T.);
#107 = EDGE_CURVE('',#80,#108,#110,.T.);
#108 = VERTEX_POINT('',#109);
#109 = CARTESIAN_POINT('',(-4.5,2.6,-16.8));
#110 = SURFACE_CURVE('',#111,(#115,#122),.PCURVE_S1.);
#111 = LINE('',#112,#113);
#112 = CARTESIAN_POINT('',(-4.5,0.E+000,-16.8));
#113 = VECTOR('',#114,1.);
#114 = DIRECTION('',(0.E+000,1.,0.E+000));
#115 = PCURVE('',#55,#116);
#116 = DEFINITIONAL_REPRESENTATION('',(#117),#121);
#117 = LINE('',#118,#119);
#118 = CARTESIAN_POINT('',(0.2,0.E+000));
#119 = VECTOR('',#120,1.);
#120 = DIRECTION('',(0.E+000,-1.));
#121 = ( GEOMETRIC_REPRESENTATION_CONTEXT(2) 
PARAMETRIC_REPRESENTATION_CONTEXT() REPRESENTATION_CONTEXT('2D SPACE',''
  ) );
#122 = PCURVE('',#123,#128);
#123 = PLANE('',#124);
#124 = AXIS2_PLACEMENT_3D('',#125,#126,#127);
#125 = CARTESIAN_POINT('',(-4.4,0.E+000,-16.9));
#126 = DIRECTION('',(-0.707106781187,0.E+000,-0.707106781187));
#127 = DIRECTION('',(0.E+000,1.,0.E+000));
#128 = DEFINITIONAL_REPRESENTATION('',(#129),#133);
#129 = LINE('',#130,#131);
#130 = CARTESIAN_POINT('',(0.E+000,-0.141421356237));
#131 = VECTOR('',#132,1.);
#132 = DIRECTION('',(1.,0.E+000));
#133 = ( GEOMETRIC_REPRESENTATION_CONTEXT(2) 
PARAMETRIC_REPRESENTATION_CONTEXT() REPRESENTATION_CONTEXT('2D SPACE',''
  ) );
#134 = ORIENTED_EDGE('',*,*,#135,.T.);
#135 = EDGE_CURVE('',#108,#136,#138,.T.);
#136 = VERTEX_POINT('',#137);
#137 = CARTESIAN_POINT('',(-4.5,2.6,-10.2));
#138 = SURFACE_CURVE('',#139,(#143,#150),.PCURVE_S1.);
#139 = LINE('',#140,#141);
#140 = CARTESIAN_POINT('',(-4.5,2.6,-17.));
#141 = VECTOR('',#142,1.);
#142 = DIRECTION('',(0.E+000,0.E+000,1.));
#143 = PCURVE('',#55,#144);
#144 = DEFINITIONAL_REPRESENTATION('',(#145),#149);
#145 = LINE('',#146,#147);
#146 = CARTESIAN_POINT('',(0.E+000,-2.6));
#147 = VECTOR('',#148,1.);
#148 = DIRECTION('',(1.,0.E+000));
#149 = ( GEOMETRIC_REPRESENTATION_CONTEXT(2) 
PARAMETRIC_REPRESENTATION_CONTEXT() REPRESENTATION_CONTEXT('2D SPACE',''
  ) );
#150 = PCURVE('',#151,#156);
#151 = PLANE('',#152);
#152 = AXIS2_PLACEMENT_3D('',#153,#154,#155);
#153 = CARTESIAN_POINT('',(-4.4,2.7,-17.));
#154 = DIRECTION('',(0.707106781187,-0.707106781187,0.E+000));
#155 = DIRECTION('',(-0.E+000,-0.E+000,-1.));
#156 = DEFINITIONAL_REPRESENTATION('',(#157),#161);
#157 = LINE('',#158,#159);
#158 = CARTESIAN_POINT('',(-0.E+000,-0.141421356237));
#159 = VECTOR('',#160,1.);
#160 = DIRECTION('',(-1.,0.E+000));
#161 = ( GEOMETRIC_REPRESENTATION_CONTEXT(2) 
PARAMETRIC_REPRESENTATION_CONTEXT() REPRESENTATION_CONTEXT('2D SPACE',''
  ) );
#162 = ORIENTED_EDGE('',*,*,#163,.F.);
#163 = EDGE_CURVE('',#164,#136,#166,.T.);
#164 = VERTEX_POINT('',#165);
#165 = CARTESIAN_POINT('',(-4.5,2.099999999999,-10.2));
#166 = SURFACE_CURVE('',#167,(#171,#178),.PCURVE_S1.);
#167 = LINE('',#168,#169);
#168 = CARTESIAN_POINT('',(-4.5,0.E+000,-10.2));
#169 = VECTOR('',#170,1.);
#170 = DIRECTION('',(0.E+000,1.,0.E+000));
#171 = PCURVE('',#55,#172);
#172 = DEFINITIONAL_REPRESENTATION('',(#173),#177);
#173 = LINE('',#174,#175);
#174 = CARTESIAN_POINT('',(6.8,0.E+000));
#175 = VECTOR('',#176,1.);
#176 = DIRECTION('',(0.E+000,-1.));
#177 = ( GEOMETRIC_REPRESENTATION_CONTEXT(2) 
PARAMETRIC_REPRESENTATION_CONTEXT() REPRESENTATION_CONTEXT('2D SPACE',''
  ) );
#178 = PCURVE('',#179,#184);
#179 = PLANE('',#180);
#180 = AXIS2_PLACEMENT_3D('',#181,#182,#183);
#181 = CARTESIAN_POINT('',(-4.5,0.E+000,-10.2));
#182 = DIRECTION('',(0.E+000,0.E+000,1.));
#183 = DIRECTION('',(1.,0.E+000,0.E+000));
#184 = DEFINITIONAL_REPRESENTATION('',(#185),#189);
#185 = LINE('',#186,#187);
#186 = CARTESIAN_POINT('',(0.E+000,0.E+000));
#187 = VECTOR('',#188,1.);
#188 = DIRECTION('',(0.E+000,1.));
#189 = ( GEOMETRIC_REPRESENTATION_CONTEXT(2) 
PARAMETRIC_REPRESENTATION_CONTEXT() REPRESENTATION_CONTEXT('2D SPACE',''
  ) );
#190 = ORIENTED_EDGE('',*,*,#191,.F.);
#191 = EDGE_CURVE('',#192,#164,#194,.T.);
#192 = VERTEX_POINT('',#193);
#193 = CARTESIAN_POINT('',(-4.5,2.099999999999,-13.5));
#194 = SURFACE_CURVE('',#195,(#199,#206),.PCURVE_S1.);
#195 = LINE('',#196,#197);
#196 = CARTESIAN_POINT('',(-4.5,2.099999999999,-13.5));
#197 = VECTOR('',#198,1.);
#198 = DIRECTION('',(0.E+000,0.E+000,1.));
#199 = PCURVE('',#55,#200);
#200 = DEFINITIONAL_REPRESENTATION('',(#201),#205);
#201 = LINE('',#202,#203);
#202 = CARTESIAN_POINT('',(3.5,-2.099999999999));
#203 = VECTOR('',#204,1.);
#204 = DIRECTION('',(1.,0.E+000));
#205 = ( GEOMETRIC_REPRESENTATION_CONTEXT(2) 
PARAMETRIC_REPRESENTATION_CONTEXT() REPRESENTATION_CONTEXT('2D SPACE',''
  ) );
#206 = PCURVE('',#207,#212);
#207 = PLANE('',#208);
#208 = AXIS2_PLACEMENT_3D('',#209,#210,#211);
#209 = CARTESIAN_POINT('',(-4.45,2.049999999999,-13.5));
#210 = DIRECTION('',(-0.707106781187,-0.707106781187,0.E+000));
#211 = DIRECTION('',(-0.E+000,-0.E+000,-1.));
#212 = DEFINITIONAL_REPRESENTATION('',(#213),#217);
#213 = LINE('',#214,#215);
#214 = CARTESIAN_POINT('',(-0.E+000,-7.071067811865E-002));
#215 = VECTOR('',#216,1.);
#216 = DIRECTION('',(-1.,0.E+000));
#217 = ( GEOMETRIC_REPRESENTATION_CONTEXT(2) 
PARAMETRIC_REPRESENTATION_CONTEXT() REPRESENTATION_CONTEXT('2D SPACE',''
  ) );
#218 = ORIENTED_EDGE('',*,*,#219,.F.);
#219 = EDGE_CURVE('',#220,#192,#222,.T.);
#220 = VERTEX_POINT('',#221);
#221 = CARTESIAN_POINT('',(-4.5,0.700000000001,-13.5));
#222 = SURFACE_CURVE('',#223,(#228,#235),.PCURVE_S1.);
#223 = CIRCLE('',#224,0.699999999999);
#224 = AXIS2_PLACEMENT_3D('',#225,#226,#227);
#225 = CARTESIAN_POINT('',(-4.5,1.4,-13.5));
#226 = DIRECTION('',(1.,0.E+000,0.E+000));
#227 = DIRECTION('',(0.E+000,-1.,-1.243449787583E-013));
#228 = PCURVE('',#55,#229);
#229 = DEFINITIONAL_REPRESENTATION('',(#230),#234);
#230 = CIRCLE('',#231,0.699999999999);
#231 = AXIS2_PLACEMENT_2D('',#232,#233);
#232 = CARTESIAN_POINT('',(3.5,-1.4));
#233 = DIRECTION('',(-1.243449787583E-013,1.));
#234 = ( GEOMETRIC_REPRESENTATION_CONTEXT(2) 
PARAMETRIC_REPRESENTATION_CONTEXT() REPRESENTATION_CONTEXT('2D SPACE',''
  ) );
#235 = PCURVE('',#236,#241);
#236 = CONICAL_SURFACE('',#237,0.599999999999,0.785398163397);
#237 = AXIS2_PLACEMENT_3D('',#238,#239,#240);
#238 = CARTESIAN_POINT('',(-4.4,1.4,-13.5));
#239 = DIRECTION('',(-1.,0.E+000,0.E+000));
#240 = DIRECTION('',(0.E+000,-1.,-1.243449787583E-013));
#241 = DEFINITIONAL_REPRESENTATION('',(#242),#246);
#242 = LINE('',#243,#244);
#243 = CARTESIAN_POINT('',(0.E+000,0.1));
#244 = VECTOR('',#245,1.);
#245 = DIRECTION('',(-1.,-0.E+000));
#246 = ( GEOMETRIC_REPRESENTATION_CONTEXT(2) 
PARAMETRIC_REPRESENTATION_CONTEXT() REPRESENTATION_CONTEXT('2D SPACE',''
  ) );
#247 = ORIENTED_EDGE('',*,*,#248,.F.);
#248 = EDGE_CURVE('',#47,#220,#249,.T.);
#249 = SURFACE_CURVE('',#250,(#254,#261),.PCURVE_S1.);
#250 = LINE('',#251,#252);
#251 = CARTESIAN_POINT('',(-4.5,0.699999999999,-10.2));
#252 = VECTOR('',#253,1.);
#253 = DIRECTION('',(0.E+000,6.859591045704E-013,-1.));
#254 = PCURVE('',#55,#255);
#255 = DEFINITIONAL_REPRESENTATION('',(#256),#260);
#256 = LINE('',#257,#258);
#257 = CARTESIAN_POINT('',(6.8,-0.699999999999));
#258 = VECTOR('',#259,1.);
#259 = DIRECTION('',(-1.,-6.859591045704E-013));
#260 = ( GEOMETRIC_REPRESENTATION_CONTEXT(2) 
PARAMETRIC_REPRESENTATION_CONTEXT() REPRESENTATION_CONTEXT('2D SPACE',''
  ) );
#261 = PCURVE('',#262,#267);
#262 = PLANE('',#263);
#263 = AXIS2_PLACEMENT_3D('',#264,#265,#266);
#264 = CARTESIAN_POINT('',(-4.45,0.749999999999,-10.2));
#265 = DIRECTION('',(0.707106781187,-0.707106781187,-4.850407514909E-013
    ));
#266 = DIRECTION('',(3.947754197627E-018,6.859551568162E-013,-1.));
#267 = DEFINITIONAL_REPRESENTATION('',(#268),#272);
#268 = LINE('',#269,#270);
#269 = CARTESIAN_POINT('',(-1.7763568394E-015,-7.071067811865E-002));
#270 = VECTOR('',#271,1.);
#271 = DIRECTION('',(1.,0.E+000));
#272 = ( GEOMETRIC_REPRESENTATION_CONTEXT(2) 
PARAMETRIC_REPRESENTATION_CONTEXT() REPRESENTATION_CONTEXT('2D SPACE',''
  ) );
#273 = FACE_BOUND('',#274,.F.);
#274 = EDGE_LOOP('',(#275));
#275 = ORIENTED_EDGE('',*,*,#276,.F.);
#276 = EDGE_CURVE('',#277,#277,#279,.T.);
#277 = VERTEX_POINT('',#278);
#278 = CARTESIAN_POINT('',(-4.5,1.4,-16.3));
#279 = SURFACE_CURVE('',#280,(#285,#292),.PCURVE_S1.);
#280 = CIRCLE('',#281,0.7);
#281 = AXIS2_PLACEMENT_3D('',#282,#283,#284);
#282 = CARTESIAN_POINT('',(-4.5,1.4,-15.6));
#283 = DIRECTION('',(1.,-0.E+000,0.E+000));
#284 = DIRECTION('',(0.E+000,0.E+000,-1.));
#285 = PCURVE('',#55,#286);
#286 = DEFINITIONAL_REPRESENTATION('',(#287),#291);
#287 = CIRCLE('',#288,0.7);
#288 = AXIS2_PLACEMENT_2D('',#289,#290);
#289 = CARTESIAN_POINT('',(1.4,-1.4));
#290 = DIRECTION('',(-1.,0.E+000));
#291 = ( GEOMETRIC_REPRESENTATION_CONTEXT(2) 
PARAMETRIC_REPRESENTATION_CONTEXT() REPRESENTATION_CONTEXT('2D SPACE',''
  ) );
#292 = PCURVE('',#293,#298);
#293 = CONICAL_SURFACE('',#294,0.6,0.785398163397);
#294 = AXIS2_PLACEMENT_3D('',#295,#296,#297);
#295 = CARTESIAN_POINT('',(-4.4,1.4,-15.6));
#296 = DIRECTION('',(-1.,0.E+000,0.E+000));
#297 = DIRECTION('',(0.E+000,0.E+000,-1.));
#298 = DEFINITIONAL_REPRESENTATION('',(#299),#303);
#299 = LINE('',#300,#301);
#300 = CARTESIAN_POINT('',(0.E+000,0.1));
#301 = VECTOR('',#302,1.);
#302 = DIRECTION('',(-1.,-0.E+000));
#303 = ( GEOMETRIC_REPRESENTATION_CONTEXT(2) 
PARAMETRIC_REPRESENTATION_CONTEXT() REPRESENTATION_CONTEXT('2D SPACE',''
  ) );
#304 = ADVANCED_FACE('',(#305),#67,.T.);
#305 = FACE_BOUND('',#306,.T.);
#306 = EDGE_LOOP('',(#307,#308,#331,#359,#387,#415,#443,#469));
#307 = ORIENTED_EDGE('',*,*,#44,.F.);
#308 = ORIENTED_EDGE('',*,*,#309,.T.);
#309 = EDGE_CURVE('',#45,#310,#312,.T.);
#310 = VERTEX_POINT('',#311);
#311 = CARTESIAN_POINT('',(-4.3,-8.326672684689E-017,-10.2));
#312 = SURFACE_CURVE('',#313,(#317,#324),.PCURVE_S1.);
#313 = LINE('',#314,#315);
#314 = CARTESIAN_POINT('',(-4.4,1.E-001,-10.2));
#315 = VECTOR('',#316,1.);
#316 = DIRECTION('',(0.707106781187,-0.707106781187,0.E+000));
#317 = PCURVE('',#67,#318);
#318 = DEFINITIONAL_REPRESENTATION('',(#319),#323);
#319 = LINE('',#320,#321);
#320 = CARTESIAN_POINT('',(1.E-001,1.E-001));
#321 = VECTOR('',#322,1.);
#322 = DIRECTION('',(0.707106781187,-0.707106781187));
#323 = ( GEOMETRIC_REPRESENTATION_CONTEXT(2) 
PARAMETRIC_REPRESENTATION_CONTEXT() REPRESENTATION_CONTEXT('2D SPACE',''
  ) );
#324 = PCURVE('',#95,#325);
#325 = DEFINITIONAL_REPRESENTATION('',(#326),#330);
#326 = LINE('',#327,#328);
#327 = CARTESIAN_POINT('',(-6.8,5.887846720064E-017));
#328 = VECTOR('',#329,1.);
#329 = DIRECTION('',(-0.E+000,1.));
#330 = ( GEOMETRIC_REPRESENTATION_CONTEXT(2) 
PARAMETRIC_REPRESENTATION_CONTEXT() REPRESENTATION_CONTEXT('2D SPACE',''
  ) );
#331 = ORIENTED_EDGE('',*,*,#332,.T.);
#332 = EDGE_CURVE('',#310,#333,#335,.T.);
#333 = VERTEX_POINT('',#334);
#334 = CARTESIAN_POINT('',(-4.2,-8.326672684689E-017,-10.2));
#335 = SURFACE_CURVE('',#336,(#340,#347),.PCURVE_S1.);
#336 = LINE('',#337,#338);
#337 = CARTESIAN_POINT('',(-4.5,0.E+000,-10.2));
#338 = VECTOR('',#339,1.);
#339 = DIRECTION('',(1.,0.E+000,0.E+000));
#340 = PCURVE('',#67,#341);
#341 = DEFINITIONAL_REPRESENTATION('',(#342),#346);
#342 = LINE('',#343,#344);
#343 = CARTESIAN_POINT('',(0.E+000,0.E+000));
#344 = VECTOR('',#345,1.);
#345 = DIRECTION('',(1.,0.E+000));
#346 = ( GEOMETRIC_REPRESENTATION_CONTEXT(2) 
PARAMETRIC_REPRESENTATION_CONTEXT() REPRESENTATION_CONTEXT('2D SPACE',''
  ) );
#347 = PCURVE('',#348,#353);
#348 = PLANE('',#349);
#349 = AXIS2_PLACEMENT_3D('',#350,#351,#352);
#350 = CARTESIAN_POINT('',(-4.5,0.E+000,-17.));
#351 = DIRECTION('',(0.E+000,1.,0.E+000));
#352 = DIRECTION('',(0.E+000,0.E+000,1.));
#353 = DEFINITIONAL_REPRESENTATION('',(#354),#358);
#354 = LINE('',#355,#356);
#355 = CARTESIAN_POINT('',(6.8,0.E+000));
#356 = VECTOR('',#357,1.);
#357 = DIRECTION('',(0.E+000,1.));
#358 = ( GEOMETRIC_REPRESENTATION_CONTEXT(2) 
PARAMETRIC_REPRESENTATION_CONTEXT() REPRESENTATION_CONTEXT('2D SPACE',''
  ) );
#359 = ORIENTED_EDGE('',*,*,#360,.F.);
#360 = EDGE_CURVE('',#361,#333,#363,.T.);
#361 = VERTEX_POINT('',#362);
#362 = CARTESIAN_POINT('',(-4.,0.2,-10.2));
#363 = SURFACE_CURVE('',#364,(#368,#375),.PCURVE_S1.);
#364 = LINE('',#365,#366);
#365 = CARTESIAN_POINT('',(-4.225,-2.5E-002,-10.2));
#366 = VECTOR('',#367,1.);
#367 = DIRECTION('',(-0.707106781187,-0.707106781187,0.E+000));
#368 = PCURVE('',#67,#369);
#369 = DEFINITIONAL_REPRESENTATION('',(#370),#374);
#370 = LINE('',#371,#372);
#371 = CARTESIAN_POINT('',(0.275,-2.5E-002));
#372 = VECTOR('',#373,1.);
#373 = DIRECTION('',(-0.707106781187,-0.707106781187));
#374 = ( GEOMETRIC_REPRESENTATION_CONTEXT(2) 
PARAMETRIC_REPRESENTATION_CONTEXT() REPRESENTATION_CONTEXT('2D SPACE',''
  ) );
#375 = PCURVE('',#376,#381);
#376 = PLANE('',#377);
#377 = AXIS2_PLACEMENT_3D('',#378,#379,#380);
#378 = CARTESIAN_POINT('',(-4.1,0.1,-17.));
#379 = DIRECTION('',(-0.707106781187,0.707106781187,1.735417226645E-018)
  );
#380 = DIRECTION('',(-1.227125289148E-018,1.227125289148E-018,-1.));
#381 = DEFINITIONAL_REPRESENTATION('',(#382),#386);
#382 = LINE('',#383,#384);
#383 = CARTESIAN_POINT('',(-6.8,0.176776695297));
#384 = VECTOR('',#385,1.);
#385 = DIRECTION('',(-0.E+000,1.));
#386 = ( GEOMETRIC_REPRESENTATION_CONTEXT(2) 
PARAMETRIC_REPRESENTATION_CONTEXT() REPRESENTATION_CONTEXT('2D SPACE',''
  ) );
#387 = ORIENTED_EDGE('',*,*,#388,.T.);
#388 = EDGE_CURVE('',#361,#389,#391,.T.);
#389 = VERTEX_POINT('',#390);
#390 = CARTESIAN_POINT('',(-4.,0.699999999999,-10.2));
#391 = SURFACE_CURVE('',#392,(#396,#403),.PCURVE_S1.);
#392 = LINE('',#393,#394);
#393 = CARTESIAN_POINT('',(-4.,0.E+000,-10.2));
#394 = VECTOR('',#395,1.);
#395 = DIRECTION('',(0.E+000,1.,0.E+000));
#396 = PCURVE('',#67,#397);
#397 = DEFINITIONAL_REPRESENTATION('',(#398),#402);
#398 = LINE('',#399,#400);
#399 = CARTESIAN_POINT('',(0.5,0.E+000));
#400 = VECTOR('',#401,1.);
#401 = DIRECTION('',(0.E+000,1.));
#402 = ( GEOMETRIC_REPRESENTATION_CONTEXT(2) 
PARAMETRIC_REPRESENTATION_CONTEXT() REPRESENTATION_CONTEXT('2D SPACE',''
  ) );
#403 = PCURVE('',#404,#409);
#404 = PLANE('',#405);
#405 = AXIS2_PLACEMENT_3D('',#406,#407,#408);
#406 = CARTESIAN_POINT('',(-4.,0.E+000,-17.));
#407 = DIRECTION('',(1.,0.E+000,0.E+000));
#408 = DIRECTION('',(0.E+000,0.E+000,1.));
#409 = DEFINITIONAL_REPRESENTATION('',(#410),#414);
#410 = LINE('',#411,#412);
#411 = CARTESIAN_POINT('',(6.8,0.E+000));
#412 = VECTOR('',#413,1.);
#413 = DIRECTION('',(0.E+000,-1.));
#414 = ( GEOMETRIC_REPRESENTATION_CONTEXT(2) 
PARAMETRIC_REPRESENTATION_CONTEXT() REPRESENTATION_CONTEXT('2D SPACE',''
  ) );
#415 = ORIENTED_EDGE('',*,*,#416,.F.);
#416 = EDGE_CURVE('',#417,#389,#419,.T.);
#417 = VERTEX_POINT('',#418);
#418 = CARTESIAN_POINT('',(-4.1,0.799999999999,-10.2));
#419 = SURFACE_CURVE('',#420,(#424,#431),.PCURVE_S1.);
#420 = LINE('',#421,#422);
#421 = CARTESIAN_POINT('',(-3.975000000001,0.675,-10.2));
#422 = VECTOR('',#423,1.);
#423 = DIRECTION('',(0.707106781187,-0.707106781187,0.E+000));
#424 = PCURVE('',#67,#425);
#425 = DEFINITIONAL_REPRESENTATION('',(#426),#430);
#426 = LINE('',#427,#428);
#427 = CARTESIAN_POINT('',(0.524999999999,0.675));
#428 = VECTOR('',#429,1.);
#429 = DIRECTION('',(0.707106781187,-0.707106781187));
#430 = ( GEOMETRIC_REPRESENTATION_CONTEXT(2) 
PARAMETRIC_REPRESENTATION_CONTEXT() REPRESENTATION_CONTEXT('2D SPACE',''
  ) );
#431 = PCURVE('',#432,#437);
#432 = PLANE('',#433);
#433 = AXIS2_PLACEMENT_3D('',#434,#435,#436);
#434 = CARTESIAN_POINT('',(-4.05,0.750000000001,-13.5));
#435 = DIRECTION('',(0.707106781187,0.707106781187,4.850398840424E-013)
  );
#436 = DIRECTION('',(4.561132892953E-018,-6.859545434375E-013,1.));
#437 = DEFINITIONAL_REPRESENTATION('',(#438),#442);
#438 = LINE('',#439,#440);
#439 = CARTESIAN_POINT('',(3.3,0.106066017177));
#440 = VECTOR('',#441,1.);
#441 = DIRECTION('',(4.850463344584E-013,1.));
#442 = ( GEOMETRIC_REPRESENTATION_CONTEXT(2) 
PARAMETRIC_REPRESENTATION_CONTEXT() REPRESENTATION_CONTEXT('2D SPACE',''
  ) );
#443 = ORIENTED_EDGE('',*,*,#444,.T.);
#444 = EDGE_CURVE('',#417,#445,#447,.T.);
#445 = VERTEX_POINT('',#446);
#446 = CARTESIAN_POINT('',(-4.4,0.799999999999,-10.2));
#447 = SURFACE_CURVE('',#448,(#452,#458),.PCURVE_S1.);
#448 = LINE('',#449,#450);
#449 = CARTESIAN_POINT('',(-4.5,0.799999999999,-10.2));
#450 = VECTOR('',#451,1.);
#451 = DIRECTION('',(-1.,0.E+000,0.E+000));
#452 = PCURVE('',#67,#453);
#453 = DEFINITIONAL_REPRESENTATION('',(#454),#457);
#454 = B_SPLINE_CURVE_WITH_KNOTS('',1,(#455,#456),.UNSPECIFIED.,.F.,.F.,
  (2,2),(-0.55,5.E-002),.PIECEWISE_BEZIER_KNOTS.);
#455 = CARTESIAN_POINT('',(0.55,0.799999999999));
#456 = CARTESIAN_POINT('',(-5.E-002,0.799999999999));
#457 = ( GEOMETRIC_REPRESENTATION_CONTEXT(2) 
PARAMETRIC_REPRESENTATION_CONTEXT() REPRESENTATION_CONTEXT('2D SPACE',''
  ) );
#458 = PCURVE('',#459,#464);
#459 = PLANE('',#460);
#460 = AXIS2_PLACEMENT_3D('',#461,#462,#463);
#461 = CARTESIAN_POINT('',(-4.5,0.799999999998,-8.989895155838));
#462 = DIRECTION('',(0.E+000,1.,6.859591045704E-013));
#463 = DIRECTION('',(0.E+000,6.859591045704E-013,-1.));
#464 = DEFINITIONAL_REPRESENTATION('',(#465),#468);
#465 = B_SPLINE_CURVE_WITH_KNOTS('',1,(#466,#467),.UNSPECIFIED.,.F.,.F.,
  (2,2),(-0.55,5.E-002),.PIECEWISE_BEZIER_KNOTS.);
#466 = CARTESIAN_POINT('',(1.210104844162,-0.55));
#467 = CARTESIAN_POINT('',(1.210104844162,5.E-002));
#468 = ( GEOMETRIC_REPRESENTATION_CONTEXT(2) 
PARAMETRIC_REPRESENTATION_CONTEXT() REPRESENTATION_CONTEXT('2D SPACE',''
  ) );
#469 = ORIENTED_EDGE('',*,*,#470,.F.);
#470 = EDGE_CURVE('',#47,#445,#471,.T.);
#471 = SURFACE_CURVE('',#472,(#476,#483),.PCURVE_S1.);
#472 = LINE('',#473,#474);
#473 = CARTESIAN_POINT('',(-4.65,0.549999999999,-10.2));
#474 = VECTOR('',#475,1.);
#475 = DIRECTION('',(0.707106781187,0.707106781187,0.E+000));
#476 = PCURVE('',#67,#477);
#477 = DEFINITIONAL_REPRESENTATION('',(#478),#482);
#478 = LINE('',#479,#480);
#479 = CARTESIAN_POINT('',(-0.15,0.549999999999));
#480 = VECTOR('',#481,1.);
#481 = DIRECTION('',(0.707106781187,0.707106781187));
#482 = ( GEOMETRIC_REPRESENTATION_CONTEXT(2) 
PARAMETRIC_REPRESENTATION_CONTEXT() REPRESENTATION_CONTEXT('2D SPACE',''
  ) );
#483 = PCURVE('',#262,#484);
#484 = DEFINITIONAL_REPRESENTATION('',(#485),#489);
#485 = LINE('',#486,#487);
#486 = CARTESIAN_POINT('',(-1.727189577019E-013,-0.282842712474));
#487 = VECTOR('',#488,1.);
#488 = DIRECTION('',(4.850463344584E-013,1.));
#489 = ( GEOMETRIC_REPRESENTATION_CONTEXT(2) 
PARAMETRIC_REPRESENTATION_CONTEXT() REPRESENTATION_CONTEXT('2D SPACE',''
  ) );
#490 = ADVANCED_FACE('',(#491),#262,.F.);
#491 = FACE_BOUND('',#492,.F.);
#492 = EDGE_LOOP('',(#493,#494,#495,#516));
#493 = ORIENTED_EDGE('',*,*,#470,.F.);
#494 = ORIENTED_EDGE('',*,*,#248,.T.);
#495 = ORIENTED_EDGE('',*,*,#496,.T.);
#496 = EDGE_CURVE('',#220,#497,#499,.T.);
#497 = VERTEX_POINT('',#498);
#498 = CARTESIAN_POINT('',(-4.4,0.800000000001,-13.5));
#499 = SURFACE_CURVE('',#500,(#504,#510),.PCURVE_S1.);
#500 = LINE('',#501,#502);
#501 = CARTESIAN_POINT('',(-4.45,0.750000000001,-13.5));
#502 = VECTOR('',#503,1.);
#503 = DIRECTION('',(0.707106781187,0.707106781187,4.850463344584E-013)
  );
#504 = PCURVE('',#262,#505);
#505 = DEFINITIONAL_REPRESENTATION('',(#506),#509);
#506 = B_SPLINE_CURVE_WITH_KNOTS('',1,(#507,#508),.UNSPECIFIED.,.F.,.F.,
  (2,2),(-7.071067811865E-002,7.071067811865E-002),
  .PIECEWISE_BEZIER_KNOTS.);
#507 = CARTESIAN_POINT('',(3.3,-7.071067811865E-002));
#508 = CARTESIAN_POINT('',(3.3,7.071067811865E-002));
#509 = ( GEOMETRIC_REPRESENTATION_CONTEXT(2) 
PARAMETRIC_REPRESENTATION_CONTEXT() REPRESENTATION_CONTEXT('2D SPACE',''
  ) );
#510 = PCURVE('',#236,#511);
#511 = DEFINITIONAL_REPRESENTATION('',(#512),#515);
#512 = B_SPLINE_CURVE_WITH_KNOTS('',1,(#513,#514),.UNSPECIFIED.,.F.,.F.,
  (2,2),(-7.071067811865E-002,7.071067811865E-002),
  .PIECEWISE_BEZIER_KNOTS.);
#513 = CARTESIAN_POINT('',(8.881784197001E-016,0.1));
#514 = CARTESIAN_POINT('',(8.881784197001E-016,2.15887713069E-016));
#515 = ( GEOMETRIC_REPRESENTATION_CONTEXT(2) 
PARAMETRIC_REPRESENTATION_CONTEXT() REPRESENTATION_CONTEXT('2D SPACE',''
  ) );
#516 = ORIENTED_EDGE('',*,*,#517,.F.);
#517 = EDGE_CURVE('',#445,#497,#518,.T.);
#518 = SURFACE_CURVE('',#519,(#523,#530),.PCURVE_S1.);
#519 = LINE('',#520,#521);
#520 = CARTESIAN_POINT('',(-4.4,0.799999999999,-10.2));
#521 = VECTOR('',#522,1.);
#522 = DIRECTION('',(0.E+000,6.859591045704E-013,-1.));
#523 = PCURVE('',#262,#524);
#524 = DEFINITIONAL_REPRESENTATION('',(#525),#529);
#525 = LINE('',#526,#527);
#526 = CARTESIAN_POINT('',(-1.7763568394E-015,7.071067811865E-002));
#527 = VECTOR('',#528,1.);
#528 = DIRECTION('',(1.,0.E+000));
#529 = ( GEOMETRIC_REPRESENTATION_CONTEXT(2) 
PARAMETRIC_REPRESENTATION_CONTEXT() REPRESENTATION_CONTEXT('2D SPACE',''
  ) );
#530 = PCURVE('',#459,#531);
#531 = DEFINITIONAL_REPRESENTATION('',(#532),#536);
#532 = LINE('',#533,#534);
#533 = CARTESIAN_POINT('',(1.210104844162,-1.E-001));
#534 = VECTOR('',#535,1.);
#535 = DIRECTION('',(1.,0.E+000));
#536 = ( GEOMETRIC_REPRESENTATION_CONTEXT(2) 
PARAMETRIC_REPRESENTATION_CONTEXT() REPRESENTATION_CONTEXT('2D SPACE',''
  ) );
#537 = ADVANCED_FACE('',(#538),#95,.T.);
#538 = FACE_BOUND('',#539,.F.);
#539 = EDGE_LOOP('',(#540,#541,#542,#565));
#540 = ORIENTED_EDGE('',*,*,#79,.T.);
#541 = ORIENTED_EDGE('',*,*,#309,.T.);
#542 = ORIENTED_EDGE('',*,*,#543,.F.);
#543 = EDGE_CURVE('',#544,#310,#546,.T.);
#544 = VERTEX_POINT('',#545);
#545 = CARTESIAN_POINT('',(-4.3,6.036837696399E-016,-16.8));
#546 = SURFACE_CURVE('',#547,(#551,#558),.PCURVE_S1.);
#547 = LINE('',#548,#549);
#548 = CARTESIAN_POINT('',(-4.3,0.E+000,-17.));
#549 = VECTOR('',#550,1.);
#550 = DIRECTION('',(0.E+000,0.E+000,1.));
#551 = PCURVE('',#95,#552);
#552 = DEFINITIONAL_REPRESENTATION('',(#553),#557);
#553 = LINE('',#554,#555);
#554 = CARTESIAN_POINT('',(-0.E+000,0.141421356237));
#555 = VECTOR('',#556,1.);
#556 = DIRECTION('',(-1.,0.E+000));
#557 = ( GEOMETRIC_REPRESENTATION_CONTEXT(2) 
PARAMETRIC_REPRESENTATION_CONTEXT() REPRESENTATION_CONTEXT('2D SPACE',''
  ) );
#558 = PCURVE('',#348,#559);
#559 = DEFINITIONAL_REPRESENTATION('',(#560),#564);
#560 = LINE('',#561,#562);
#561 = CARTESIAN_POINT('',(0.E+000,0.2));
#562 = VECTOR('',#563,1.);
#563 = DIRECTION('',(1.,0.E+000));
#564 = ( GEOMETRIC_REPRESENTATION_CONTEXT(2) 
PARAMETRIC_REPRESENTATION_CONTEXT() REPRESENTATION_CONTEXT('2D SPACE',''
  ) );
#565 = ORIENTED_EDGE('',*,*,#566,.F.);
#566 = EDGE_CURVE('',#80,#544,#567,.T.);
#567 = SURFACE_CURVE('',#568,(#572,#579),.PCURVE_S1.);
#568 = LINE('',#569,#570);
#569 = CARTESIAN_POINT('',(-4.4,0.1,-16.8));
#570 = VECTOR('',#571,1.);
#571 = DIRECTION('',(0.707106781187,-0.707106781187,2.884444029575E-015)
  );
#572 = PCURVE('',#95,#573);
#573 = DEFINITIONAL_REPRESENTATION('',(#574),#578);
#574 = LINE('',#575,#576);
#575 = CARTESIAN_POINT('',(-0.2,-2.15887713069E-016));
#576 = VECTOR('',#577,1.);
#577 = DIRECTION('',(-2.884444029575E-015,1.));
#578 = ( GEOMETRIC_REPRESENTATION_CONTEXT(2) 
PARAMETRIC_REPRESENTATION_CONTEXT() REPRESENTATION_CONTEXT('2D SPACE',''
  ) );
#579 = PCURVE('',#580,#585);
#580 = PLANE('',#581);
#581 = AXIS2_PLACEMENT_3D('',#582,#583,#584);
#582 = CARTESIAN_POINT('',(-4.3,0.2,-17.));
#583 = DIRECTION('',(-0.57735026919,-0.57735026919,-0.57735026919));
#584 = DIRECTION('',(0.707106781187,-0.707106781187,0.E+000));
#585 = DEFINITIONAL_REPRESENTATION('',(#586),#590);
#586 = LINE('',#587,#588);
#587 = CARTESIAN_POINT('',(-7.077671781985E-016,0.244948974278));
#588 = VECTOR('',#589,1.);
#589 = DIRECTION('',(1.,3.520872863882E-015));
#590 = ( GEOMETRIC_REPRESENTATION_CONTEXT(2) 
PARAMETRIC_REPRESENTATION_CONTEXT() REPRESENTATION_CONTEXT('2D SPACE',''
  ) );
#591 = ADVANCED_FACE('',(#592),#236,.F.);
#592 = FACE_BOUND('',#593,.F.);
#593 = EDGE_LOOP('',(#594,#595,#596,#617));
#594 = ORIENTED_EDGE('',*,*,#496,.F.);
#595 = ORIENTED_EDGE('',*,*,#219,.T.);
#596 = ORIENTED_EDGE('',*,*,#597,.T.);
#597 = EDGE_CURVE('',#192,#598,#600,.T.);
#598 = VERTEX_POINT('',#599);
#599 = CARTESIAN_POINT('',(-4.4,1.999999999999,-13.5));
#600 = SURFACE_CURVE('',#601,(#605,#611),.PCURVE_S1.);
#601 = LINE('',#602,#603);
#602 = CARTESIAN_POINT('',(-4.4,1.999999999999,-13.5));
#603 = VECTOR('',#604,1.);
#604 = DIRECTION('',(0.707106781187,-0.707106781187,8.65956054376E-017)
  );
#605 = PCURVE('',#236,#606);
#606 = DEFINITIONAL_REPRESENTATION('',(#607),#610);
#607 = B_SPLINE_CURVE_WITH_KNOTS('',1,(#608,#609),.UNSPECIFIED.,.F.,.F.,
  (2,2),(-0.141421356237,0.E+000),.PIECEWISE_BEZIER_KNOTS.);
#608 = CARTESIAN_POINT('',(-3.14159265359,0.1));
#609 = CARTESIAN_POINT('',(-3.14159265359,0.E+000));
#610 = ( GEOMETRIC_REPRESENTATION_CONTEXT(2) 
PARAMETRIC_REPRESENTATION_CONTEXT() REPRESENTATION_CONTEXT('2D SPACE',''
  ) );
#611 = PCURVE('',#207,#612);
#612 = DEFINITIONAL_REPRESENTATION('',(#613),#616);
#613 = B_SPLINE_CURVE_WITH_KNOTS('',1,(#614,#615),.UNSPECIFIED.,.F.,.F.,
  (2,2),(-0.141421356237,0.E+000),.PIECEWISE_BEZIER_KNOTS.);
#614 = CARTESIAN_POINT('',(0.E+000,-7.071067811865E-002));
#615 = CARTESIAN_POINT('',(0.E+000,7.071067811865E-002));
#616 = ( GEOMETRIC_REPRESENTATION_CONTEXT(2) 
PARAMETRIC_REPRESENTATION_CONTEXT() REPRESENTATION_CONTEXT('2D SPACE',''
  ) );
#617 = ORIENTED_EDGE('',*,*,#618,.F.);
#618 = EDGE_CURVE('',#497,#598,#619,.T.);
#619 = SURFACE_CURVE('',#620,(#625,#632),.PCURVE_S1.);
#620 = CIRCLE('',#621,0.599999999999);
#621 = AXIS2_PLACEMENT_3D('',#622,#623,#624);
#622 = CARTESIAN_POINT('',(-4.4,1.4,-13.5));
#623 = DIRECTION('',(1.,0.E+000,0.E+000));
#624 = DIRECTION('',(0.E+000,-1.,-1.243449787583E-013));
#625 = PCURVE('',#236,#626);
#626 = DEFINITIONAL_REPRESENTATION('',(#627),#631);
#627 = LINE('',#628,#629);
#628 = CARTESIAN_POINT('',(-0.E+000,-0.E+000));
#629 = VECTOR('',#630,1.);
#630 = DIRECTION('',(-1.,-0.E+000));
#631 = ( GEOMETRIC_REPRESENTATION_CONTEXT(2) 
PARAMETRIC_REPRESENTATION_CONTEXT() REPRESENTATION_CONTEXT('2D SPACE',''
  ) );
#632 = PCURVE('',#633,#638);
#633 = CYLINDRICAL_SURFACE('',#634,0.599999999999);
#634 = AXIS2_PLACEMENT_3D('',#635,#636,#637);
#635 = CARTESIAN_POINT('',(-4.5,1.4,-13.5));
#636 = DIRECTION('',(-1.,0.E+000,0.E+000));
#637 = DIRECTION('',(0.E+000,-1.,0.E+000));
#638 = DEFINITIONAL_REPRESENTATION('',(#639),#643);
#639 = LINE('',#640,#641);
#640 = CARTESIAN_POINT('',(6.283185307179,-1.E-001));
#641 = VECTOR('',#642,1.);
#642 = DIRECTION('',(-1.,-0.E+000));
#643 = ( GEOMETRIC_REPRESENTATION_CONTEXT(2) 
PARAMETRIC_REPRESENTATION_CONTEXT() REPRESENTATION_CONTEXT('2D SPACE',''
  ) );
#644 = ADVANCED_FACE('',(#645),#123,.T.);
#645 = FACE_BOUND('',#646,.T.);
#646 = EDGE_LOOP('',(#647,#670,#671,#699));
#647 = ORIENTED_EDGE('',*,*,#648,.T.);
#648 = EDGE_CURVE('',#649,#80,#651,.T.);
#649 = VERTEX_POINT('',#650);
#650 = CARTESIAN_POINT('',(-4.3,0.2,-17.));
#651 = SURFACE_CURVE('',#652,(#656,#663),.PCURVE_S1.);
#652 = LINE('',#653,#654);
#653 = CARTESIAN_POINT('',(-4.35,0.2,-16.95));
#654 = VECTOR('',#655,1.);
#655 = DIRECTION('',(-0.707106781187,-8.461035820088E-015,0.707106781187
    ));
#656 = PCURVE('',#123,#657);
#657 = DEFINITIONAL_REPRESENTATION('',(#658),#662);
#658 = LINE('',#659,#660);
#659 = CARTESIAN_POINT('',(0.2,7.071067811866E-002));
#660 = VECTOR('',#661,1.);
#661 = DIRECTION('',(-8.461035820088E-015,-1.));
#662 = ( GEOMETRIC_REPRESENTATION_CONTEXT(2) 
PARAMETRIC_REPRESENTATION_CONTEXT() REPRESENTATION_CONTEXT('2D SPACE',''
  ) );
#663 = PCURVE('',#580,#664);
#664 = DEFINITIONAL_REPRESENTATION('',(#665),#669);
#665 = LINE('',#666,#667);
#666 = CARTESIAN_POINT('',(-3.535533905933E-002,6.123724356958E-002));
#667 = VECTOR('',#668,1.);
#668 = DIRECTION('',(-0.5,0.866025403784));
#669 = ( GEOMETRIC_REPRESENTATION_CONTEXT(2) 
PARAMETRIC_REPRESENTATION_CONTEXT() REPRESENTATION_CONTEXT('2D SPACE',''
  ) );
#670 = ORIENTED_EDGE('',*,*,#107,.T.);
#671 = ORIENTED_EDGE('',*,*,#672,.F.);
#672 = EDGE_CURVE('',#673,#108,#675,.T.);
#673 = VERTEX_POINT('',#674);
#674 = CARTESIAN_POINT('',(-4.3,2.6,-17.));
#675 = SURFACE_CURVE('',#676,(#680,#687),.PCURVE_S1.);
#676 = LINE('',#677,#678);
#677 = CARTESIAN_POINT('',(-4.35,2.6,-16.95));
#678 = VECTOR('',#679,1.);
#679 = DIRECTION('',(-0.707106781187,6.249628730747E-015,0.707106781187)
  );
#680 = PCURVE('',#123,#681);
#681 = DEFINITIONAL_REPRESENTATION('',(#682),#686);
#682 = LINE('',#683,#684);
#683 = CARTESIAN_POINT('',(2.6,7.071067811866E-002));
#684 = VECTOR('',#685,1.);
#685 = DIRECTION('',(6.249628730747E-015,-1.));
#686 = ( GEOMETRIC_REPRESENTATION_CONTEXT(2) 
PARAMETRIC_REPRESENTATION_CONTEXT() REPRESENTATION_CONTEXT('2D SPACE',''
  ) );
#687 = PCURVE('',#688,#693);
#688 = PLANE('',#689);
#689 = AXIS2_PLACEMENT_3D('',#690,#691,#692);
#690 = CARTESIAN_POINT('',(-4.3,2.6,-17.));
#691 = DIRECTION('',(0.57735026919,-0.57735026919,0.57735026919));
#692 = DIRECTION('',(0.707106781187,0.707106781187,0.E+000));
#693 = DEFINITIONAL_REPRESENTATION('',(#694),#698);
#694 = LINE('',#695,#696);
#695 = CARTESIAN_POINT('',(-3.535533905932E-002,6.123724356958E-002));
#696 = VECTOR('',#697,1.);
#697 = DIRECTION('',(-0.5,0.866025403784));
#698 = ( GEOMETRIC_REPRESENTATION_CONTEXT(2) 
PARAMETRIC_REPRESENTATION_CONTEXT() REPRESENTATION_CONTEXT('2D SPACE',''
  ) );
#699 = ORIENTED_EDGE('',*,*,#700,.F.);
#700 = EDGE_CURVE('',#649,#673,#701,.T.);
#701 = SURFACE_CURVE('',#702,(#706,#713),.PCURVE_S1.);
#702 = LINE('',#703,#704);
#703 = CARTESIAN_POINT('',(-4.3,0.E+000,-17.));
#704 = VECTOR('',#705,1.);
#705 = DIRECTION('',(0.E+000,1.,0.E+000));
#706 = PCURVE('',#123,#707);
#707 = DEFINITIONAL_REPRESENTATION('',(#708),#712);
#708 = LINE('',#709,#710);
#709 = CARTESIAN_POINT('',(0.E+000,0.141421356237));
#710 = VECTOR('',#711,1.);
#711 = DIRECTION('',(1.,0.E+000));
#712 = ( GEOMETRIC_REPRESENTATION_CONTEXT(2) 
PARAMETRIC_REPRESENTATION_CONTEXT() REPRESENTATION_CONTEXT('2D SPACE',''
  ) );
#713 = PCURVE('',#714,#719);
#714 = PLANE('',#715);
#715 = AXIS2_PLACEMENT_3D('',#716,#717,#718);
#716 = CARTESIAN_POINT('',(-4.5,0.E+000,-17.));
#717 = DIRECTION('',(0.E+000,0.E+000,1.));
#718 = DIRECTION('',(1.,0.E+000,0.E+000));
#719 = DEFINITIONAL_REPRESENTATION('',(#720),#724);
#720 = LINE('',#721,#722);
#721 = CARTESIAN_POINT('',(0.2,0.E+000));
#722 = VECTOR('',#723,1.);
#723 = DIRECTION('',(0.E+000,1.));
#724 = ( GEOMETRIC_REPRESENTATION_CONTEXT(2) 
PARAMETRIC_REPRESENTATION_CONTEXT() REPRESENTATION_CONTEXT('2D SPACE',''
  ) );
#725 = ADVANCED_FACE('',(#726),#207,.T.);
#726 = FACE_BOUND('',#727,.F.);
#727 = EDGE_LOOP('',(#728,#729,#730,#753));
#728 = ORIENTED_EDGE('',*,*,#597,.F.);
#729 = ORIENTED_EDGE('',*,*,#191,.T.);
#730 = ORIENTED_EDGE('',*,*,#731,.T.);
#731 = EDGE_CURVE('',#164,#732,#734,.T.);
#732 = VERTEX_POINT('',#733);
#733 = CARTESIAN_POINT('',(-4.4,1.999999999999,-10.2));
#734 = SURFACE_CURVE('',#735,(#739,#746),.PCURVE_S1.);
#735 = LINE('',#736,#737);
#736 = CARTESIAN_POINT('',(-3.95,1.549999999999,-10.2));
#737 = VECTOR('',#738,1.);
#738 = DIRECTION('',(0.707106781187,-0.707106781187,0.E+000));
#739 = PCURVE('',#207,#740);
#740 = DEFINITIONAL_REPRESENTATION('',(#741),#745);
#741 = LINE('',#742,#743);
#742 = CARTESIAN_POINT('',(-3.3,0.707106781186));
#743 = VECTOR('',#744,1.);
#744 = DIRECTION('',(-0.E+000,1.));
#745 = ( GEOMETRIC_REPRESENTATION_CONTEXT(2) 
PARAMETRIC_REPRESENTATION_CONTEXT() REPRESENTATION_CONTEXT('2D SPACE',''
  ) );
#746 = PCURVE('',#179,#747);
#747 = DEFINITIONAL_REPRESENTATION('',(#748),#752);
#748 = LINE('',#749,#750);
#749 = CARTESIAN_POINT('',(0.55,1.549999999999));
#750 = VECTOR('',#751,1.);
#751 = DIRECTION('',(0.707106781187,-0.707106781187));
#752 = ( GEOMETRIC_REPRESENTATION_CONTEXT(2) 
PARAMETRIC_REPRESENTATION_CONTEXT() REPRESENTATION_CONTEXT('2D SPACE',''
  ) );
#753 = ORIENTED_EDGE('',*,*,#754,.F.);
#754 = EDGE_CURVE('',#598,#732,#755,.T.);
#755 = SURFACE_CURVE('',#756,(#760,#767),.PCURVE_S1.);
#756 = LINE('',#757,#758);
#757 = CARTESIAN_POINT('',(-4.4,1.999999999999,-13.5));
#758 = VECTOR('',#759,1.);
#759 = DIRECTION('',(0.E+000,0.E+000,1.));
#760 = PCURVE('',#207,#761);
#761 = DEFINITIONAL_REPRESENTATION('',(#762),#766);
#762 = LINE('',#763,#764);
#763 = CARTESIAN_POINT('',(-0.E+000,7.071067811865E-002));
#764 = VECTOR('',#765,1.);
#765 = DIRECTION('',(-1.,0.E+000));
#766 = ( GEOMETRIC_REPRESENTATION_CONTEXT(2) 
PARAMETRIC_REPRESENTATION_CONTEXT() REPRESENTATION_CONTEXT('2D SPACE',''
  ) );
#767 = PCURVE('',#768,#773);
#768 = PLANE('',#769);
#769 = AXIS2_PLACEMENT_3D('',#770,#771,#772);
#770 = CARTESIAN_POINT('',(-4.5,1.999999999999,-8.989895155837));
#771 = DIRECTION('',(0.E+000,1.,0.E+000));
#772 = DIRECTION('',(0.E+000,0.E+000,-1.));
#773 = DEFINITIONAL_REPRESENTATION('',(#774),#778);
#774 = LINE('',#775,#776);
#775 = CARTESIAN_POINT('',(4.510104844163,-1.E-001));
#776 = VECTOR('',#777,1.);
#777 = DIRECTION('',(-1.,0.E+000));
#778 = ( GEOMETRIC_REPRESENTATION_CONTEXT(2) 
PARAMETRIC_REPRESENTATION_CONTEXT() REPRESENTATION_CONTEXT('2D SPACE',''
  ) );
#779 = ADVANCED_FACE('',(#780),#151,.F.);
#780 = FACE_BOUND('',#781,.T.);
#781 = EDGE_LOOP('',(#782,#783,#806,#834));
#782 = ORIENTED_EDGE('',*,*,#135,.T.);
#783 = ORIENTED_EDGE('',*,*,#784,.T.);
#784 = EDGE_CURVE('',#136,#785,#787,.T.);
#785 = VERTEX_POINT('',#786);
#786 = CARTESIAN_POINT('',(-4.3,2.8,-10.2));
#787 = SURFACE_CURVE('',#788,(#792,#799),.PCURVE_S1.);
#788 = LINE('',#789,#790);
#789 = CARTESIAN_POINT('',(-5.1,2.,-10.2));
#790 = VECTOR('',#791,1.);
#791 = DIRECTION('',(0.707106781187,0.707106781187,0.E+000));
#792 = PCURVE('',#151,#793);
#793 = DEFINITIONAL_REPRESENTATION('',(#794),#798);
#794 = LINE('',#795,#796);
#795 = CARTESIAN_POINT('',(-6.8,-0.989949493661));
#796 = VECTOR('',#797,1.);
#797 = DIRECTION('',(-0.E+000,1.));
#798 = ( GEOMETRIC_REPRESENTATION_CONTEXT(2) 
PARAMETRIC_REPRESENTATION_CONTEXT() REPRESENTATION_CONTEXT('2D SPACE',''
  ) );
#799 = PCURVE('',#179,#800);
#800 = DEFINITIONAL_REPRESENTATION('',(#801),#805);
#801 = LINE('',#802,#803);
#802 = CARTESIAN_POINT('',(-0.6,2.));
#803 = VECTOR('',#804,1.);
#804 = DIRECTION('',(0.707106781187,0.707106781187));
#805 = ( GEOMETRIC_REPRESENTATION_CONTEXT(2) 
PARAMETRIC_REPRESENTATION_CONTEXT() REPRESENTATION_CONTEXT('2D SPACE',''
  ) );
#806 = ORIENTED_EDGE('',*,*,#807,.F.);
#807 = EDGE_CURVE('',#808,#785,#810,.T.);
#808 = VERTEX_POINT('',#809);
#809 = CARTESIAN_POINT('',(-4.3,2.8,-16.8));
#810 = SURFACE_CURVE('',#811,(#815,#822),.PCURVE_S1.);
#811 = LINE('',#812,#813);
#812 = CARTESIAN_POINT('',(-4.3,2.8,-17.));
#813 = VECTOR('',#814,1.);
#814 = DIRECTION('',(0.E+000,0.E+000,1.));
#815 = PCURVE('',#151,#816);
#816 = DEFINITIONAL_REPRESENTATION('',(#817),#821);
#817 = LINE('',#818,#819);
#818 = CARTESIAN_POINT('',(-0.E+000,0.141421356237));
#819 = VECTOR('',#820,1.);
#820 = DIRECTION('',(-1.,0.E+000));
#821 = ( GEOMETRIC_REPRESENTATION_CONTEXT(2) 
PARAMETRIC_REPRESENTATION_CONTEXT() REPRESENTATION_CONTEXT('2D SPACE',''
  ) );
#822 = PCURVE('',#823,#828);
#823 = PLANE('',#824);
#824 = AXIS2_PLACEMENT_3D('',#825,#826,#827);
#825 = CARTESIAN_POINT('',(-4.5,2.8,-17.));
#826 = DIRECTION('',(0.E+000,1.,0.E+000));
#827 = DIRECTION('',(0.E+000,0.E+000,1.));
#828 = DEFINITIONAL_REPRESENTATION('',(#829),#833);
#829 = LINE('',#830,#831);
#830 = CARTESIAN_POINT('',(0.E+000,0.2));
#831 = VECTOR('',#832,1.);
#832 = DIRECTION('',(1.,0.E+000));
#833 = ( GEOMETRIC_REPRESENTATION_CONTEXT(2) 
PARAMETRIC_REPRESENTATION_CONTEXT() REPRESENTATION_CONTEXT('2D SPACE',''
  ) );
#834 = ORIENTED_EDGE('',*,*,#835,.F.);
#835 = EDGE_CURVE('',#108,#808,#836,.T.);
#836 = SURFACE_CURVE('',#837,(#841,#848),.PCURVE_S1.);
#837 = LINE('',#838,#839);
#838 = CARTESIAN_POINT('',(-4.4,2.7,-16.8));
#839 = VECTOR('',#840,1.);
#840 = DIRECTION('',(0.707106781187,0.707106781187,-1.634518283426E-015)
  );
#841 = PCURVE('',#151,#842);
#842 = DEFINITIONAL_REPRESENTATION('',(#843),#847);
#843 = LINE('',#844,#845);
#844 = CARTESIAN_POINT('',(-0.2,3.140184917368E-016));
#845 = VECTOR('',#846,1.);
#846 = DIRECTION('',(1.634518283426E-015,1.));
#847 = ( GEOMETRIC_REPRESENTATION_CONTEXT(2) 
PARAMETRIC_REPRESENTATION_CONTEXT() REPRESENTATION_CONTEXT('2D SPACE',''
  ) );
#848 = PCURVE('',#688,#849);
#849 = DEFINITIONAL_REPRESENTATION('',(#850),#854);
#850 = LINE('',#851,#852);
#851 = CARTESIAN_POINT('',(4.801714581504E-016,0.244948974278));
#852 = VECTOR('',#853,1.);
#853 = DIRECTION('',(1.,-2.000712404656E-015));
#854 = ( GEOMETRIC_REPRESENTATION_CONTEXT(2) 
PARAMETRIC_REPRESENTATION_CONTEXT() REPRESENTATION_CONTEXT('2D SPACE',''
  ) );
#855 = ADVANCED_FACE('',(#856),#179,.T.);
#856 = FACE_BOUND('',#857,.T.);
#857 = EDGE_LOOP('',(#858,#859,#860,#881,#909,#932,#960,#981));
#858 = ORIENTED_EDGE('',*,*,#163,.F.);
#859 = ORIENTED_EDGE('',*,*,#731,.T.);
#860 = ORIENTED_EDGE('',*,*,#861,.F.);
#861 = EDGE_CURVE('',#862,#732,#864,.T.);
#862 = VERTEX_POINT('',#863);
#863 = CARTESIAN_POINT('',(-4.1,1.999999999999,-10.2));
#864 = SURFACE_CURVE('',#865,(#869,#875),.PCURVE_S1.);
#865 = LINE('',#866,#867);
#866 = CARTESIAN_POINT('',(-4.5,1.999999999999,-10.2));
#867 = VECTOR('',#868,1.);
#868 = DIRECTION('',(-1.,0.E+000,0.E+000));
#869 = PCURVE('',#179,#870);
#870 = DEFINITIONAL_REPRESENTATION('',(#871),#874);
#871 = B_SPLINE_CURVE_WITH_KNOTS('',1,(#872,#873),.UNSPECIFIED.,.F.,.F.,
  (2,2),(-0.55,5.E-002),.PIECEWISE_BEZIER_KNOTS.);
#872 = CARTESIAN_POINT('',(0.55,1.999999999999));
#873 = CARTESIAN_POINT('',(-5.E-002,1.999999999999));
#874 = ( GEOMETRIC_REPRESENTATION_CONTEXT(2) 
PARAMETRIC_REPRESENTATION_CONTEXT() REPRESENTATION_CONTEXT('2D SPACE',''
  ) );
#875 = PCURVE('',#768,#876);
#876 = DEFINITIONAL_REPRESENTATION('',(#877),#880);
#877 = B_SPLINE_CURVE_WITH_KNOTS('',1,(#878,#879),.UNSPECIFIED.,.F.,.F.,
  (2,2),(-0.55,5.E-002),.PIECEWISE_BEZIER_KNOTS.);
#878 = CARTESIAN_POINT('',(1.210104844163,-0.55));
#879 = CARTESIAN_POINT('',(1.210104844163,5.E-002));
#880 = ( GEOMETRIC_REPRESENTATION_CONTEXT(2) 
PARAMETRIC_REPRESENTATION_CONTEXT() REPRESENTATION_CONTEXT('2D SPACE',''
  ) );
#881 = ORIENTED_EDGE('',*,*,#882,.T.);
#882 = EDGE_CURVE('',#862,#883,#885,.T.);
#883 = VERTEX_POINT('',#884);
#884 = CARTESIAN_POINT('',(-4.,2.099999999999,-10.2));
#885 = SURFACE_CURVE('',#886,(#890,#897),.PCURVE_S1.);
#886 = LINE('',#887,#888);
#887 = CARTESIAN_POINT('',(-4.675,1.424999999999,-10.2));
#888 = VECTOR('',#889,1.);
#889 = DIRECTION('',(0.707106781187,0.707106781187,0.E+000));
#890 = PCURVE('',#179,#891);
#891 = DEFINITIONAL_REPRESENTATION('',(#892),#896);
#892 = LINE('',#893,#894);
#893 = CARTESIAN_POINT('',(-0.175,1.424999999999));
#894 = VECTOR('',#895,1.);
#895 = DIRECTION('',(0.707106781187,0.707106781187));
#896 = ( GEOMETRIC_REPRESENTATION_CONTEXT(2) 
PARAMETRIC_REPRESENTATION_CONTEXT() REPRESENTATION_CONTEXT('2D SPACE',''
  ) );
#897 = PCURVE('',#898,#903);
#898 = PLANE('',#899);
#899 = AXIS2_PLACEMENT_3D('',#900,#901,#902);
#900 = CARTESIAN_POINT('',(-4.05,2.049999999999,-10.2));
#901 = DIRECTION('',(-0.707106781187,0.707106781187,0.E+000));
#902 = DIRECTION('',(0.E+000,0.E+000,1.));
#903 = DEFINITIONAL_REPRESENTATION('',(#904),#908);
#904 = LINE('',#905,#906);
#905 = CARTESIAN_POINT('',(-0.E+000,-0.883883476483));
#906 = VECTOR('',#907,1.);
#907 = DIRECTION('',(-0.E+000,1.));
#908 = ( GEOMETRIC_REPRESENTATION_CONTEXT(2) 
PARAMETRIC_REPRESENTATION_CONTEXT() REPRESENTATION_CONTEXT('2D SPACE',''
  ) );
#909 = ORIENTED_EDGE('',*,*,#910,.T.);
#910 = EDGE_CURVE('',#883,#911,#913,.T.);
#911 = VERTEX_POINT('',#912);
#912 = CARTESIAN_POINT('',(-4.,2.6,-10.2));
#913 = SURFACE_CURVE('',#914,(#918,#925),.PCURVE_S1.);
#914 = LINE('',#915,#916);
#915 = CARTESIAN_POINT('',(-4.,0.E+000,-10.2));
#916 = VECTOR('',#917,1.);
#917 = DIRECTION('',(0.E+000,1.,0.E+000));
#918 = PCURVE('',#179,#919);
#919 = DEFINITIONAL_REPRESENTATION('',(#920),#924);
#920 = LINE('',#921,#922);
#921 = CARTESIAN_POINT('',(0.5,0.E+000));
#922 = VECTOR('',#923,1.);
#923 = DIRECTION('',(0.E+000,1.));
#924 = ( GEOMETRIC_REPRESENTATION_CONTEXT(2) 
PARAMETRIC_REPRESENTATION_CONTEXT() REPRESENTATION_CONTEXT('2D SPACE',''
  ) );
#925 = PCURVE('',#404,#926);
#926 = DEFINITIONAL_REPRESENTATION('',(#927),#931);
#927 = LINE('',#928,#929);
#928 = CARTESIAN_POINT('',(6.8,0.E+000));
#929 = VECTOR('',#930,1.);
#930 = DIRECTION('',(0.E+000,-1.));
#931 = ( GEOMETRIC_REPRESENTATION_CONTEXT(2) 
PARAMETRIC_REPRESENTATION_CONTEXT() REPRESENTATION_CONTEXT('2D SPACE',''
  ) );
#932 = ORIENTED_EDGE('',*,*,#933,.T.);
#933 = EDGE_CURVE('',#911,#934,#936,.T.);
#934 = VERTEX_POINT('',#935);
#935 = CARTESIAN_POINT('',(-4.2,2.8,-10.2));
#936 = SURFACE_CURVE('',#937,(#941,#948),.PCURVE_S1.);
#937 = LINE('',#938,#939);
#938 = CARTESIAN_POINT('',(-3.525,2.125,-10.2));
#939 = VECTOR('',#940,1.);
#940 = DIRECTION('',(-0.707106781187,0.707106781187,0.E+000));
#941 = PCURVE('',#179,#942);
#942 = DEFINITIONAL_REPRESENTATION('',(#943),#947);
#943 = LINE('',#944,#945);
#944 = CARTESIAN_POINT('',(0.975,2.125));
#945 = VECTOR('',#946,1.);
#946 = DIRECTION('',(-0.707106781187,0.707106781187));
#947 = ( GEOMETRIC_REPRESENTATION_CONTEXT(2) 
PARAMETRIC_REPRESENTATION_CONTEXT() REPRESENTATION_CONTEXT('2D SPACE',''
  ) );
#948 = PCURVE('',#949,#954);
#949 = PLANE('',#950);
#950 = AXIS2_PLACEMENT_3D('',#951,#952,#953);
#951 = CARTESIAN_POINT('',(-4.1,2.7,-17.));
#952 = DIRECTION('',(0.707106781187,0.707106781187,0.E+000));
#953 = DIRECTION('',(0.E+000,0.E+000,-1.));
#954 = DEFINITIONAL_REPRESENTATION('',(#955),#959);
#955 = LINE('',#956,#957);
#956 = CARTESIAN_POINT('',(-6.8,-0.813172798365));
#957 = VECTOR('',#958,1.);
#958 = DIRECTION('',(-0.E+000,1.));
#959 = ( GEOMETRIC_REPRESENTATION_CONTEXT(2) 
PARAMETRIC_REPRESENTATION_CONTEXT() REPRESENTATION_CONTEXT('2D SPACE',''
  ) );
#960 = ORIENTED_EDGE('',*,*,#961,.F.);
#961 = EDGE_CURVE('',#785,#934,#962,.T.);
#962 = SURFACE_CURVE('',#963,(#967,#974),.PCURVE_S1.);
#963 = LINE('',#964,#965);
#964 = CARTESIAN_POINT('',(-4.5,2.8,-10.2));
#965 = VECTOR('',#966,1.);
#966 = DIRECTION('',(1.,0.E+000,0.E+000));
#967 = PCURVE('',#179,#968);
#968 = DEFINITIONAL_REPRESENTATION('',(#969),#973);
#969 = LINE('',#970,#971);
#970 = CARTESIAN_POINT('',(0.E+000,2.8));
#971 = VECTOR('',#972,1.);
#972 = DIRECTION('',(1.,0.E+000));
#973 = ( GEOMETRIC_REPRESENTATION_CONTEXT(2) 
PARAMETRIC_REPRESENTATION_CONTEXT() REPRESENTATION_CONTEXT('2D SPACE',''
  ) );
#974 = PCURVE('',#823,#975);
#975 = DEFINITIONAL_REPRESENTATION('',(#976),#980);
#976 = LINE('',#977,#978);
#977 = CARTESIAN_POINT('',(6.8,0.E+000));
#978 = VECTOR('',#979,1.);
#979 = DIRECTION('',(0.E+000,1.));
#980 = ( GEOMETRIC_REPRESENTATION_CONTEXT(2) 
PARAMETRIC_REPRESENTATION_CONTEXT() REPRESENTATION_CONTEXT('2D SPACE',''
  ) );
#981 = ORIENTED_EDGE('',*,*,#784,.F.);
#982 = ADVANCED_FACE('',(#983),#293,.F.);
#983 = FACE_BOUND('',#984,.F.);
#984 = EDGE_LOOP('',(#985,#1006,#1007,#1008));
#985 = ORIENTED_EDGE('',*,*,#986,.F.);
#986 = EDGE_CURVE('',#277,#987,#989,.T.);
#987 = VERTEX_POINT('',#988);
#988 = CARTESIAN_POINT('',(-4.4,1.4,-16.2));
#989 = SEAM_CURVE('',#990,(#994,#1000),.PCURVE_S1.);
#990 = LINE('',#991,#992);
#991 = CARTESIAN_POINT('',(-4.4,1.4,-16.2));
#992 = VECTOR('',#993,1.);
#993 = DIRECTION('',(0.707106781187,0.E+000,0.707106781187));
#994 = PCURVE('',#293,#995);
#995 = DEFINITIONAL_REPRESENTATION('',(#996),#999);
#996 = B_SPLINE_CURVE_WITH_KNOTS('',1,(#997,#998),.UNSPECIFIED.,.F.,.F.,
  (2,2),(-0.141421356237,0.E+000),.PIECEWISE_BEZIER_KNOTS.);
#997 = CARTESIAN_POINT('',(0.E+000,0.1));
#998 = CARTESIAN_POINT('',(0.E+000,0.E+000));
#999 = ( GEOMETRIC_REPRESENTATION_CONTEXT(2) 
PARAMETRIC_REPRESENTATION_CONTEXT() REPRESENTATION_CONTEXT('2D SPACE',''
  ) );
#1000 = PCURVE('',#293,#1001);
#1001 = DEFINITIONAL_REPRESENTATION('',(#1002),#1005);
#1002 = B_SPLINE_CURVE_WITH_KNOTS('',1,(#1003,#1004),.UNSPECIFIED.,.F.,
  .F.,(2,2),(-0.141421356237,0.E+000),.PIECEWISE_BEZIER_KNOTS.);
#1003 = CARTESIAN_POINT('',(-6.28318530718,0.1));
#1004 = CARTESIAN_POINT('',(-6.28318530718,0.E+000));
#1005 = ( GEOMETRIC_REPRESENTATION_CONTEXT(2) 
PARAMETRIC_REPRESENTATION_CONTEXT() REPRESENTATION_CONTEXT('2D SPACE',''
  ) );
#1006 = ORIENTED_EDGE('',*,*,#276,.T.);
#1007 = ORIENTED_EDGE('',*,*,#986,.T.);
#1008 = ORIENTED_EDGE('',*,*,#1009,.F.);
#1009 = EDGE_CURVE('',#987,#987,#1010,.T.);
#1010 = SURFACE_CURVE('',#1011,(#1016,#1023),.PCURVE_S1.);
#1011 = CIRCLE('',#1012,0.6);
#1012 = AXIS2_PLACEMENT_3D('',#1013,#1014,#1015);
#1013 = CARTESIAN_POINT('',(-4.4,1.4,-15.6));
#1014 = DIRECTION('',(1.,-0.E+000,0.E+000));
#1015 = DIRECTION('',(0.E+000,0.E+000,-1.));
#1016 = PCURVE('',#293,#1017);
#1017 = DEFINITIONAL_REPRESENTATION('',(#1018),#1022);
#1018 = LINE('',#1019,#1020);
#1019 = CARTESIAN_POINT('',(-0.E+000,-0.E+000));
#1020 = VECTOR('',#1021,1.);
#1021 = DIRECTION('',(-1.,-0.E+000));
#1022 = ( GEOMETRIC_REPRESENTATION_CONTEXT(2) 
PARAMETRIC_REPRESENTATION_CONTEXT() REPRESENTATION_CONTEXT('2D SPACE',''
  ) );
#1023 = PCURVE('',#1024,#1029);
#1024 = CYLINDRICAL_SURFACE('',#1025,0.6);
#1025 = AXIS2_PLACEMENT_3D('',#1026,#1027,#1028);
#1026 = CARTESIAN_POINT('',(-5.,1.4,-15.6));
#1027 = DIRECTION('',(1.,0.E+000,-2.22044604925E-016));
#1028 = DIRECTION('',(-2.22044604925E-016,0.E+000,-1.));
#1029 = DEFINITIONAL_REPRESENTATION('',(#1030),#1034);
#1030 = LINE('',#1031,#1032);
#1031 = CARTESIAN_POINT('',(0.E+000,0.6));
#1032 = VECTOR('',#1033,1.);
#1033 = DIRECTION('',(1.,0.E+000));
#1034 = ( GEOMETRIC_REPRESENTATION_CONTEXT(2) 
PARAMETRIC_REPRESENTATION_CONTEXT() REPRESENTATION_CONTEXT('2D SPACE',''
  ) );
#1035 = ADVANCED_FACE('',(#1036),#459,.T.);
#1036 = FACE_BOUND('',#1037,.T.);
#1037 = EDGE_LOOP('',(#1038,#1061,#1062,#1063));
#1038 = ORIENTED_EDGE('',*,*,#1039,.F.);
#1039 = EDGE_CURVE('',#497,#1040,#1042,.T.);
#1040 = VERTEX_POINT('',#1041);
#1041 = CARTESIAN_POINT('',(-4.1,0.800000000001,-13.5));
#1042 = SURFACE_CURVE('',#1043,(#1047,#1054),.PCURVE_S1.);
#1043 = LINE('',#1044,#1045);
#1044 = CARTESIAN_POINT('',(-4.5,0.800000000001,-13.5));
#1045 = VECTOR('',#1046,1.);
#1046 = DIRECTION('',(1.,0.E+000,0.E+000));
#1047 = PCURVE('',#459,#1048);
#1048 = DEFINITIONAL_REPRESENTATION('',(#1049),#1053);
#1049 = LINE('',#1050,#1051);
#1050 = CARTESIAN_POINT('',(4.510104844163,0.E+000));
#1051 = VECTOR('',#1052,1.);
#1052 = DIRECTION('',(0.E+000,-1.));
#1053 = ( GEOMETRIC_REPRESENTATION_CONTEXT(2) 
PARAMETRIC_REPRESENTATION_CONTEXT() REPRESENTATION_CONTEXT('2D SPACE',''
  ) );
#1054 = PCURVE('',#633,#1055);
#1055 = DEFINITIONAL_REPRESENTATION('',(#1056),#1060);
#1056 = LINE('',#1057,#1058);
#1057 = CARTESIAN_POINT('',(6.283185307179,0.E+000));
#1058 = VECTOR('',#1059,1.);
#1059 = DIRECTION('',(0.E+000,-1.));
#1060 = ( GEOMETRIC_REPRESENTATION_CONTEXT(2) 
PARAMETRIC_REPRESENTATION_CONTEXT() REPRESENTATION_CONTEXT('2D SPACE',''
  ) );
#1061 = ORIENTED_EDGE('',*,*,#517,.F.);
#1062 = ORIENTED_EDGE('',*,*,#444,.F.);
#1063 = ORIENTED_EDGE('',*,*,#1064,.F.);
#1064 = EDGE_CURVE('',#1040,#417,#1065,.T.);
#1065 = SURFACE_CURVE('',#1066,(#1070,#1077),.PCURVE_S1.);
#1066 = LINE('',#1067,#1068);
#1067 = CARTESIAN_POINT('',(-4.1,0.800000000001,-13.5));
#1068 = VECTOR('',#1069,1.);
#1069 = DIRECTION('',(0.E+000,-6.859591045704E-013,1.));
#1070 = PCURVE('',#459,#1071);
#1071 = DEFINITIONAL_REPRESENTATION('',(#1072),#1076);
#1072 = LINE('',#1073,#1074);
#1073 = CARTESIAN_POINT('',(4.510104844163,-0.4));
#1074 = VECTOR('',#1075,1.);
#1075 = DIRECTION('',(-1.,0.E+000));
#1076 = ( GEOMETRIC_REPRESENTATION_CONTEXT(2) 
PARAMETRIC_REPRESENTATION_CONTEXT() REPRESENTATION_CONTEXT('2D SPACE',''
  ) );
#1077 = PCURVE('',#432,#1078);
#1078 = DEFINITIONAL_REPRESENTATION('',(#1079),#1083);
#1079 = LINE('',#1080,#1081);
#1080 = CARTESIAN_POINT('',(1.7763568394E-015,-7.071067811865E-002));
#1081 = VECTOR('',#1082,1.);
#1082 = DIRECTION('',(1.,0.E+000));
#1083 = ( GEOMETRIC_REPRESENTATION_CONTEXT(2) 
PARAMETRIC_REPRESENTATION_CONTEXT() REPRESENTATION_CONTEXT('2D SPACE',''
  ) );
#1084 = ADVANCED_FACE('',(#1085),#348,.F.);
#1085 = FACE_BOUND('',#1086,.F.);
#1086 = EDGE_LOOP('',(#1087,#1088,#1111,#1137));
#1087 = ORIENTED_EDGE('',*,*,#332,.T.);
#1088 = ORIENTED_EDGE('',*,*,#1089,.F.);
#1089 = EDGE_CURVE('',#1090,#333,#1092,.T.);
#1090 = VERTEX_POINT('',#1091);
#1091 = CARTESIAN_POINT('',(-4.2,6.033769883176E-016,-16.8));
#1092 = SURFACE_CURVE('',#1093,(#1097,#1104),.PCURVE_S1.);
#1093 = LINE('',#1094,#1095);
#1094 = CARTESIAN_POINT('',(-4.2,0.E+000,-17.));
#1095 = VECTOR('',#1096,1.);
#1096 = DIRECTION('',(0.E+000,0.E+000,1.));
#1097 = PCURVE('',#348,#1098);
#1098 = DEFINITIONAL_REPRESENTATION('',(#1099),#1103);
#1099 = LINE('',#1100,#1101);
#1100 = CARTESIAN_POINT('',(0.E+000,0.3));
#1101 = VECTOR('',#1102,1.);
#1102 = DIRECTION('',(1.,0.E+000));
#1103 = ( GEOMETRIC_REPRESENTATION_CONTEXT(2) 
PARAMETRIC_REPRESENTATION_CONTEXT() REPRESENTATION_CONTEXT('2D SPACE',''
  ) );
#1104 = PCURVE('',#376,#1105);
#1105 = DEFINITIONAL_REPRESENTATION('',(#1106),#1110);
#1106 = LINE('',#1107,#1108);
#1107 = CARTESIAN_POINT('',(-0.E+000,0.141421356237));
#1108 = VECTOR('',#1109,1.);
#1109 = DIRECTION('',(-1.,0.E+000));
#1110 = ( GEOMETRIC_REPRESENTATION_CONTEXT(2) 
PARAMETRIC_REPRESENTATION_CONTEXT() REPRESENTATION_CONTEXT('2D SPACE',''
  ) );
#1111 = ORIENTED_EDGE('',*,*,#1112,.F.);
#1112 = EDGE_CURVE('',#544,#1090,#1113,.T.);
#1113 = SURFACE_CURVE('',#1114,(#1118,#1125),.PCURVE_S1.);
#1114 = LINE('',#1115,#1116);
#1115 = CARTESIAN_POINT('',(-4.5,0.E+000,-16.8));
#1116 = VECTOR('',#1117,1.);
#1117 = DIRECTION('',(1.,0.E+000,0.E+000));
#1118 = PCURVE('',#348,#1119);
#1119 = DEFINITIONAL_REPRESENTATION('',(#1120),#1124);
#1120 = LINE('',#1121,#1122);
#1121 = CARTESIAN_POINT('',(0.2,0.E+000));
#1122 = VECTOR('',#1123,1.);
#1123 = DIRECTION('',(0.E+000,1.));
#1124 = ( GEOMETRIC_REPRESENTATION_CONTEXT(2) 
PARAMETRIC_REPRESENTATION_CONTEXT() REPRESENTATION_CONTEXT('2D SPACE',''
  ) );
#1125 = PCURVE('',#1126,#1131);
#1126 = PLANE('',#1127);
#1127 = AXIS2_PLACEMENT_3D('',#1128,#1129,#1130);
#1128 = CARTESIAN_POINT('',(-4.5,0.1,-16.9));
#1129 = DIRECTION('',(-1.735417226645E-018,-0.707106781187,
    -0.707106781187));
#1130 = DIRECTION('',(-1.,1.227125289148E-018,1.227125289148E-018));
#1131 = DEFINITIONAL_REPRESENTATION('',(#1132),#1136);
#1132 = LINE('',#1133,#1134);
#1133 = CARTESIAN_POINT('',(-0.E+000,-0.141421356237));
#1134 = VECTOR('',#1135,1.);
#1135 = DIRECTION('',(-1.,0.E+000));
#1136 = ( GEOMETRIC_REPRESENTATION_CONTEXT(2) 
PARAMETRIC_REPRESENTATION_CONTEXT() REPRESENTATION_CONTEXT('2D SPACE',''
  ) );
#1137 = ORIENTED_EDGE('',*,*,#543,.T.);
#1138 = ADVANCED_FACE('',(#1139),#432,.T.);
#1139 = FACE_BOUND('',#1140,.T.);
#1140 = EDGE_LOOP('',(#1141,#1167,#1168,#1169));
#1141 = ORIENTED_EDGE('',*,*,#1142,.F.);
#1142 = EDGE_CURVE('',#1040,#1143,#1145,.T.);
#1143 = VERTEX_POINT('',#1144);
#1144 = CARTESIAN_POINT('',(-4.,0.700000000001,-13.5));
#1145 = SURFACE_CURVE('',#1146,(#1150,#1156),.PCURVE_S1.);
#1146 = LINE('',#1147,#1148);
#1147 = CARTESIAN_POINT('',(-4.1,0.800000000001,-13.5));
#1148 = VECTOR('',#1149,1.);
#1149 = DIRECTION('',(0.707106781187,-0.707106781187,
    -8.738373630844E-014));
#1150 = PCURVE('',#432,#1151);
#1151 = DEFINITIONAL_REPRESENTATION('',(#1152),#1155);
#1152 = B_SPLINE_CURVE_WITH_KNOTS('',1,(#1153,#1154),.UNSPECIFIED.,.F.,
  .F.,(2,2),(0.E+000,0.141421356237),.PIECEWISE_BEZIER_KNOTS.);
#1153 = CARTESIAN_POINT('',(1.7763568394E-015,-7.071067811865E-002));
#1154 = CARTESIAN_POINT('',(1.7763568394E-015,7.071067811866E-002));
#1155 = ( GEOMETRIC_REPRESENTATION_CONTEXT(2) 
PARAMETRIC_REPRESENTATION_CONTEXT() REPRESENTATION_CONTEXT('2D SPACE',''
  ) );
#1156 = PCURVE('',#1157,#1162);
#1157 = CONICAL_SURFACE('',#1158,0.599999999999,0.785398163397);
#1158 = AXIS2_PLACEMENT_3D('',#1159,#1160,#1161);
#1159 = CARTESIAN_POINT('',(-4.1,1.4,-13.5));
#1160 = DIRECTION('',(1.,0.E+000,0.E+000));
#1161 = DIRECTION('',(0.E+000,1.,0.E+000));
#1162 = DEFINITIONAL_REPRESENTATION('',(#1163),#1166);
#1163 = B_SPLINE_CURVE_WITH_KNOTS('',1,(#1164,#1165),.UNSPECIFIED.,.F.,
  .F.,(2,2),(0.E+000,0.141421356237),.PIECEWISE_BEZIER_KNOTS.);
#1164 = CARTESIAN_POINT('',(-3.14159265359,0.E+000));
#1165 = CARTESIAN_POINT('',(-3.14159265359,0.1));
#1166 = ( GEOMETRIC_REPRESENTATION_CONTEXT(2) 
PARAMETRIC_REPRESENTATION_CONTEXT() REPRESENTATION_CONTEXT('2D SPACE',''
  ) );
#1167 = ORIENTED_EDGE('',*,*,#1064,.T.);
#1168 = ORIENTED_EDGE('',*,*,#416,.T.);
#1169 = ORIENTED_EDGE('',*,*,#1170,.F.);
#1170 = EDGE_CURVE('',#1143,#389,#1171,.T.);
#1171 = SURFACE_CURVE('',#1172,(#1176,#1183),.PCURVE_S1.);
#1172 = LINE('',#1173,#1174);
#1173 = CARTESIAN_POINT('',(-4.,0.700000000001,-13.5));
#1174 = VECTOR('',#1175,1.);
#1175 = DIRECTION('',(0.E+000,-6.859591045704E-013,1.));
#1176 = PCURVE('',#432,#1177);
#1177 = DEFINITIONAL_REPRESENTATION('',(#1178),#1182);
#1178 = LINE('',#1179,#1180);
#1179 = CARTESIAN_POINT('',(1.7763568394E-015,7.071067811866E-002));
#1180 = VECTOR('',#1181,1.);
#1181 = DIRECTION('',(1.,0.E+000));
#1182 = ( GEOMETRIC_REPRESENTATION_CONTEXT(2) 
PARAMETRIC_REPRESENTATION_CONTEXT() REPRESENTATION_CONTEXT('2D SPACE',''
  ) );
#1183 = PCURVE('',#404,#1184);
#1184 = DEFINITIONAL_REPRESENTATION('',(#1185),#1189);
#1185 = LINE('',#1186,#1187);
#1186 = CARTESIAN_POINT('',(3.5,-0.700000000001));
#1187 = VECTOR('',#1188,1.);
#1188 = DIRECTION('',(1.,6.859591045704E-013));
#1189 = ( GEOMETRIC_REPRESENTATION_CONTEXT(2) 
PARAMETRIC_REPRESENTATION_CONTEXT() REPRESENTATION_CONTEXT('2D SPACE',''
  ) );
#1190 = ADVANCED_FACE('',(#1191),#376,.F.);
#1191 = FACE_BOUND('',#1192,.T.);
#1192 = EDGE_LOOP('',(#1193,#1216,#1217,#1218));
#1193 = ORIENTED_EDGE('',*,*,#1194,.T.);
#1194 = EDGE_CURVE('',#1195,#361,#1197,.T.);
#1195 = VERTEX_POINT('',#1196);
#1196 = CARTESIAN_POINT('',(-4.,0.2,-16.8));
#1197 = SURFACE_CURVE('',#1198,(#1202,#1209),.PCURVE_S1.);
#1198 = LINE('',#1199,#1200);
#1199 = CARTESIAN_POINT('',(-4.,0.2,-17.));
#1200 = VECTOR('',#1201,1.);
#1201 = DIRECTION('',(0.E+000,0.E+000,1.));
#1202 = PCURVE('',#376,#1203);
#1203 = DEFINITIONAL_REPRESENTATION('',(#1204),#1208);
#1204 = LINE('',#1205,#1206);
#1205 = CARTESIAN_POINT('',(-0.E+000,-0.141421356237));
#1206 = VECTOR('',#1207,1.);
#1207 = DIRECTION('',(-1.,0.E+000));
#1208 = ( GEOMETRIC_REPRESENTATION_CONTEXT(2) 
PARAMETRIC_REPRESENTATION_CONTEXT() REPRESENTATION_CONTEXT('2D SPACE',''
  ) );
#1209 = PCURVE('',#404,#1210);
#1210 = DEFINITIONAL_REPRESENTATION('',(#1211),#1215);
#1211 = LINE('',#1212,#1213);
#1212 = CARTESIAN_POINT('',(0.E+000,-0.2));
#1213 = VECTOR('',#1214,1.);
#1214 = DIRECTION('',(1.,0.E+000));
#1215 = ( GEOMETRIC_REPRESENTATION_CONTEXT(2) 
PARAMETRIC_REPRESENTATION_CONTEXT() REPRESENTATION_CONTEXT('2D SPACE',''
  ) );
#1216 = ORIENTED_EDGE('',*,*,#360,.T.);
#1217 = ORIENTED_EDGE('',*,*,#1089,.F.);
#1218 = ORIENTED_EDGE('',*,*,#1219,.F.);
#1219 = EDGE_CURVE('',#1195,#1090,#1220,.T.);
#1220 = SURFACE_CURVE('',#1221,(#1225,#1232),.PCURVE_S1.);
#1221 = LINE('',#1222,#1223);
#1222 = CARTESIAN_POINT('',(-4.1,1.E-001,-16.8));
#1223 = VECTOR('',#1224,1.);
#1224 = DIRECTION('',(-0.707106781187,-0.707106781187,
    -1.922962686384E-016));
#1225 = PCURVE('',#376,#1226);
#1226 = DEFINITIONAL_REPRESENTATION('',(#1227),#1231);
#1227 = LINE('',#1228,#1229);
#1228 = CARTESIAN_POINT('',(-0.2,3.336446474703E-016));
#1229 = VECTOR('',#1230,1.);
#1230 = DIRECTION('',(1.922962686384E-016,1.));
#1231 = ( GEOMETRIC_REPRESENTATION_CONTEXT(2) 
PARAMETRIC_REPRESENTATION_CONTEXT() REPRESENTATION_CONTEXT('2D SPACE',''
  ) );
#1232 = PCURVE('',#1233,#1238);
#1233 = PLANE('',#1234);
#1234 = AXIS2_PLACEMENT_3D('',#1235,#1236,#1237);
#1235 = CARTESIAN_POINT('',(-4.2,0.2,-17.));
#1236 = DIRECTION('',(-0.57735026919,0.57735026919,0.57735026919));
#1237 = DIRECTION('',(-0.707106781187,-0.707106781187,
    2.775557561563E-017));
#1238 = DEFINITIONAL_REPRESENTATION('',(#1239),#1243);
#1239 = LINE('',#1240,#1241);
#1240 = CARTESIAN_POINT('',(-4.801714581504E-016,0.244948974278));
#1241 = VECTOR('',#1242,1.);
#1242 = DIRECTION('',(1.,-2.680315483309E-016));
#1243 = ( GEOMETRIC_REPRESENTATION_CONTEXT(2) 
PARAMETRIC_REPRESENTATION_CONTEXT() REPRESENTATION_CONTEXT('2D SPACE',''
  ) );
#1244 = ADVANCED_FACE('',(#1245,#1349),#404,.T.);
#1245 = FACE_BOUND('',#1246,.T.);
#1246 = EDGE_LOOP('',(#1247,#1248,#1249,#1277,#1298,#1299,#1322,#1348));
#1247 = ORIENTED_EDGE('',*,*,#388,.F.);
#1248 = ORIENTED_EDGE('',*,*,#1194,.F.);
#1249 = ORIENTED_EDGE('',*,*,#1250,.T.);
#1250 = EDGE_CURVE('',#1195,#1251,#1253,.T.);
#1251 = VERTEX_POINT('',#1252);
#1252 = CARTESIAN_POINT('',(-4.,2.6,-16.8));
#1253 = SURFACE_CURVE('',#1254,(#1258,#1265),.PCURVE_S1.);
#1254 = LINE('',#1255,#1256);
#1255 = CARTESIAN_POINT('',(-4.,0.E+000,-16.8));
#1256 = VECTOR('',#1257,1.);
#1257 = DIRECTION('',(0.E+000,1.,0.E+000));
#1258 = PCURVE('',#404,#1259);
#1259 = DEFINITIONAL_REPRESENTATION('',(#1260),#1264);
#1260 = LINE('',#1261,#1262);
#1261 = CARTESIAN_POINT('',(0.2,0.E+000));
#1262 = VECTOR('',#1263,1.);
#1263 = DIRECTION('',(0.E+000,-1.));
#1264 = ( GEOMETRIC_REPRESENTATION_CONTEXT(2) 
PARAMETRIC_REPRESENTATION_CONTEXT() REPRESENTATION_CONTEXT('2D SPACE',''
  ) );
#1265 = PCURVE('',#1266,#1271);
#1266 = PLANE('',#1267);
#1267 = AXIS2_PLACEMENT_3D('',#1268,#1269,#1270);
#1268 = CARTESIAN_POINT('',(-4.1,0.E+000,-16.9));
#1269 = DIRECTION('',(-0.707106781187,0.E+000,0.707106781187));
#1270 = DIRECTION('',(0.E+000,1.,0.E+000));
#1271 = DEFINITIONAL_REPRESENTATION('',(#1272),#1276);
#1272 = LINE('',#1273,#1274);
#1273 = CARTESIAN_POINT('',(0.E+000,-0.141421356237));
#1274 = VECTOR('',#1275,1.);
#1275 = DIRECTION('',(1.,0.E+000));
#1276 = ( GEOMETRIC_REPRESENTATION_CONTEXT(2) 
PARAMETRIC_REPRESENTATION_CONTEXT() REPRESENTATION_CONTEXT('2D SPACE',''
  ) );
#1277 = ORIENTED_EDGE('',*,*,#1278,.T.);
#1278 = EDGE_CURVE('',#1251,#911,#1279,.T.);
#1279 = SURFACE_CURVE('',#1280,(#1284,#1291),.PCURVE_S1.);
#1280 = LINE('',#1281,#1282);
#1281 = CARTESIAN_POINT('',(-4.,2.6,-17.));
#1282 = VECTOR('',#1283,1.);
#1283 = DIRECTION('',(0.E+000,0.E+000,1.));
#1284 = PCURVE('',#404,#1285);
#1285 = DEFINITIONAL_REPRESENTATION('',(#1286),#1290);
#1286 = LINE('',#1287,#1288);
#1287 = CARTESIAN_POINT('',(0.E+000,-2.6));
#1288 = VECTOR('',#1289,1.);
#1289 = DIRECTION('',(1.,0.E+000));
#1290 = ( GEOMETRIC_REPRESENTATION_CONTEXT(2) 
PARAMETRIC_REPRESENTATION_CONTEXT() REPRESENTATION_CONTEXT('2D SPACE',''
  ) );
#1291 = PCURVE('',#949,#1292);
#1292 = DEFINITIONAL_REPRESENTATION('',(#1293),#1297);
#1293 = LINE('',#1294,#1295);
#1294 = CARTESIAN_POINT('',(-0.E+000,-0.141421356237));
#1295 = VECTOR('',#1296,1.);
#1296 = DIRECTION('',(-1.,0.E+000));
#1297 = ( GEOMETRIC_REPRESENTATION_CONTEXT(2) 
PARAMETRIC_REPRESENTATION_CONTEXT() REPRESENTATION_CONTEXT('2D SPACE',''
  ) );
#1298 = ORIENTED_EDGE('',*,*,#910,.F.);
#1299 = ORIENTED_EDGE('',*,*,#1300,.T.);
#1300 = EDGE_CURVE('',#883,#1301,#1303,.T.);
#1301 = VERTEX_POINT('',#1302);
#1302 = CARTESIAN_POINT('',(-4.,2.099999999999,-13.5));
#1303 = SURFACE_CURVE('',#1304,(#1308,#1315),.PCURVE_S1.);
#1304 = LINE('',#1305,#1306);
#1305 = CARTESIAN_POINT('',(-4.,2.099999999999,-10.2));
#1306 = VECTOR('',#1307,1.);
#1307 = DIRECTION('',(-0.E+000,-0.E+000,-1.));
#1308 = PCURVE('',#404,#1309);
#1309 = DEFINITIONAL_REPRESENTATION('',(#1310),#1314);
#1310 = LINE('',#1311,#1312);
#1311 = CARTESIAN_POINT('',(6.8,-2.099999999999));
#1312 = VECTOR('',#1313,1.);
#1313 = DIRECTION('',(-1.,0.E+000));
#1314 = ( GEOMETRIC_REPRESENTATION_CONTEXT(2) 
PARAMETRIC_REPRESENTATION_CONTEXT() REPRESENTATION_CONTEXT('2D SPACE',''
  ) );
#1315 = PCURVE('',#898,#1316);
#1316 = DEFINITIONAL_REPRESENTATION('',(#1317),#1321);
#1317 = LINE('',#1318,#1319);
#1318 = CARTESIAN_POINT('',(-0.E+000,7.071067811866E-002));
#1319 = VECTOR('',#1320,1.);
#1320 = DIRECTION('',(-1.,0.E+000));
#1321 = ( GEOMETRIC_REPRESENTATION_CONTEXT(2) 
PARAMETRIC_REPRESENTATION_CONTEXT() REPRESENTATION_CONTEXT('2D SPACE',''
  ) );
#1322 = ORIENTED_EDGE('',*,*,#1323,.T.);
#1323 = EDGE_CURVE('',#1301,#1143,#1324,.T.);
#1324 = SURFACE_CURVE('',#1325,(#1330,#1341),.PCURVE_S1.);
#1325 = CIRCLE('',#1326,0.699999999999);
#1326 = AXIS2_PLACEMENT_3D('',#1327,#1328,#1329);
#1327 = CARTESIAN_POINT('',(-4.,1.4,-13.5));
#1328 = DIRECTION('',(-1.,0.E+000,0.E+000));
#1329 = DIRECTION('',(0.E+000,1.,0.E+000));
#1330 = PCURVE('',#404,#1331);
#1331 = DEFINITIONAL_REPRESENTATION('',(#1332),#1340);
#1332 = ( BOUNDED_CURVE() B_SPLINE_CURVE(2,(#1333,#1334,#1335,#1336,
#1337,#1338,#1339),.UNSPECIFIED.,.T.,.F.) B_SPLINE_CURVE_WITH_KNOTS((1,2
    ,2,2,2,1),(-2.094395102393,0.E+000,2.094395102393,4.188790204786,
6.28318530718,8.377580409573),.UNSPECIFIED.) CURVE() 
GEOMETRIC_REPRESENTATION_ITEM() RATIONAL_B_SPLINE_CURVE((1.,0.5,1.,0.5,
1.,0.5,1.)) REPRESENTATION_ITEM('') );
#1333 = CARTESIAN_POINT('',(3.5,-2.099999999999));
#1334 = CARTESIAN_POINT('',(2.287564434704,-2.099999999999));
#1335 = CARTESIAN_POINT('',(2.893782217352,-1.050000000001));
#1336 = CARTESIAN_POINT('',(3.5,-2.538191878898E-012));
#1337 = CARTESIAN_POINT('',(4.106217782648,-1.050000000001));
#1338 = CARTESIAN_POINT('',(4.712435565296,-2.099999999999));
#1339 = CARTESIAN_POINT('',(3.5,-2.099999999999));
#1340 = ( GEOMETRIC_REPRESENTATION_CONTEXT(2) 
PARAMETRIC_REPRESENTATION_CONTEXT() REPRESENTATION_CONTEXT('2D SPACE',''
  ) );
#1341 = PCURVE('',#1157,#1342);
#1342 = DEFINITIONAL_REPRESENTATION('',(#1343),#1347);
#1343 = LINE('',#1344,#1345);
#1344 = CARTESIAN_POINT('',(-0.E+000,0.1));
#1345 = VECTOR('',#1346,1.);
#1346 = DIRECTION('',(-1.,0.E+000));
#1347 = ( GEOMETRIC_REPRESENTATION_CONTEXT(2) 
PARAMETRIC_REPRESENTATION_CONTEXT() REPRESENTATION_CONTEXT('2D SPACE',''
  ) );
#1348 = ORIENTED_EDGE('',*,*,#1170,.T.);
#1349 = FACE_BOUND('',#1350,.T.);
#1350 = EDGE_LOOP('',(#1351));
#1351 = ORIENTED_EDGE('',*,*,#1352,.F.);
#1352 = EDGE_CURVE('',#1353,#1353,#1355,.T.);
#1353 = VERTEX_POINT('',#1354);
#1354 = CARTESIAN_POINT('',(-4.,1.4,-16.3));
#1355 = SURFACE_CURVE('',#1356,(#1361,#1368),.PCURVE_S1.);
#1356 = CIRCLE('',#1357,0.7);
#1357 = AXIS2_PLACEMENT_3D('',#1358,#1359,#1360);
#1358 = CARTESIAN_POINT('',(-4.,1.4,-15.6));
#1359 = DIRECTION('',(1.,-0.E+000,0.E+000));
#1360 = DIRECTION('',(0.E+000,0.E+000,-1.));
#1361 = PCURVE('',#404,#1362);
#1362 = DEFINITIONAL_REPRESENTATION('',(#1363),#1367);
#1363 = CIRCLE('',#1364,0.7);
#1364 = AXIS2_PLACEMENT_2D('',#1365,#1366);
#1365 = CARTESIAN_POINT('',(1.4,-1.4));
#1366 = DIRECTION('',(-1.,0.E+000));
#1367 = ( GEOMETRIC_REPRESENTATION_CONTEXT(2) 
PARAMETRIC_REPRESENTATION_CONTEXT() REPRESENTATION_CONTEXT('2D SPACE',''
  ) );
#1368 = PCURVE('',#1369,#1374);
#1369 = CONICAL_SURFACE('',#1370,0.6,0.785398163397);
#1370 = AXIS2_PLACEMENT_3D('',#1371,#1372,#1373);
#1371 = CARTESIAN_POINT('',(-4.1,1.4,-15.6));
#1372 = DIRECTION('',(1.,0.E+000,0.E+000));
#1373 = DIRECTION('',(0.E+000,0.E+000,-1.));
#1374 = DEFINITIONAL_REPRESENTATION('',(#1375),#1379);
#1375 = LINE('',#1376,#1377);
#1376 = CARTESIAN_POINT('',(0.E+000,0.1));
#1377 = VECTOR('',#1378,1.);
#1378 = DIRECTION('',(1.,0.E+000));
#1379 = ( GEOMETRIC_REPRESENTATION_CONTEXT(2) 
PARAMETRIC_REPRESENTATION_CONTEXT() REPRESENTATION_CONTEXT('2D SPACE',''
  ) );
#1380 = ADVANCED_FACE('',(#1381),#580,.T.);
#1381 = FACE_BOUND('',#1382,.T.);
#1382 = EDGE_LOOP('',(#1383,#1384,#1405));
#1383 = ORIENTED_EDGE('',*,*,#648,.F.);
#1384 = ORIENTED_EDGE('',*,*,#1385,.T.);
#1385 = EDGE_CURVE('',#649,#544,#1386,.T.);
#1386 = SURFACE_CURVE('',#1387,(#1391,#1398),.PCURVE_S1.);
#1387 = LINE('',#1388,#1389);
#1388 = CARTESIAN_POINT('',(-4.3,0.15,-16.95));
#1389 = VECTOR('',#1390,1.);
#1390 = DIRECTION('',(-5.480443656193E-015,-0.707106781187,
    0.707106781187));
#1391 = PCURVE('',#580,#1392);
#1392 = DEFINITIONAL_REPRESENTATION('',(#1393),#1397);
#1393 = LINE('',#1394,#1395);
#1394 = CARTESIAN_POINT('',(3.535533905933E-002,6.123724356958E-002));
#1395 = VECTOR('',#1396,1.);
#1396 = DIRECTION('',(0.5,0.866025403784));
#1397 = ( GEOMETRIC_REPRESENTATION_CONTEXT(2) 
PARAMETRIC_REPRESENTATION_CONTEXT() REPRESENTATION_CONTEXT('2D SPACE',''
  ) );
#1398 = PCURVE('',#1126,#1399);
#1399 = DEFINITIONAL_REPRESENTATION('',(#1400),#1404);
#1400 = LINE('',#1401,#1402);
#1401 = CARTESIAN_POINT('',(-0.2,7.071067811866E-002));
#1402 = VECTOR('',#1403,1.);
#1403 = DIRECTION('',(5.480443656193E-015,-1.));
#1404 = ( GEOMETRIC_REPRESENTATION_CONTEXT(2) 
PARAMETRIC_REPRESENTATION_CONTEXT() REPRESENTATION_CONTEXT('2D SPACE',''
  ) );
#1405 = ORIENTED_EDGE('',*,*,#566,.F.);
#1406 = ADVANCED_FACE('',(#1407),#633,.F.);
#1407 = FACE_BOUND('',#1408,.F.);
#1408 = EDGE_LOOP('',(#1409,#1410,#1411,#1434));
#1409 = ORIENTED_EDGE('',*,*,#1039,.F.);
#1410 = ORIENTED_EDGE('',*,*,#618,.T.);
#1411 = ORIENTED_EDGE('',*,*,#1412,.T.);
#1412 = EDGE_CURVE('',#598,#1413,#1415,.T.);
#1413 = VERTEX_POINT('',#1414);
#1414 = CARTESIAN_POINT('',(-4.1,1.999999999999,-13.5));
#1415 = SURFACE_CURVE('',#1416,(#1420,#1427),.PCURVE_S1.);
#1416 = LINE('',#1417,#1418);
#1417 = CARTESIAN_POINT('',(-4.5,1.999999999999,-13.5));
#1418 = VECTOR('',#1419,1.);
#1419 = DIRECTION('',(1.,0.E+000,0.E+000));
#1420 = PCURVE('',#633,#1421);
#1421 = DEFINITIONAL_REPRESENTATION('',(#1422),#1426);
#1422 = LINE('',#1423,#1424);
#1423 = CARTESIAN_POINT('',(3.14159265359,0.E+000));
#1424 = VECTOR('',#1425,1.);
#1425 = DIRECTION('',(0.E+000,-1.));
#1426 = ( GEOMETRIC_REPRESENTATION_CONTEXT(2) 
PARAMETRIC_REPRESENTATION_CONTEXT() REPRESENTATION_CONTEXT('2D SPACE',''
  ) );
#1427 = PCURVE('',#768,#1428);
#1428 = DEFINITIONAL_REPRESENTATION('',(#1429),#1433);
#1429 = LINE('',#1430,#1431);
#1430 = CARTESIAN_POINT('',(4.510104844163,0.E+000));
#1431 = VECTOR('',#1432,1.);
#1432 = DIRECTION('',(0.E+000,-1.));
#1433 = ( GEOMETRIC_REPRESENTATION_CONTEXT(2) 
PARAMETRIC_REPRESENTATION_CONTEXT() REPRESENTATION_CONTEXT('2D SPACE',''
  ) );
#1434 = ORIENTED_EDGE('',*,*,#1435,.T.);
#1435 = EDGE_CURVE('',#1413,#1040,#1436,.T.);
#1436 = SURFACE_CURVE('',#1437,(#1442,#1449),.PCURVE_S1.);
#1437 = CIRCLE('',#1438,0.599999999999);
#1438 = AXIS2_PLACEMENT_3D('',#1439,#1440,#1441);
#1439 = CARTESIAN_POINT('',(-4.1,1.4,-13.5));
#1440 = DIRECTION('',(-1.,0.E+000,0.E+000));
#1441 = DIRECTION('',(0.E+000,1.,0.E+000));
#1442 = PCURVE('',#633,#1443);
#1443 = DEFINITIONAL_REPRESENTATION('',(#1444),#1448);
#1444 = LINE('',#1445,#1446);
#1445 = CARTESIAN_POINT('',(3.14159265359,-0.4));
#1446 = VECTOR('',#1447,1.);
#1447 = DIRECTION('',(1.,0.E+000));
#1448 = ( GEOMETRIC_REPRESENTATION_CONTEXT(2) 
PARAMETRIC_REPRESENTATION_CONTEXT() REPRESENTATION_CONTEXT('2D SPACE',''
  ) );
#1449 = PCURVE('',#1157,#1450);
#1450 = DEFINITIONAL_REPRESENTATION('',(#1451),#1455);
#1451 = LINE('',#1452,#1453);
#1452 = CARTESIAN_POINT('',(-0.E+000,0.E+000));
#1453 = VECTOR('',#1454,1.);
#1454 = DIRECTION('',(-1.,0.E+000));
#1455 = ( GEOMETRIC_REPRESENTATION_CONTEXT(2) 
PARAMETRIC_REPRESENTATION_CONTEXT() REPRESENTATION_CONTEXT('2D SPACE',''
  ) );
#1456 = ADVANCED_FACE('',(#1457),#714,.F.);
#1457 = FACE_BOUND('',#1458,.F.);
#1458 = EDGE_LOOP('',(#1459,#1460,#1483,#1506));
#1459 = ORIENTED_EDGE('',*,*,#700,.F.);
#1460 = ORIENTED_EDGE('',*,*,#1461,.T.);
#1461 = EDGE_CURVE('',#649,#1462,#1464,.T.);
#1462 = VERTEX_POINT('',#1463);
#1463 = CARTESIAN_POINT('',(-4.2,0.2,-17.));
#1464 = SURFACE_CURVE('',#1465,(#1469,#1476),.PCURVE_S1.);
#1465 = LINE('',#1466,#1467);
#1466 = CARTESIAN_POINT('',(-4.5,0.2,-17.));
#1467 = VECTOR('',#1468,1.);
#1468 = DIRECTION('',(1.,0.E+000,0.E+000));
#1469 = PCURVE('',#714,#1470);
#1470 = DEFINITIONAL_REPRESENTATION('',(#1471),#1475);
#1471 = LINE('',#1472,#1473);
#1472 = CARTESIAN_POINT('',(0.E+000,0.2));
#1473 = VECTOR('',#1474,1.);
#1474 = DIRECTION('',(1.,0.E+000));
#1475 = ( GEOMETRIC_REPRESENTATION_CONTEXT(2) 
PARAMETRIC_REPRESENTATION_CONTEXT() REPRESENTATION_CONTEXT('2D SPACE',''
  ) );
#1476 = PCURVE('',#1126,#1477);
#1477 = DEFINITIONAL_REPRESENTATION('',(#1478),#1482);
#1478 = LINE('',#1479,#1480);
#1479 = CARTESIAN_POINT('',(-0.E+000,0.141421356237));
#1480 = VECTOR('',#1481,1.);
#1481 = DIRECTION('',(-1.,0.E+000));
#1482 = ( GEOMETRIC_REPRESENTATION_CONTEXT(2) 
PARAMETRIC_REPRESENTATION_CONTEXT() REPRESENTATION_CONTEXT('2D SPACE',''
  ) );
#1483 = ORIENTED_EDGE('',*,*,#1484,.T.);
#1484 = EDGE_CURVE('',#1462,#1485,#1487,.T.);
#1485 = VERTEX_POINT('',#1486);
#1486 = CARTESIAN_POINT('',(-4.2,2.6,-17.));
#1487 = SURFACE_CURVE('',#1488,(#1492,#1499),.PCURVE_S1.);
#1488 = LINE('',#1489,#1490);
#1489 = CARTESIAN_POINT('',(-4.2,0.E+000,-17.));
#1490 = VECTOR('',#1491,1.);
#1491 = DIRECTION('',(0.E+000,1.,0.E+000));
#1492 = PCURVE('',#714,#1493);
#1493 = DEFINITIONAL_REPRESENTATION('',(#1494),#1498);
#1494 = LINE('',#1495,#1496);
#1495 = CARTESIAN_POINT('',(0.3,0.E+000));
#1496 = VECTOR('',#1497,1.);
#1497 = DIRECTION('',(0.E+000,1.));
#1498 = ( GEOMETRIC_REPRESENTATION_CONTEXT(2) 
PARAMETRIC_REPRESENTATION_CONTEXT() REPRESENTATION_CONTEXT('2D SPACE',''
  ) );
#1499 = PCURVE('',#1266,#1500);
#1500 = DEFINITIONAL_REPRESENTATION('',(#1501),#1505);
#1501 = LINE('',#1502,#1503);
#1502 = CARTESIAN_POINT('',(0.E+000,0.141421356237));
#1503 = VECTOR('',#1504,1.);
#1504 = DIRECTION('',(1.,0.E+000));
#1505 = ( GEOMETRIC_REPRESENTATION_CONTEXT(2) 
PARAMETRIC_REPRESENTATION_CONTEXT() REPRESENTATION_CONTEXT('2D SPACE',''
  ) );
#1506 = ORIENTED_EDGE('',*,*,#1507,.F.);
#1507 = EDGE_CURVE('',#673,#1485,#1508,.T.);
#1508 = SURFACE_CURVE('',#1509,(#1513,#1520),.PCURVE_S1.);
#1509 = LINE('',#1510,#1511);
#1510 = CARTESIAN_POINT('',(-4.5,2.6,-17.));
#1511 = VECTOR('',#1512,1.);
#1512 = DIRECTION('',(1.,0.E+000,0.E+000));
#1513 = PCURVE('',#714,#1514);
#1514 = DEFINITIONAL_REPRESENTATION('',(#1515),#1519);
#1515 = LINE('',#1516,#1517);
#1516 = CARTESIAN_POINT('',(0.E+000,2.6));
#1517 = VECTOR('',#1518,1.);
#1518 = DIRECTION('',(1.,0.E+000));
#1519 = ( GEOMETRIC_REPRESENTATION_CONTEXT(2) 
PARAMETRIC_REPRESENTATION_CONTEXT() REPRESENTATION_CONTEXT('2D SPACE',''
  ) );
#1520 = PCURVE('',#1521,#1526);
#1521 = PLANE('',#1522);
#1522 = AXIS2_PLACEMENT_3D('',#1523,#1524,#1525);
#1523 = CARTESIAN_POINT('',(-4.5,2.7,-16.9));
#1524 = DIRECTION('',(0.E+000,-0.707106781187,0.707106781187));
#1525 = DIRECTION('',(-1.,-0.E+000,-0.E+000));
#1526 = DEFINITIONAL_REPRESENTATION('',(#1527),#1531);
#1527 = LINE('',#1528,#1529);
#1528 = CARTESIAN_POINT('',(-0.E+000,0.141421356237));
#1529 = VECTOR('',#1530,1.);
#1530 = DIRECTION('',(-1.,0.E+000));
#1531 = ( GEOMETRIC_REPRESENTATION_CONTEXT(2) 
PARAMETRIC_REPRESENTATION_CONTEXT() REPRESENTATION_CONTEXT('2D SPACE',''
  ) );
#1532 = ADVANCED_FACE('',(#1533),#688,.F.);
#1533 = FACE_BOUND('',#1534,.F.);
#1534 = EDGE_LOOP('',(#1535,#1536,#1557));
#1535 = ORIENTED_EDGE('',*,*,#672,.F.);
#1536 = ORIENTED_EDGE('',*,*,#1537,.T.);
#1537 = EDGE_CURVE('',#673,#808,#1538,.T.);
#1538 = SURFACE_CURVE('',#1539,(#1543,#1550),.PCURVE_S1.);
#1539 = LINE('',#1540,#1541);
#1540 = CARTESIAN_POINT('',(-4.3,2.65,-16.95));
#1541 = VECTOR('',#1542,1.);
#1542 = DIRECTION('',(-7.884147014173E-015,0.707106781187,0.707106781187
    ));
#1543 = PCURVE('',#688,#1544);
#1544 = DEFINITIONAL_REPRESENTATION('',(#1545),#1549);
#1545 = LINE('',#1546,#1547);
#1546 = CARTESIAN_POINT('',(3.535533905933E-002,6.123724356958E-002));
#1547 = VECTOR('',#1548,1.);
#1548 = DIRECTION('',(0.5,0.866025403784));
#1549 = ( GEOMETRIC_REPRESENTATION_CONTEXT(2) 
PARAMETRIC_REPRESENTATION_CONTEXT() REPRESENTATION_CONTEXT('2D SPACE',''
  ) );
#1550 = PCURVE('',#1521,#1551);
#1551 = DEFINITIONAL_REPRESENTATION('',(#1552),#1556);
#1552 = LINE('',#1553,#1554);
#1553 = CARTESIAN_POINT('',(-0.2,7.071067811866E-002));
#1554 = VECTOR('',#1555,1.);
#1555 = DIRECTION('',(7.884147014173E-015,-1.));
#1556 = ( GEOMETRIC_REPRESENTATION_CONTEXT(2) 
PARAMETRIC_REPRESENTATION_CONTEXT() REPRESENTATION_CONTEXT('2D SPACE',''
  ) );
#1557 = ORIENTED_EDGE('',*,*,#835,.F.);
#1558 = ADVANCED_FACE('',(#1559),#768,.F.);
#1559 = FACE_BOUND('',#1560,.F.);
#1560 = EDGE_LOOP('',(#1561,#1562,#1563,#1564));
#1561 = ORIENTED_EDGE('',*,*,#1412,.F.);
#1562 = ORIENTED_EDGE('',*,*,#754,.T.);
#1563 = ORIENTED_EDGE('',*,*,#861,.F.);
#1564 = ORIENTED_EDGE('',*,*,#1565,.T.);
#1565 = EDGE_CURVE('',#862,#1413,#1566,.T.);
#1566 = SURFACE_CURVE('',#1567,(#1571,#1578),.PCURVE_S1.);
#1567 = LINE('',#1568,#1569);
#1568 = CARTESIAN_POINT('',(-4.1,1.999999999999,-10.2));
#1569 = VECTOR('',#1570,1.);
#1570 = DIRECTION('',(-0.E+000,-0.E+000,-1.));
#1571 = PCURVE('',#768,#1572);
#1572 = DEFINITIONAL_REPRESENTATION('',(#1573),#1577);
#1573 = LINE('',#1574,#1575);
#1574 = CARTESIAN_POINT('',(1.210104844163,-0.4));
#1575 = VECTOR('',#1576,1.);
#1576 = DIRECTION('',(1.,0.E+000));
#1577 = ( GEOMETRIC_REPRESENTATION_CONTEXT(2) 
PARAMETRIC_REPRESENTATION_CONTEXT() REPRESENTATION_CONTEXT('2D SPACE',''
  ) );
#1578 = PCURVE('',#898,#1579);
#1579 = DEFINITIONAL_REPRESENTATION('',(#1580),#1584);
#1580 = LINE('',#1581,#1582);
#1581 = CARTESIAN_POINT('',(-0.E+000,-7.071067811865E-002));
#1582 = VECTOR('',#1583,1.);
#1583 = DIRECTION('',(-1.,0.E+000));
#1584 = ( GEOMETRIC_REPRESENTATION_CONTEXT(2) 
PARAMETRIC_REPRESENTATION_CONTEXT() REPRESENTATION_CONTEXT('2D SPACE',''
  ) );
#1585 = ADVANCED_FACE('',(#1586),#823,.T.);
#1586 = FACE_BOUND('',#1587,.T.);
#1587 = EDGE_LOOP('',(#1588,#1589,#1612,#1633));
#1588 = ORIENTED_EDGE('',*,*,#961,.T.);
#1589 = ORIENTED_EDGE('',*,*,#1590,.F.);
#1590 = EDGE_CURVE('',#1591,#934,#1593,.T.);
#1591 = VERTEX_POINT('',#1592);
#1592 = CARTESIAN_POINT('',(-4.2,2.8,-16.8));
#1593 = SURFACE_CURVE('',#1594,(#1598,#1605),.PCURVE_S1.);
#1594 = LINE('',#1595,#1596);
#1595 = CARTESIAN_POINT('',(-4.2,2.8,-17.));
#1596 = VECTOR('',#1597,1.);
#1597 = DIRECTION('',(0.E+000,0.E+000,1.));
#1598 = PCURVE('',#823,#1599);
#1599 = DEFINITIONAL_REPRESENTATION('',(#1600),#1604);
#1600 = LINE('',#1601,#1602);
#1601 = CARTESIAN_POINT('',(0.E+000,0.3));
#1602 = VECTOR('',#1603,1.);
#1603 = DIRECTION('',(1.,0.E+000));
#1604 = ( GEOMETRIC_REPRESENTATION_CONTEXT(2) 
PARAMETRIC_REPRESENTATION_CONTEXT() REPRESENTATION_CONTEXT('2D SPACE',''
  ) );
#1605 = PCURVE('',#949,#1606);
#1606 = DEFINITIONAL_REPRESENTATION('',(#1607),#1611);
#1607 = LINE('',#1608,#1609);
#1608 = CARTESIAN_POINT('',(-0.E+000,0.141421356237));
#1609 = VECTOR('',#1610,1.);
#1610 = DIRECTION('',(-1.,0.E+000));
#1611 = ( GEOMETRIC_REPRESENTATION_CONTEXT(2) 
PARAMETRIC_REPRESENTATION_CONTEXT() REPRESENTATION_CONTEXT('2D SPACE',''
  ) );
#1612 = ORIENTED_EDGE('',*,*,#1613,.F.);
#1613 = EDGE_CURVE('',#808,#1591,#1614,.T.);
#1614 = SURFACE_CURVE('',#1615,(#1619,#1626),.PCURVE_S1.);
#1615 = LINE('',#1616,#1617);
#1616 = CARTESIAN_POINT('',(-4.5,2.8,-16.8));
#1617 = VECTOR('',#1618,1.);
#1618 = DIRECTION('',(1.,0.E+000,0.E+000));
#1619 = PCURVE('',#823,#1620);
#1620 = DEFINITIONAL_REPRESENTATION('',(#1621),#1625);
#1621 = LINE('',#1622,#1623);
#1622 = CARTESIAN_POINT('',(0.2,0.E+000));
#1623 = VECTOR('',#1624,1.);
#1624 = DIRECTION('',(0.E+000,1.));
#1625 = ( GEOMETRIC_REPRESENTATION_CONTEXT(2) 
PARAMETRIC_REPRESENTATION_CONTEXT() REPRESENTATION_CONTEXT('2D SPACE',''
  ) );
#1626 = PCURVE('',#1521,#1627);
#1627 = DEFINITIONAL_REPRESENTATION('',(#1628),#1632);
#1628 = LINE('',#1629,#1630);
#1629 = CARTESIAN_POINT('',(-0.E+000,-0.141421356237));
#1630 = VECTOR('',#1631,1.);
#1631 = DIRECTION('',(-1.,0.E+000));
#1632 = ( GEOMETRIC_REPRESENTATION_CONTEXT(2) 
PARAMETRIC_REPRESENTATION_CONTEXT() REPRESENTATION_CONTEXT('2D SPACE',''
  ) );
#1633 = ORIENTED_EDGE('',*,*,#807,.T.);
#1634 = ADVANCED_FACE('',(#1635),#898,.F.);
#1635 = FACE_BOUND('',#1636,.T.);
#1636 = EDGE_LOOP('',(#1637,#1638,#1639,#1658));
#1637 = ORIENTED_EDGE('',*,*,#882,.F.);
#1638 = ORIENTED_EDGE('',*,*,#1565,.T.);
#1639 = ORIENTED_EDGE('',*,*,#1640,.T.);
#1640 = EDGE_CURVE('',#1413,#1301,#1641,.T.);
#1641 = SURFACE_CURVE('',#1642,(#1646,#1652),.PCURVE_S1.);
#1642 = LINE('',#1643,#1644);
#1643 = CARTESIAN_POINT('',(-4.05,2.049999999999,-13.5));
#1644 = VECTOR('',#1645,1.);
#1645 = DIRECTION('',(0.707106781187,0.707106781187,0.E+000));
#1646 = PCURVE('',#898,#1647);
#1647 = DEFINITIONAL_REPRESENTATION('',(#1648),#1651);
#1648 = B_SPLINE_CURVE_WITH_KNOTS('',1,(#1649,#1650),.UNSPECIFIED.,.F.,
  .F.,(2,2),(-7.071067811865E-002,7.071067811866E-002),
  .PIECEWISE_BEZIER_KNOTS.);
#1649 = CARTESIAN_POINT('',(-3.3,-7.071067811865E-002));
#1650 = CARTESIAN_POINT('',(-3.3,7.071067811866E-002));
#1651 = ( GEOMETRIC_REPRESENTATION_CONTEXT(2) 
PARAMETRIC_REPRESENTATION_CONTEXT() REPRESENTATION_CONTEXT('2D SPACE',''
  ) );
#1652 = PCURVE('',#1157,#1653);
#1653 = DEFINITIONAL_REPRESENTATION('',(#1654),#1657);
#1654 = B_SPLINE_CURVE_WITH_KNOTS('',1,(#1655,#1656),.UNSPECIFIED.,.F.,
  .F.,(2,2),(-7.071067811865E-002,7.071067811866E-002),
  .PIECEWISE_BEZIER_KNOTS.);
#1655 = CARTESIAN_POINT('',(0.E+000,0.E+000));
#1656 = CARTESIAN_POINT('',(0.E+000,1.E-001));
#1657 = ( GEOMETRIC_REPRESENTATION_CONTEXT(2) 
PARAMETRIC_REPRESENTATION_CONTEXT() REPRESENTATION_CONTEXT('2D SPACE',''
  ) );
#1658 = ORIENTED_EDGE('',*,*,#1300,.F.);
#1659 = ADVANCED_FACE('',(#1660),#949,.T.);
#1660 = FACE_BOUND('',#1661,.F.);
#1661 = EDGE_LOOP('',(#1662,#1663,#1664,#1665));
#1662 = ORIENTED_EDGE('',*,*,#1278,.T.);
#1663 = ORIENTED_EDGE('',*,*,#933,.T.);
#1664 = ORIENTED_EDGE('',*,*,#1590,.F.);
#1665 = ORIENTED_EDGE('',*,*,#1666,.F.);
#1666 = EDGE_CURVE('',#1251,#1591,#1667,.T.);
#1667 = SURFACE_CURVE('',#1668,(#1672,#1679),.PCURVE_S1.);
#1668 = LINE('',#1669,#1670);
#1669 = CARTESIAN_POINT('',(-4.1,2.7,-16.8));
#1670 = VECTOR('',#1671,1.);
#1671 = DIRECTION('',(-0.707106781187,0.707106781187,
    -3.269036566852E-015));
#1672 = PCURVE('',#949,#1673);
#1673 = DEFINITIONAL_REPRESENTATION('',(#1674),#1678);
#1674 = LINE('',#1675,#1676);
#1675 = CARTESIAN_POINT('',(-0.2,9.420554752103E-016));
#1676 = VECTOR('',#1677,1.);
#1677 = DIRECTION('',(3.269036566852E-015,1.));
#1678 = ( GEOMETRIC_REPRESENTATION_CONTEXT(2) 
PARAMETRIC_REPRESENTATION_CONTEXT() REPRESENTATION_CONTEXT('2D SPACE',''
  ) );
#1679 = PCURVE('',#1680,#1685);
#1680 = PLANE('',#1681);
#1681 = AXIS2_PLACEMENT_3D('',#1682,#1683,#1684);
#1682 = CARTESIAN_POINT('',(-4.2,2.6,-17.));
#1683 = DIRECTION('',(0.57735026919,0.57735026919,-0.57735026919));
#1684 = DIRECTION('',(-0.707106781187,0.707106781187,
    -5.551115123126E-017));
#1685 = DEFINITIONAL_REPRESENTATION('',(#1686),#1690);
#1686 = LINE('',#1687,#1688);
#1687 = CARTESIAN_POINT('',(6.272760089132E-016,0.244948974278));
#1688 = VECTOR('',#1689,1.);
#1689 = DIRECTION('',(1.,-3.89040250685E-015));
#1690 = ( GEOMETRIC_REPRESENTATION_CONTEXT(2) 
PARAMETRIC_REPRESENTATION_CONTEXT() REPRESENTATION_CONTEXT('2D SPACE',''
  ) );
#1691 = ADVANCED_FACE('',(#1692),#1024,.F.);
#1692 = FACE_BOUND('',#1693,.F.);
#1693 = EDGE_LOOP('',(#1694,#1717,#1739,#1740));
#1694 = ORIENTED_EDGE('',*,*,#1695,.T.);
#1695 = EDGE_CURVE('',#987,#1696,#1698,.T.);
#1696 = VERTEX_POINT('',#1697);
#1697 = CARTESIAN_POINT('',(-4.1,1.4,-16.2));
#1698 = SEAM_CURVE('',#1699,(#1703,#1710),.PCURVE_S1.);
#1699 = LINE('',#1700,#1701);
#1700 = CARTESIAN_POINT('',(-5.,1.4,-16.2));
#1701 = VECTOR('',#1702,1.);
#1702 = DIRECTION('',(1.,0.E+000,-2.22044604925E-016));
#1703 = PCURVE('',#1024,#1704);
#1704 = DEFINITIONAL_REPRESENTATION('',(#1705),#1709);
#1705 = LINE('',#1706,#1707);
#1706 = CARTESIAN_POINT('',(6.28318530718,-0.E+000));
#1707 = VECTOR('',#1708,1.);
#1708 = DIRECTION('',(0.E+000,1.));
#1709 = ( GEOMETRIC_REPRESENTATION_CONTEXT(2) 
PARAMETRIC_REPRESENTATION_CONTEXT() REPRESENTATION_CONTEXT('2D SPACE',''
  ) );
#1710 = PCURVE('',#1024,#1711);
#1711 = DEFINITIONAL_REPRESENTATION('',(#1712),#1716);
#1712 = LINE('',#1713,#1714);
#1713 = CARTESIAN_POINT('',(0.E+000,-0.E+000));
#1714 = VECTOR('',#1715,1.);
#1715 = DIRECTION('',(0.E+000,1.));
#1716 = ( GEOMETRIC_REPRESENTATION_CONTEXT(2) 
PARAMETRIC_REPRESENTATION_CONTEXT() REPRESENTATION_CONTEXT('2D SPACE',''
  ) );
#1717 = ORIENTED_EDGE('',*,*,#1718,.F.);
#1718 = EDGE_CURVE('',#1696,#1696,#1719,.T.);
#1719 = SURFACE_CURVE('',#1720,(#1725,#1732),.PCURVE_S1.);
#1720 = CIRCLE('',#1721,0.6);
#1721 = AXIS2_PLACEMENT_3D('',#1722,#1723,#1724);
#1722 = CARTESIAN_POINT('',(-4.1,1.4,-15.6));
#1723 = DIRECTION('',(1.,-0.E+000,0.E+000));
#1724 = DIRECTION('',(0.E+000,0.E+000,-1.));
#1725 = PCURVE('',#1024,#1726);
#1726 = DEFINITIONAL_REPRESENTATION('',(#1727),#1731);
#1727 = LINE('',#1728,#1729);
#1728 = CARTESIAN_POINT('',(0.E+000,0.9));
#1729 = VECTOR('',#1730,1.);
#1730 = DIRECTION('',(1.,0.E+000));
#1731 = ( GEOMETRIC_REPRESENTATION_CONTEXT(2) 
PARAMETRIC_REPRESENTATION_CONTEXT() REPRESENTATION_CONTEXT('2D SPACE',''
  ) );
#1732 = PCURVE('',#1369,#1733);
#1733 = DEFINITIONAL_REPRESENTATION('',(#1734),#1738);
#1734 = LINE('',#1735,#1736);
#1735 = CARTESIAN_POINT('',(0.E+000,0.E+000));
#1736 = VECTOR('',#1737,1.);
#1737 = DIRECTION('',(1.,0.E+000));
#1738 = ( GEOMETRIC_REPRESENTATION_CONTEXT(2) 
PARAMETRIC_REPRESENTATION_CONTEXT() REPRESENTATION_CONTEXT('2D SPACE',''
  ) );
#1739 = ORIENTED_EDGE('',*,*,#1695,.F.);
#1740 = ORIENTED_EDGE('',*,*,#1009,.T.);
#1741 = ADVANCED_FACE('',(#1742),#1126,.T.);
#1742 = FACE_BOUND('',#1743,.F.);
#1743 = EDGE_LOOP('',(#1744,#1745,#1746,#1767));
#1744 = ORIENTED_EDGE('',*,*,#1385,.T.);
#1745 = ORIENTED_EDGE('',*,*,#1112,.T.);
#1746 = ORIENTED_EDGE('',*,*,#1747,.F.);
#1747 = EDGE_CURVE('',#1462,#1090,#1748,.T.);
#1748 = SURFACE_CURVE('',#1749,(#1753,#1760),.PCURVE_S1.);
#1749 = LINE('',#1750,#1751);
#1750 = CARTESIAN_POINT('',(-4.2,0.15,-16.95));
#1751 = VECTOR('',#1752,1.);
#1752 = DIRECTION('',(8.461035820088E-015,-0.707106781187,0.707106781187
    ));
#1753 = PCURVE('',#1126,#1754);
#1754 = DEFINITIONAL_REPRESENTATION('',(#1755),#1759);
#1755 = LINE('',#1756,#1757);
#1756 = CARTESIAN_POINT('',(-0.3,7.071067811866E-002));
#1757 = VECTOR('',#1758,1.);
#1758 = DIRECTION('',(-8.461035820088E-015,-1.));
#1759 = ( GEOMETRIC_REPRESENTATION_CONTEXT(2) 
PARAMETRIC_REPRESENTATION_CONTEXT() REPRESENTATION_CONTEXT('2D SPACE',''
  ) );
#1760 = PCURVE('',#1233,#1761);
#1761 = DEFINITIONAL_REPRESENTATION('',(#1762),#1766);
#1762 = LINE('',#1763,#1764);
#1763 = CARTESIAN_POINT('',(3.535533905932E-002,6.123724356958E-002));
#1764 = VECTOR('',#1765,1.);
#1765 = DIRECTION('',(0.5,0.866025403784));
#1766 = ( GEOMETRIC_REPRESENTATION_CONTEXT(2) 
PARAMETRIC_REPRESENTATION_CONTEXT() REPRESENTATION_CONTEXT('2D SPACE',''
  ) );
#1767 = ORIENTED_EDGE('',*,*,#1461,.F.);
#1768 = ADVANCED_FACE('',(#1769),#1157,.F.);
#1769 = FACE_BOUND('',#1770,.T.);
#1770 = EDGE_LOOP('',(#1771,#1772,#1773,#1774));
#1771 = ORIENTED_EDGE('',*,*,#1640,.F.);
#1772 = ORIENTED_EDGE('',*,*,#1435,.T.);
#1773 = ORIENTED_EDGE('',*,*,#1142,.T.);
#1774 = ORIENTED_EDGE('',*,*,#1323,.F.);
#1775 = ADVANCED_FACE('',(#1776),#1233,.F.);
#1776 = FACE_BOUND('',#1777,.F.);
#1777 = EDGE_LOOP('',(#1778,#1799,#1800));
#1778 = ORIENTED_EDGE('',*,*,#1779,.F.);
#1779 = EDGE_CURVE('',#1462,#1195,#1780,.T.);
#1780 = SURFACE_CURVE('',#1781,(#1785,#1792),.PCURVE_S1.);
#1781 = LINE('',#1782,#1783);
#1782 = CARTESIAN_POINT('',(-4.15,0.2,-16.95));
#1783 = VECTOR('',#1784,1.);
#1784 = DIRECTION('',(0.707106781187,-8.461035820088E-015,0.707106781187
    ));
#1785 = PCURVE('',#1233,#1786);
#1786 = DEFINITIONAL_REPRESENTATION('',(#1787),#1791);
#1787 = LINE('',#1788,#1789);
#1788 = CARTESIAN_POINT('',(-3.535533905933E-002,6.123724356958E-002));
#1789 = VECTOR('',#1790,1.);
#1790 = DIRECTION('',(-0.5,0.866025403784));
#1791 = ( GEOMETRIC_REPRESENTATION_CONTEXT(2) 
PARAMETRIC_REPRESENTATION_CONTEXT() REPRESENTATION_CONTEXT('2D SPACE',''
  ) );
#1792 = PCURVE('',#1266,#1793);
#1793 = DEFINITIONAL_REPRESENTATION('',(#1794),#1798);
#1794 = LINE('',#1795,#1796);
#1795 = CARTESIAN_POINT('',(0.2,7.071067811866E-002));
#1796 = VECTOR('',#1797,1.);
#1797 = DIRECTION('',(-8.461035820088E-015,-1.));
#1798 = ( GEOMETRIC_REPRESENTATION_CONTEXT(2) 
PARAMETRIC_REPRESENTATION_CONTEXT() REPRESENTATION_CONTEXT('2D SPACE',''
  ) );
#1799 = ORIENTED_EDGE('',*,*,#1747,.T.);
#1800 = ORIENTED_EDGE('',*,*,#1219,.F.);
#1801 = ADVANCED_FACE('',(#1802),#1266,.F.);
#1802 = FACE_BOUND('',#1803,.F.);
#1803 = EDGE_LOOP('',(#1804,#1805,#1806,#1827));
#1804 = ORIENTED_EDGE('',*,*,#1779,.T.);
#1805 = ORIENTED_EDGE('',*,*,#1250,.T.);
#1806 = ORIENTED_EDGE('',*,*,#1807,.F.);
#1807 = EDGE_CURVE('',#1485,#1251,#1808,.T.);
#1808 = SURFACE_CURVE('',#1809,(#1813,#1820),.PCURVE_S1.);
#1809 = LINE('',#1810,#1811);
#1810 = CARTESIAN_POINT('',(-4.15,2.6,-16.95));
#1811 = VECTOR('',#1812,1.);
#1812 = DIRECTION('',(0.707106781187,7.787998879854E-015,0.707106781187)
  );
#1813 = PCURVE('',#1266,#1814);
#1814 = DEFINITIONAL_REPRESENTATION('',(#1815),#1819);
#1815 = LINE('',#1816,#1817);
#1816 = CARTESIAN_POINT('',(2.6,7.071067811867E-002));
#1817 = VECTOR('',#1818,1.);
#1818 = DIRECTION('',(7.787998879854E-015,-1.));
#1819 = ( GEOMETRIC_REPRESENTATION_CONTEXT(2) 
PARAMETRIC_REPRESENTATION_CONTEXT() REPRESENTATION_CONTEXT('2D SPACE',''
  ) );
#1820 = PCURVE('',#1680,#1821);
#1821 = DEFINITIONAL_REPRESENTATION('',(#1822),#1826);
#1822 = LINE('',#1823,#1824);
#1823 = CARTESIAN_POINT('',(-3.535533905932E-002,6.123724356957E-002));
#1824 = VECTOR('',#1825,1.);
#1825 = DIRECTION('',(-0.5,0.866025403784));
#1826 = ( GEOMETRIC_REPRESENTATION_CONTEXT(2) 
PARAMETRIC_REPRESENTATION_CONTEXT() REPRESENTATION_CONTEXT('2D SPACE',''
  ) );
#1827 = ORIENTED_EDGE('',*,*,#1484,.F.);
#1828 = ADVANCED_FACE('',(#1829),#1369,.F.);
#1829 = FACE_BOUND('',#1830,.F.);
#1830 = EDGE_LOOP('',(#1831,#1850,#1851,#1852));
#1831 = ORIENTED_EDGE('',*,*,#1832,.F.);
#1832 = EDGE_CURVE('',#1696,#1353,#1833,.T.);
#1833 = SEAM_CURVE('',#1834,(#1838,#1844),.PCURVE_S1.);
#1834 = LINE('',#1835,#1836);
#1835 = CARTESIAN_POINT('',(-4.1,1.4,-16.2));
#1836 = VECTOR('',#1837,1.);
#1837 = DIRECTION('',(0.707106781187,0.E+000,-0.707106781187));
#1838 = PCURVE('',#1369,#1839);
#1839 = DEFINITIONAL_REPRESENTATION('',(#1840),#1843);
#1840 = B_SPLINE_CURVE_WITH_KNOTS('',1,(#1841,#1842),.UNSPECIFIED.,.F.,
  .F.,(2,2),(0.E+000,0.141421356237),.PIECEWISE_BEZIER_KNOTS.);
#1841 = CARTESIAN_POINT('',(0.E+000,0.E+000));
#1842 = CARTESIAN_POINT('',(0.E+000,0.1));
#1843 = ( GEOMETRIC_REPRESENTATION_CONTEXT(2) 
PARAMETRIC_REPRESENTATION_CONTEXT() REPRESENTATION_CONTEXT('2D SPACE',''
  ) );
#1844 = PCURVE('',#1369,#1845);
#1845 = DEFINITIONAL_REPRESENTATION('',(#1846),#1849);
#1846 = B_SPLINE_CURVE_WITH_KNOTS('',1,(#1847,#1848),.UNSPECIFIED.,.F.,
  .F.,(2,2),(0.E+000,0.141421356237),.PIECEWISE_BEZIER_KNOTS.);
#1847 = CARTESIAN_POINT('',(6.28318530718,0.E+000));
#1848 = CARTESIAN_POINT('',(6.28318530718,0.1));
#1849 = ( GEOMETRIC_REPRESENTATION_CONTEXT(2) 
PARAMETRIC_REPRESENTATION_CONTEXT() REPRESENTATION_CONTEXT('2D SPACE',''
  ) );
#1850 = ORIENTED_EDGE('',*,*,#1718,.T.);
#1851 = ORIENTED_EDGE('',*,*,#1832,.T.);
#1852 = ORIENTED_EDGE('',*,*,#1352,.F.);
#1853 = ADVANCED_FACE('',(#1854),#1521,.F.);
#1854 = FACE_BOUND('',#1855,.T.);
#1855 = EDGE_LOOP('',(#1856,#1857,#1858,#1879));
#1856 = ORIENTED_EDGE('',*,*,#1537,.T.);
#1857 = ORIENTED_EDGE('',*,*,#1613,.T.);
#1858 = ORIENTED_EDGE('',*,*,#1859,.F.);
#1859 = EDGE_CURVE('',#1485,#1591,#1860,.T.);
#1860 = SURFACE_CURVE('',#1861,(#1865,#1872),.PCURVE_S1.);
#1861 = LINE('',#1862,#1863);
#1862 = CARTESIAN_POINT('',(-4.2,2.65,-16.95));
#1863 = VECTOR('',#1864,1.);
#1864 = DIRECTION('',(1.105703544671E-014,0.707106781187,0.707106781187)
  );
#1865 = PCURVE('',#1521,#1866);
#1866 = DEFINITIONAL_REPRESENTATION('',(#1867),#1871);
#1867 = LINE('',#1868,#1869);
#1868 = CARTESIAN_POINT('',(-0.3,7.071067811866E-002));
#1869 = VECTOR('',#1870,1.);
#1870 = DIRECTION('',(-1.105703544671E-014,-1.));
#1871 = ( GEOMETRIC_REPRESENTATION_CONTEXT(2) 
PARAMETRIC_REPRESENTATION_CONTEXT() REPRESENTATION_CONTEXT('2D SPACE',''
  ) );
#1872 = PCURVE('',#1680,#1873);
#1873 = DEFINITIONAL_REPRESENTATION('',(#1874),#1878);
#1874 = LINE('',#1875,#1876);
#1875 = CARTESIAN_POINT('',(3.535533905933E-002,6.123724356958E-002));
#1876 = VECTOR('',#1877,1.);
#1877 = DIRECTION('',(0.5,0.866025403784));
#1878 = ( GEOMETRIC_REPRESENTATION_CONTEXT(2) 
PARAMETRIC_REPRESENTATION_CONTEXT() REPRESENTATION_CONTEXT('2D SPACE',''
  ) );
#1879 = ORIENTED_EDGE('',*,*,#1507,.F.);
#1880 = ADVANCED_FACE('',(#1881),#1680,.T.);
#1881 = FACE_BOUND('',#1882,.T.);
#1882 = EDGE_LOOP('',(#1883,#1884,#1885));
#1883 = ORIENTED_EDGE('',*,*,#1807,.F.);
#1884 = ORIENTED_EDGE('',*,*,#1859,.T.);
#1885 = ORIENTED_EDGE('',*,*,#1666,.F.);
#1886 = MANIFOLD_SOLID_BREP('',#1887);
#1887 = CLOSED_SHELL('',(#1888,#2152,#2338,#2385,#2439,#2492,#2573,#2627
    ,#2703,#2830,#2885,#2934,#2988,#3040,#3094,#3221,#3247,#3297,#3373,
    #3399,#3426,#3475,#3500,#3532,#3557,#3584,#3591,#3617,#3644,#3671));
#1888 = ADVANCED_FACE('',(#1889,#2121),#1903,.F.);
#1889 = FACE_BOUND('',#1890,.F.);
#1890 = EDGE_LOOP('',(#1891,#1926,#1954,#1982,#2010,#2038,#2066,#2095));
#1891 = ORIENTED_EDGE('',*,*,#1892,.F.);
#1892 = EDGE_CURVE('',#1893,#1895,#1897,.T.);
#1893 = VERTEX_POINT('',#1894);
#1894 = CARTESIAN_POINT('',(4.,0.2,-10.2));
#1895 = VERTEX_POINT('',#1896);
#1896 = CARTESIAN_POINT('',(4.,0.70685,-10.2));
#1897 = SURFACE_CURVE('',#1898,(#1902,#1914),.PCURVE_S1.);
#1898 = LINE('',#1899,#1900);
#1899 = CARTESIAN_POINT('',(4.,0.E+000,-10.2));
#1900 = VECTOR('',#1901,1.);
#1901 = DIRECTION('',(0.E+000,1.,0.E+000));
#1902 = PCURVE('',#1903,#1908);
#1903 = PLANE('',#1904);
#1904 = AXIS2_PLACEMENT_3D('',#1905,#1906,#1907);
#1905 = CARTESIAN_POINT('',(4.,0.E+000,-17.));
#1906 = DIRECTION('',(1.,0.E+000,0.E+000));
#1907 = DIRECTION('',(0.E+000,0.E+000,1.));
#1908 = DEFINITIONAL_REPRESENTATION('',(#1909),#1913);
#1909 = LINE('',#1910,#1911);
#1910 = CARTESIAN_POINT('',(6.8,0.E+000));
#1911 = VECTOR('',#1912,1.);
#1912 = DIRECTION('',(0.E+000,-1.));
#1913 = ( GEOMETRIC_REPRESENTATION_CONTEXT(2) 
PARAMETRIC_REPRESENTATION_CONTEXT() REPRESENTATION_CONTEXT('2D SPACE',''
  ) );
#1914 = PCURVE('',#1915,#1920);
#1915 = PLANE('',#1916);
#1916 = AXIS2_PLACEMENT_3D('',#1917,#1918,#1919);
#1917 = CARTESIAN_POINT('',(4.,0.E+000,-10.2));
#1918 = DIRECTION('',(0.E+000,0.E+000,1.));
#1919 = DIRECTION('',(1.,0.E+000,0.E+000));
#1920 = DEFINITIONAL_REPRESENTATION('',(#1921),#1925);
#1921 = LINE('',#1922,#1923);
#1922 = CARTESIAN_POINT('',(0.E+000,0.E+000));
#1923 = VECTOR('',#1924,1.);
#1924 = DIRECTION('',(0.E+000,1.));
#1925 = ( GEOMETRIC_REPRESENTATION_CONTEXT(2) 
PARAMETRIC_REPRESENTATION_CONTEXT() REPRESENTATION_CONTEXT('2D SPACE',''
  ) );
#1926 = ORIENTED_EDGE('',*,*,#1927,.F.);
#1927 = EDGE_CURVE('',#1928,#1893,#1930,.T.);
#1928 = VERTEX_POINT('',#1929);
#1929 = CARTESIAN_POINT('',(4.,0.2,-16.8));
#1930 = SURFACE_CURVE('',#1931,(#1935,#1942),.PCURVE_S1.);
#1931 = LINE('',#1932,#1933);
#1932 = CARTESIAN_POINT('',(4.,0.2,-17.));
#1933 = VECTOR('',#1934,1.);
#1934 = DIRECTION('',(0.E+000,0.E+000,1.));
#1935 = PCURVE('',#1903,#1936);
#1936 = DEFINITIONAL_REPRESENTATION('',(#1937),#1941);
#1937 = LINE('',#1938,#1939);
#1938 = CARTESIAN_POINT('',(0.E+000,-0.2));
#1939 = VECTOR('',#1940,1.);
#1940 = DIRECTION('',(1.,0.E+000));
#1941 = ( GEOMETRIC_REPRESENTATION_CONTEXT(2) 
PARAMETRIC_REPRESENTATION_CONTEXT() REPRESENTATION_CONTEXT('2D SPACE',''
  ) );
#1942 = PCURVE('',#1943,#1948);
#1943 = PLANE('',#1944);
#1944 = AXIS2_PLACEMENT_3D('',#1945,#1946,#1947);
#1945 = CARTESIAN_POINT('',(4.1,0.1,-17.));
#1946 = DIRECTION('',(-0.707106781187,-0.707106781187,
    -1.735417226645E-018));
#1947 = DIRECTION('',(1.227125289148E-018,1.227125289148E-018,-1.));
#1948 = DEFINITIONAL_REPRESENTATION('',(#1949),#1953);
#1949 = LINE('',#1950,#1951);
#1950 = CARTESIAN_POINT('',(-0.E+000,-0.141421356237));
#1951 = VECTOR('',#1952,1.);
#1952 = DIRECTION('',(-1.,0.E+000));
#1953 = ( GEOMETRIC_REPRESENTATION_CONTEXT(2) 
PARAMETRIC_REPRESENTATION_CONTEXT() REPRESENTATION_CONTEXT('2D SPACE',''
  ) );
#1954 = ORIENTED_EDGE('',*,*,#1955,.T.);
#1955 = EDGE_CURVE('',#1928,#1956,#1958,.T.);
#1956 = VERTEX_POINT('',#1957);
#1957 = CARTESIAN_POINT('',(4.,2.6,-16.8));
#1958 = SURFACE_CURVE('',#1959,(#1963,#1970),.PCURVE_S1.);
#1959 = LINE('',#1960,#1961);
#1960 = CARTESIAN_POINT('',(4.,0.E+000,-16.8));
#1961 = VECTOR('',#1962,1.);
#1962 = DIRECTION('',(0.E+000,1.,0.E+000));
#1963 = PCURVE('',#1903,#1964);
#1964 = DEFINITIONAL_REPRESENTATION('',(#1965),#1969);
#1965 = LINE('',#1966,#1967);
#1966 = CARTESIAN_POINT('',(0.2,0.E+000));
#1967 = VECTOR('',#1968,1.);
#1968 = DIRECTION('',(0.E+000,-1.));
#1969 = ( GEOMETRIC_REPRESENTATION_CONTEXT(2) 
PARAMETRIC_REPRESENTATION_CONTEXT() REPRESENTATION_CONTEXT('2D SPACE',''
  ) );
#1970 = PCURVE('',#1971,#1976);
#1971 = PLANE('',#1972);
#1972 = AXIS2_PLACEMENT_3D('',#1973,#1974,#1975);
#1973 = CARTESIAN_POINT('',(4.1,0.E+000,-16.9));
#1974 = DIRECTION('',(-0.707106781187,0.E+000,-0.707106781187));
#1975 = DIRECTION('',(0.E+000,1.,0.E+000));
#1976 = DEFINITIONAL_REPRESENTATION('',(#1977),#1981);
#1977 = LINE('',#1978,#1979);
#1978 = CARTESIAN_POINT('',(0.E+000,-0.141421356237));
#1979 = VECTOR('',#1980,1.);
#1980 = DIRECTION('',(1.,0.E+000));
#1981 = ( GEOMETRIC_REPRESENTATION_CONTEXT(2) 
PARAMETRIC_REPRESENTATION_CONTEXT() REPRESENTATION_CONTEXT('2D SPACE',''
  ) );
#1982 = ORIENTED_EDGE('',*,*,#1983,.T.);
#1983 = EDGE_CURVE('',#1956,#1984,#1986,.T.);
#1984 = VERTEX_POINT('',#1985);
#1985 = CARTESIAN_POINT('',(4.,2.6,-10.2));
#1986 = SURFACE_CURVE('',#1987,(#1991,#1998),.PCURVE_S1.);
#1987 = LINE('',#1988,#1989);
#1988 = CARTESIAN_POINT('',(4.,2.6,-17.));
#1989 = VECTOR('',#1990,1.);
#1990 = DIRECTION('',(0.E+000,0.E+000,1.));
#1991 = PCURVE('',#1903,#1992);
#1992 = DEFINITIONAL_REPRESENTATION('',(#1993),#1997);
#1993 = LINE('',#1994,#1995);
#1994 = CARTESIAN_POINT('',(0.E+000,-2.6));
#1995 = VECTOR('',#1996,1.);
#1996 = DIRECTION('',(1.,0.E+000));
#1997 = ( GEOMETRIC_REPRESENTATION_CONTEXT(2) 
PARAMETRIC_REPRESENTATION_CONTEXT() REPRESENTATION_CONTEXT('2D SPACE',''
  ) );
#1998 = PCURVE('',#1999,#2004);
#1999 = PLANE('',#2000);
#2000 = AXIS2_PLACEMENT_3D('',#2001,#2002,#2003);
#2001 = CARTESIAN_POINT('',(4.1,2.7,-17.));
#2002 = DIRECTION('',(0.707106781187,-0.707106781187,0.E+000));
#2003 = DIRECTION('',(-0.E+000,-0.E+000,-1.));
#2004 = DEFINITIONAL_REPRESENTATION('',(#2005),#2009);
#2005 = LINE('',#2006,#2007);
#2006 = CARTESIAN_POINT('',(-0.E+000,-0.141421356237));
#2007 = VECTOR('',#2008,1.);
#2008 = DIRECTION('',(-1.,0.E+000));
#2009 = ( GEOMETRIC_REPRESENTATION_CONTEXT(2) 
PARAMETRIC_REPRESENTATION_CONTEXT() REPRESENTATION_CONTEXT('2D SPACE',''
  ) );
#2010 = ORIENTED_EDGE('',*,*,#2011,.F.);
#2011 = EDGE_CURVE('',#2012,#1984,#2014,.T.);
#2012 = VERTEX_POINT('',#2013);
#2013 = CARTESIAN_POINT('',(4.,2.09315,-10.2));
#2014 = SURFACE_CURVE('',#2015,(#2019,#2026),.PCURVE_S1.);
#2015 = LINE('',#2016,#2017);
#2016 = CARTESIAN_POINT('',(4.,0.E+000,-10.2));
#2017 = VECTOR('',#2018,1.);
#2018 = DIRECTION('',(0.E+000,1.,0.E+000));
#2019 = PCURVE('',#1903,#2020);
#2020 = DEFINITIONAL_REPRESENTATION('',(#2021),#2025);
#2021 = LINE('',#2022,#2023);
#2022 = CARTESIAN_POINT('',(6.8,0.E+000));
#2023 = VECTOR('',#2024,1.);
#2024 = DIRECTION('',(0.E+000,-1.));
#2025 = ( GEOMETRIC_REPRESENTATION_CONTEXT(2) 
PARAMETRIC_REPRESENTATION_CONTEXT() REPRESENTATION_CONTEXT('2D SPACE',''
  ) );
#2026 = PCURVE('',#2027,#2032);
#2027 = PLANE('',#2028);
#2028 = AXIS2_PLACEMENT_3D('',#2029,#2030,#2031);
#2029 = CARTESIAN_POINT('',(4.,0.E+000,-10.2));
#2030 = DIRECTION('',(0.E+000,0.E+000,1.));
#2031 = DIRECTION('',(1.,0.E+000,0.E+000));
#2032 = DEFINITIONAL_REPRESENTATION('',(#2033),#2037);
#2033 = LINE('',#2034,#2035);
#2034 = CARTESIAN_POINT('',(0.E+000,0.E+000));
#2035 = VECTOR('',#2036,1.);
#2036 = DIRECTION('',(0.E+000,1.));
#2037 = ( GEOMETRIC_REPRESENTATION_CONTEXT(2) 
PARAMETRIC_REPRESENTATION_CONTEXT() REPRESENTATION_CONTEXT('2D SPACE',''
  ) );
#2038 = ORIENTED_EDGE('',*,*,#2039,.F.);
#2039 = EDGE_CURVE('',#2040,#2012,#2042,.T.);
#2040 = VERTEX_POINT('',#2041);
#2041 = CARTESIAN_POINT('',(4.,2.09315,-13.5));
#2042 = SURFACE_CURVE('',#2043,(#2047,#2054),.PCURVE_S1.);
#2043 = LINE('',#2044,#2045);
#2044 = CARTESIAN_POINT('',(4.,2.09315,-13.5));
#2045 = VECTOR('',#2046,1.);
#2046 = DIRECTION('',(0.E+000,0.E+000,1.));
#2047 = PCURVE('',#1903,#2048);
#2048 = DEFINITIONAL_REPRESENTATION('',(#2049),#2053);
#2049 = LINE('',#2050,#2051);
#2050 = CARTESIAN_POINT('',(3.5,-2.09315));
#2051 = VECTOR('',#2052,1.);
#2052 = DIRECTION('',(1.,0.E+000));
#2053 = ( GEOMETRIC_REPRESENTATION_CONTEXT(2) 
PARAMETRIC_REPRESENTATION_CONTEXT() REPRESENTATION_CONTEXT('2D SPACE',''
  ) );
#2054 = PCURVE('',#2055,#2060);
#2055 = PLANE('',#2056);
#2056 = AXIS2_PLACEMENT_3D('',#2057,#2058,#2059);
#2057 = CARTESIAN_POINT('',(4.05,2.04315,-13.5));
#2058 = DIRECTION('',(0.707106781187,0.707106781187,0.E+000));
#2059 = DIRECTION('',(0.E+000,0.E+000,1.));
#2060 = DEFINITIONAL_REPRESENTATION('',(#2061),#2065);
#2061 = LINE('',#2062,#2063);
#2062 = CARTESIAN_POINT('',(0.E+000,-7.071067811865E-002));
#2063 = VECTOR('',#2064,1.);
#2064 = DIRECTION('',(1.,0.E+000));
#2065 = ( GEOMETRIC_REPRESENTATION_CONTEXT(2) 
PARAMETRIC_REPRESENTATION_CONTEXT() REPRESENTATION_CONTEXT('2D SPACE',''
  ) );
#2066 = ORIENTED_EDGE('',*,*,#2067,.F.);
#2067 = EDGE_CURVE('',#2068,#2040,#2070,.T.);
#2068 = VERTEX_POINT('',#2069);
#2069 = CARTESIAN_POINT('',(4.,0.70685,-13.5));
#2070 = SURFACE_CURVE('',#2071,(#2076,#2083),.PCURVE_S1.);
#2071 = CIRCLE('',#2072,0.69315);
#2072 = AXIS2_PLACEMENT_3D('',#2073,#2074,#2075);
#2073 = CARTESIAN_POINT('',(4.,1.4,-13.5));
#2074 = DIRECTION('',(1.,0.E+000,0.E+000));
#2075 = DIRECTION('',(0.E+000,-1.,2.994785196662E-015));
#2076 = PCURVE('',#1903,#2077);
#2077 = DEFINITIONAL_REPRESENTATION('',(#2078),#2082);
#2078 = CIRCLE('',#2079,0.69315);
#2079 = AXIS2_PLACEMENT_2D('',#2080,#2081);
#2080 = CARTESIAN_POINT('',(3.5,-1.4));
#2081 = DIRECTION('',(2.994785196662E-015,1.));
#2082 = ( GEOMETRIC_REPRESENTATION_CONTEXT(2) 
PARAMETRIC_REPRESENTATION_CONTEXT() REPRESENTATION_CONTEXT('2D SPACE',''
  ) );
#2083 = PCURVE('',#2084,#2089);
#2084 = CONICAL_SURFACE('',#2085,0.59315,0.785398163397);
#2085 = AXIS2_PLACEMENT_3D('',#2086,#2087,#2088);
#2086 = CARTESIAN_POINT('',(4.1,1.4,-13.5));
#2087 = DIRECTION('',(-1.,0.E+000,0.E+000));
#2088 = DIRECTION('',(0.E+000,-1.,2.994785196662E-015));
#2089 = DEFINITIONAL_REPRESENTATION('',(#2090),#2094);
#2090 = LINE('',#2091,#2092);
#2091 = CARTESIAN_POINT('',(0.E+000,0.1));
#2092 = VECTOR('',#2093,1.);
#2093 = DIRECTION('',(-1.,-0.E+000));
#2094 = ( GEOMETRIC_REPRESENTATION_CONTEXT(2) 
PARAMETRIC_REPRESENTATION_CONTEXT() REPRESENTATION_CONTEXT('2D SPACE',''
  ) );
#2095 = ORIENTED_EDGE('',*,*,#2096,.F.);
#2096 = EDGE_CURVE('',#1895,#2068,#2097,.T.);
#2097 = SURFACE_CURVE('',#2098,(#2102,#2109),.PCURVE_S1.);
#2098 = LINE('',#2099,#2100);
#2099 = CARTESIAN_POINT('',(4.,0.70685,-10.2));
#2100 = VECTOR('',#2101,1.);
#2101 = DIRECTION('',(0.E+000,0.E+000,-1.));
#2102 = PCURVE('',#1903,#2103);
#2103 = DEFINITIONAL_REPRESENTATION('',(#2104),#2108);
#2104 = LINE('',#2105,#2106);
#2105 = CARTESIAN_POINT('',(6.8,-0.70685));
#2106 = VECTOR('',#2107,1.);
#2107 = DIRECTION('',(-1.,0.E+000));
#2108 = ( GEOMETRIC_REPRESENTATION_CONTEXT(2) 
PARAMETRIC_REPRESENTATION_CONTEXT() REPRESENTATION_CONTEXT('2D SPACE',''
  ) );
#2109 = PCURVE('',#2110,#2115);
#2110 = PLANE('',#2111);
#2111 = AXIS2_PLACEMENT_3D('',#2112,#2113,#2114);
#2112 = CARTESIAN_POINT('',(4.05,0.75685,-10.2));
#2113 = DIRECTION('',(-0.707106781187,0.707106781187,0.E+000));
#2114 = DIRECTION('',(0.E+000,0.E+000,1.));
#2115 = DEFINITIONAL_REPRESENTATION('',(#2116),#2120);
#2116 = LINE('',#2117,#2118);
#2117 = CARTESIAN_POINT('',(-0.E+000,-7.071067811865E-002));
#2118 = VECTOR('',#2119,1.);
#2119 = DIRECTION('',(-1.,0.E+000));
#2120 = ( GEOMETRIC_REPRESENTATION_CONTEXT(2) 
PARAMETRIC_REPRESENTATION_CONTEXT() REPRESENTATION_CONTEXT('2D SPACE',''
  ) );
#2121 = FACE_BOUND('',#2122,.F.);
#2122 = EDGE_LOOP('',(#2123));
#2123 = ORIENTED_EDGE('',*,*,#2124,.F.);
#2124 = EDGE_CURVE('',#2125,#2125,#2127,.T.);
#2125 = VERTEX_POINT('',#2126);
#2126 = CARTESIAN_POINT('',(4.,1.4,-16.2));
#2127 = SURFACE_CURVE('',#2128,(#2133,#2140),.PCURVE_S1.);
#2128 = CIRCLE('',#2129,0.6);
#2129 = AXIS2_PLACEMENT_3D('',#2130,#2131,#2132);
#2130 = CARTESIAN_POINT('',(4.,1.4,-15.6));
#2131 = DIRECTION('',(1.,0.E+000,-2.22044604925E-016));
#2132 = DIRECTION('',(-2.22044604925E-016,0.E+000,-1.));
#2133 = PCURVE('',#1903,#2134);
#2134 = DEFINITIONAL_REPRESENTATION('',(#2135),#2139);
#2135 = CIRCLE('',#2136,0.6);
#2136 = AXIS2_PLACEMENT_2D('',#2137,#2138);
#2137 = CARTESIAN_POINT('',(1.4,-1.4));
#2138 = DIRECTION('',(-1.,-0.E+000));
#2139 = ( GEOMETRIC_REPRESENTATION_CONTEXT(2) 
PARAMETRIC_REPRESENTATION_CONTEXT() REPRESENTATION_CONTEXT('2D SPACE',''
  ) );
#2140 = PCURVE('',#2141,#2146);
#2141 = CYLINDRICAL_SURFACE('',#2142,0.6);
#2142 = AXIS2_PLACEMENT_3D('',#2143,#2144,#2145);
#2143 = CARTESIAN_POINT('',(-5.,1.4,-15.6));
#2144 = DIRECTION('',(1.,0.E+000,-2.22044604925E-016));
#2145 = DIRECTION('',(-2.22044604925E-016,0.E+000,-1.));
#2146 = DEFINITIONAL_REPRESENTATION('',(#2147),#2151);
#2147 = LINE('',#2148,#2149);
#2148 = CARTESIAN_POINT('',(0.E+000,9.));
#2149 = VECTOR('',#2150,1.);
#2150 = DIRECTION('',(1.,0.E+000));
#2151 = ( GEOMETRIC_REPRESENTATION_CONTEXT(2) 
PARAMETRIC_REPRESENTATION_CONTEXT() REPRESENTATION_CONTEXT('2D SPACE',''
  ) );
#2152 = ADVANCED_FACE('',(#2153),#1915,.T.);
#2153 = FACE_BOUND('',#2154,.T.);
#2154 = EDGE_LOOP('',(#2155,#2156,#2179,#2207,#2235,#2263,#2291,#2317));
#2155 = ORIENTED_EDGE('',*,*,#1892,.F.);
#2156 = ORIENTED_EDGE('',*,*,#2157,.T.);
#2157 = EDGE_CURVE('',#1893,#2158,#2160,.T.);
#2158 = VERTEX_POINT('',#2159);
#2159 = CARTESIAN_POINT('',(4.2,-8.326672684689E-017,-10.2));
#2160 = SURFACE_CURVE('',#2161,(#2165,#2172),.PCURVE_S1.);
#2161 = LINE('',#2162,#2163);
#2162 = CARTESIAN_POINT('',(4.1,1.E-001,-10.2));
#2163 = VECTOR('',#2164,1.);
#2164 = DIRECTION('',(0.707106781187,-0.707106781187,0.E+000));
#2165 = PCURVE('',#1915,#2166);
#2166 = DEFINITIONAL_REPRESENTATION('',(#2167),#2171);
#2167 = LINE('',#2168,#2169);
#2168 = CARTESIAN_POINT('',(1.E-001,1.E-001));
#2169 = VECTOR('',#2170,1.);
#2170 = DIRECTION('',(0.707106781187,-0.707106781187));
#2171 = ( GEOMETRIC_REPRESENTATION_CONTEXT(2) 
PARAMETRIC_REPRESENTATION_CONTEXT() REPRESENTATION_CONTEXT('2D SPACE',''
  ) );
#2172 = PCURVE('',#1943,#2173);
#2173 = DEFINITIONAL_REPRESENTATION('',(#2174),#2178);
#2174 = LINE('',#2175,#2176);
#2175 = CARTESIAN_POINT('',(-6.8,5.887846720064E-017));
#2176 = VECTOR('',#2177,1.);
#2177 = DIRECTION('',(-0.E+000,1.));
#2178 = ( GEOMETRIC_REPRESENTATION_CONTEXT(2) 
PARAMETRIC_REPRESENTATION_CONTEXT() REPRESENTATION_CONTEXT('2D SPACE',''
  ) );
#2179 = ORIENTED_EDGE('',*,*,#2180,.T.);
#2180 = EDGE_CURVE('',#2158,#2181,#2183,.T.);
#2181 = VERTEX_POINT('',#2182);
#2182 = CARTESIAN_POINT('',(4.3,-8.326672684689E-017,-10.2));
#2183 = SURFACE_CURVE('',#2184,(#2188,#2195),.PCURVE_S1.);
#2184 = LINE('',#2185,#2186);
#2185 = CARTESIAN_POINT('',(4.,0.E+000,-10.2));
#2186 = VECTOR('',#2187,1.);
#2187 = DIRECTION('',(1.,0.E+000,0.E+000));
#2188 = PCURVE('',#1915,#2189);
#2189 = DEFINITIONAL_REPRESENTATION('',(#2190),#2194);
#2190 = LINE('',#2191,#2192);
#2191 = CARTESIAN_POINT('',(0.E+000,0.E+000));
#2192 = VECTOR('',#2193,1.);
#2193 = DIRECTION('',(1.,0.E+000));
#2194 = ( GEOMETRIC_REPRESENTATION_CONTEXT(2) 
PARAMETRIC_REPRESENTATION_CONTEXT() REPRESENTATION_CONTEXT('2D SPACE',''
  ) );
#2195 = PCURVE('',#2196,#2201);
#2196 = PLANE('',#2197);
#2197 = AXIS2_PLACEMENT_3D('',#2198,#2199,#2200);
#2198 = CARTESIAN_POINT('',(4.,0.E+000,-17.));
#2199 = DIRECTION('',(0.E+000,1.,0.E+000));
#2200 = DIRECTION('',(0.E+000,0.E+000,1.));
#2201 = DEFINITIONAL_REPRESENTATION('',(#2202),#2206);
#2202 = LINE('',#2203,#2204);
#2203 = CARTESIAN_POINT('',(6.8,0.E+000));
#2204 = VECTOR('',#2205,1.);
#2205 = DIRECTION('',(0.E+000,1.));
#2206 = ( GEOMETRIC_REPRESENTATION_CONTEXT(2) 
PARAMETRIC_REPRESENTATION_CONTEXT() REPRESENTATION_CONTEXT('2D SPACE',''
  ) );
#2207 = ORIENTED_EDGE('',*,*,#2208,.F.);
#2208 = EDGE_CURVE('',#2209,#2181,#2211,.T.);
#2209 = VERTEX_POINT('',#2210);
#2210 = CARTESIAN_POINT('',(4.5,0.2,-10.2));
#2211 = SURFACE_CURVE('',#2212,(#2216,#2223),.PCURVE_S1.);
#2212 = LINE('',#2213,#2214);
#2213 = CARTESIAN_POINT('',(4.275,-2.5E-002,-10.2));
#2214 = VECTOR('',#2215,1.);
#2215 = DIRECTION('',(-0.707106781187,-0.707106781187,0.E+000));
#2216 = PCURVE('',#1915,#2217);
#2217 = DEFINITIONAL_REPRESENTATION('',(#2218),#2222);
#2218 = LINE('',#2219,#2220);
#2219 = CARTESIAN_POINT('',(0.275,-2.5E-002));
#2220 = VECTOR('',#2221,1.);
#2221 = DIRECTION('',(-0.707106781187,-0.707106781187));
#2222 = ( GEOMETRIC_REPRESENTATION_CONTEXT(2) 
PARAMETRIC_REPRESENTATION_CONTEXT() REPRESENTATION_CONTEXT('2D SPACE',''
  ) );
#2223 = PCURVE('',#2224,#2229);
#2224 = PLANE('',#2225);
#2225 = AXIS2_PLACEMENT_3D('',#2226,#2227,#2228);
#2226 = CARTESIAN_POINT('',(4.4,0.1,-17.));
#2227 = DIRECTION('',(-0.707106781187,0.707106781187,1.735417226645E-018
    ));
#2228 = DIRECTION('',(-1.227125289148E-018,1.227125289148E-018,-1.));
#2229 = DEFINITIONAL_REPRESENTATION('',(#2230),#2234);
#2230 = LINE('',#2231,#2232);
#2231 = CARTESIAN_POINT('',(-6.8,0.176776695297));
#2232 = VECTOR('',#2233,1.);
#2233 = DIRECTION('',(-0.E+000,1.));
#2234 = ( GEOMETRIC_REPRESENTATION_CONTEXT(2) 
PARAMETRIC_REPRESENTATION_CONTEXT() REPRESENTATION_CONTEXT('2D SPACE',''
  ) );
#2235 = ORIENTED_EDGE('',*,*,#2236,.T.);
#2236 = EDGE_CURVE('',#2209,#2237,#2239,.T.);
#2237 = VERTEX_POINT('',#2238);
#2238 = CARTESIAN_POINT('',(4.5,0.70685,-10.2));
#2239 = SURFACE_CURVE('',#2240,(#2244,#2251),.PCURVE_S1.);
#2240 = LINE('',#2241,#2242);
#2241 = CARTESIAN_POINT('',(4.5,0.E+000,-10.2));
#2242 = VECTOR('',#2243,1.);
#2243 = DIRECTION('',(0.E+000,1.,0.E+000));
#2244 = PCURVE('',#1915,#2245);
#2245 = DEFINITIONAL_REPRESENTATION('',(#2246),#2250);
#2246 = LINE('',#2247,#2248);
#2247 = CARTESIAN_POINT('',(0.5,0.E+000));
#2248 = VECTOR('',#2249,1.);
#2249 = DIRECTION('',(0.E+000,1.));
#2250 = ( GEOMETRIC_REPRESENTATION_CONTEXT(2) 
PARAMETRIC_REPRESENTATION_CONTEXT() REPRESENTATION_CONTEXT('2D SPACE',''
  ) );
#2251 = PCURVE('',#2252,#2257);
#2252 = PLANE('',#2253);
#2253 = AXIS2_PLACEMENT_3D('',#2254,#2255,#2256);
#2254 = CARTESIAN_POINT('',(4.5,0.E+000,-17.));
#2255 = DIRECTION('',(1.,0.E+000,0.E+000));
#2256 = DIRECTION('',(0.E+000,0.E+000,1.));
#2257 = DEFINITIONAL_REPRESENTATION('',(#2258),#2262);
#2258 = LINE('',#2259,#2260);
#2259 = CARTESIAN_POINT('',(6.8,0.E+000));
#2260 = VECTOR('',#2261,1.);
#2261 = DIRECTION('',(0.E+000,-1.));
#2262 = ( GEOMETRIC_REPRESENTATION_CONTEXT(2) 
PARAMETRIC_REPRESENTATION_CONTEXT() REPRESENTATION_CONTEXT('2D SPACE',''
  ) );
#2263 = ORIENTED_EDGE('',*,*,#2264,.F.);
#2264 = EDGE_CURVE('',#2265,#2237,#2267,.T.);
#2265 = VERTEX_POINT('',#2266);
#2266 = CARTESIAN_POINT('',(4.4,0.80685,-10.2));
#2267 = SURFACE_CURVE('',#2268,(#2272,#2279),.PCURVE_S1.);
#2268 = LINE('',#2269,#2270);
#2269 = CARTESIAN_POINT('',(4.5267125,0.6801375,-10.2));
#2270 = VECTOR('',#2271,1.);
#2271 = DIRECTION('',(0.707106781187,-0.707106781187,0.E+000));
#2272 = PCURVE('',#1915,#2273);
#2273 = DEFINITIONAL_REPRESENTATION('',(#2274),#2278);
#2274 = LINE('',#2275,#2276);
#2275 = CARTESIAN_POINT('',(0.5267125,0.6801375));
#2276 = VECTOR('',#2277,1.);
#2277 = DIRECTION('',(0.707106781187,-0.707106781187));
#2278 = ( GEOMETRIC_REPRESENTATION_CONTEXT(2) 
PARAMETRIC_REPRESENTATION_CONTEXT() REPRESENTATION_CONTEXT('2D SPACE',''
  ) );
#2279 = PCURVE('',#2280,#2285);
#2280 = PLANE('',#2281);
#2281 = AXIS2_PLACEMENT_3D('',#2282,#2283,#2284);
#2282 = CARTESIAN_POINT('',(4.45,0.75685,-10.2));
#2283 = DIRECTION('',(-0.707106781187,-0.707106781187,0.E+000));
#2284 = DIRECTION('',(0.E+000,0.E+000,-1.));
#2285 = DEFINITIONAL_REPRESENTATION('',(#2286),#2290);
#2286 = LINE('',#2287,#2288);
#2287 = CARTESIAN_POINT('',(-0.E+000,0.108487857904));
#2288 = VECTOR('',#2289,1.);
#2289 = DIRECTION('',(0.E+000,1.));
#2290 = ( GEOMETRIC_REPRESENTATION_CONTEXT(2) 
PARAMETRIC_REPRESENTATION_CONTEXT() REPRESENTATION_CONTEXT('2D SPACE',''
  ) );
#2291 = ORIENTED_EDGE('',*,*,#2292,.F.);
#2292 = EDGE_CURVE('',#2293,#2265,#2295,.T.);
#2293 = VERTEX_POINT('',#2294);
#2294 = CARTESIAN_POINT('',(4.1,0.80685,-10.2));
#2295 = SURFACE_CURVE('',#2296,(#2300,#2306),.PCURVE_S1.);
#2296 = LINE('',#2297,#2298);
#2297 = CARTESIAN_POINT('',(4.25,0.80685,-10.2));
#2298 = VECTOR('',#2299,1.);
#2299 = DIRECTION('',(1.,0.E+000,0.E+000));
#2300 = PCURVE('',#1915,#2301);
#2301 = DEFINITIONAL_REPRESENTATION('',(#2302),#2305);
#2302 = B_SPLINE_CURVE_WITH_KNOTS('',1,(#2303,#2304),.UNSPECIFIED.,.F.,
  .F.,(2,2),(-0.3,0.3),.PIECEWISE_BEZIER_KNOTS.);
#2303 = CARTESIAN_POINT('',(-5.E-002,0.80685));
#2304 = CARTESIAN_POINT('',(0.55,0.80685));
#2305 = ( GEOMETRIC_REPRESENTATION_CONTEXT(2) 
PARAMETRIC_REPRESENTATION_CONTEXT() REPRESENTATION_CONTEXT('2D SPACE',''
  ) );
#2306 = PCURVE('',#2307,#2312);
#2307 = PLANE('',#2308);
#2308 = AXIS2_PLACEMENT_3D('',#2309,#2310,#2311);
#2309 = CARTESIAN_POINT('',(4.5,0.80685,-9.977172));
#2310 = DIRECTION('',(0.E+000,-1.,0.E+000));
#2311 = DIRECTION('',(0.E+000,0.E+000,-1.));
#2312 = DEFINITIONAL_REPRESENTATION('',(#2313),#2316);
#2313 = B_SPLINE_CURVE_WITH_KNOTS('',1,(#2314,#2315),.UNSPECIFIED.,.F.,
  .F.,(2,2),(-0.3,0.3),.PIECEWISE_BEZIER_KNOTS.);
#2314 = CARTESIAN_POINT('',(0.222828,-0.55));
#2315 = CARTESIAN_POINT('',(0.222828,5.E-002));
#2316 = ( GEOMETRIC_REPRESENTATION_CONTEXT(2) 
PARAMETRIC_REPRESENTATION_CONTEXT() REPRESENTATION_CONTEXT('2D SPACE',''
  ) );
#2317 = ORIENTED_EDGE('',*,*,#2318,.F.);
#2318 = EDGE_CURVE('',#1895,#2293,#2319,.T.);
#2319 = SURFACE_CURVE('',#2320,(#2324,#2331),.PCURVE_S1.);
#2320 = LINE('',#2321,#2322);
#2321 = CARTESIAN_POINT('',(3.8482875,0.5551375,-10.2));
#2322 = VECTOR('',#2323,1.);
#2323 = DIRECTION('',(0.707106781187,0.707106781187,0.E+000));
#2324 = PCURVE('',#1915,#2325);
#2325 = DEFINITIONAL_REPRESENTATION('',(#2326),#2330);
#2326 = LINE('',#2327,#2328);
#2327 = CARTESIAN_POINT('',(-0.1517125,0.5551375));
#2328 = VECTOR('',#2329,1.);
#2329 = DIRECTION('',(0.707106781187,0.707106781187));
#2330 = ( GEOMETRIC_REPRESENTATION_CONTEXT(2) 
PARAMETRIC_REPRESENTATION_CONTEXT() REPRESENTATION_CONTEXT('2D SPACE',''
  ) );
#2331 = PCURVE('',#2110,#2332);
#2332 = DEFINITIONAL_REPRESENTATION('',(#2333),#2337);
#2333 = LINE('',#2334,#2335);
#2334 = CARTESIAN_POINT('',(-0.E+000,-0.2852645532));
#2335 = VECTOR('',#2336,1.);
#2336 = DIRECTION('',(-0.E+000,1.));
#2337 = ( GEOMETRIC_REPRESENTATION_CONTEXT(2) 
PARAMETRIC_REPRESENTATION_CONTEXT() REPRESENTATION_CONTEXT('2D SPACE',''
  ) );
#2338 = ADVANCED_FACE('',(#2339),#2110,.T.);
#2339 = FACE_BOUND('',#2340,.F.);
#2340 = EDGE_LOOP('',(#2341,#2342,#2343,#2364));
#2341 = ORIENTED_EDGE('',*,*,#2318,.F.);
#2342 = ORIENTED_EDGE('',*,*,#2096,.T.);
#2343 = ORIENTED_EDGE('',*,*,#2344,.T.);
#2344 = EDGE_CURVE('',#2068,#2345,#2347,.T.);
#2345 = VERTEX_POINT('',#2346);
#2346 = CARTESIAN_POINT('',(4.1,0.80685,-13.5));
#2347 = SURFACE_CURVE('',#2348,(#2352,#2358),.PCURVE_S1.);
#2348 = LINE('',#2349,#2350);
#2349 = CARTESIAN_POINT('',(4.05,0.75685,-13.5));
#2350 = VECTOR('',#2351,1.);
#2351 = DIRECTION('',(0.707106781187,0.707106781187,0.E+000));
#2352 = PCURVE('',#2110,#2353);
#2353 = DEFINITIONAL_REPRESENTATION('',(#2354),#2357);
#2354 = B_SPLINE_CURVE_WITH_KNOTS('',1,(#2355,#2356),.UNSPECIFIED.,.F.,
  .F.,(2,2),(-7.071067811865E-002,7.071067811865E-002),
  .PIECEWISE_BEZIER_KNOTS.);
#2355 = CARTESIAN_POINT('',(-3.3,-7.071067811865E-002));
#2356 = CARTESIAN_POINT('',(-3.3,7.071067811865E-002));
#2357 = ( GEOMETRIC_REPRESENTATION_CONTEXT(2) 
PARAMETRIC_REPRESENTATION_CONTEXT() REPRESENTATION_CONTEXT('2D SPACE',''
  ) );
#2358 = PCURVE('',#2084,#2359);
#2359 = DEFINITIONAL_REPRESENTATION('',(#2360),#2363);
#2360 = B_SPLINE_CURVE_WITH_KNOTS('',1,(#2361,#2362),.UNSPECIFIED.,.F.,
  .F.,(2,2),(-7.071067811865E-002,7.071067811865E-002),
  .PIECEWISE_BEZIER_KNOTS.);
#2361 = CARTESIAN_POINT('',(4.440892098501E-016,0.1));
#2362 = CARTESIAN_POINT('',(4.440892098501E-016,5.299062048058E-016));
#2363 = ( GEOMETRIC_REPRESENTATION_CONTEXT(2) 
PARAMETRIC_REPRESENTATION_CONTEXT() REPRESENTATION_CONTEXT('2D SPACE',''
  ) );
#2364 = ORIENTED_EDGE('',*,*,#2365,.F.);
#2365 = EDGE_CURVE('',#2293,#2345,#2366,.T.);
#2366 = SURFACE_CURVE('',#2367,(#2371,#2378),.PCURVE_S1.);
#2367 = LINE('',#2368,#2369);
#2368 = CARTESIAN_POINT('',(4.1,0.80685,-10.2));
#2369 = VECTOR('',#2370,1.);
#2370 = DIRECTION('',(0.E+000,0.E+000,-1.));
#2371 = PCURVE('',#2110,#2372);
#2372 = DEFINITIONAL_REPRESENTATION('',(#2373),#2377);
#2373 = LINE('',#2374,#2375);
#2374 = CARTESIAN_POINT('',(-0.E+000,7.071067811865E-002));
#2375 = VECTOR('',#2376,1.);
#2376 = DIRECTION('',(-1.,0.E+000));
#2377 = ( GEOMETRIC_REPRESENTATION_CONTEXT(2) 
PARAMETRIC_REPRESENTATION_CONTEXT() REPRESENTATION_CONTEXT('2D SPACE',''
  ) );
#2378 = PCURVE('',#2307,#2379);
#2379 = DEFINITIONAL_REPRESENTATION('',(#2380),#2384);
#2380 = LINE('',#2381,#2382);
#2381 = CARTESIAN_POINT('',(0.222828,-0.4));
#2382 = VECTOR('',#2383,1.);
#2383 = DIRECTION('',(1.,0.E+000));
#2384 = ( GEOMETRIC_REPRESENTATION_CONTEXT(2) 
PARAMETRIC_REPRESENTATION_CONTEXT() REPRESENTATION_CONTEXT('2D SPACE',''
  ) );
#2385 = ADVANCED_FACE('',(#2386),#1943,.T.);
#2386 = FACE_BOUND('',#2387,.F.);
#2387 = EDGE_LOOP('',(#2388,#2389,#2390,#2413));
#2388 = ORIENTED_EDGE('',*,*,#1927,.T.);
#2389 = ORIENTED_EDGE('',*,*,#2157,.T.);
#2390 = ORIENTED_EDGE('',*,*,#2391,.F.);
#2391 = EDGE_CURVE('',#2392,#2158,#2394,.T.);
#2392 = VERTEX_POINT('',#2393);
#2393 = CARTESIAN_POINT('',(4.2,6.036837696399E-016,-16.8));
#2394 = SURFACE_CURVE('',#2395,(#2399,#2406),.PCURVE_S1.);
#2395 = LINE('',#2396,#2397);
#2396 = CARTESIAN_POINT('',(4.2,0.E+000,-17.));
#2397 = VECTOR('',#2398,1.);
#2398 = DIRECTION('',(0.E+000,0.E+000,1.));
#2399 = PCURVE('',#1943,#2400);
#2400 = DEFINITIONAL_REPRESENTATION('',(#2401),#2405);
#2401 = LINE('',#2402,#2403);
#2402 = CARTESIAN_POINT('',(-0.E+000,0.141421356237));
#2403 = VECTOR('',#2404,1.);
#2404 = DIRECTION('',(-1.,0.E+000));
#2405 = ( GEOMETRIC_REPRESENTATION_CONTEXT(2) 
PARAMETRIC_REPRESENTATION_CONTEXT() REPRESENTATION_CONTEXT('2D SPACE',''
  ) );
#2406 = PCURVE('',#2196,#2407);
#2407 = DEFINITIONAL_REPRESENTATION('',(#2408),#2412);
#2408 = LINE('',#2409,#2410);
#2409 = CARTESIAN_POINT('',(0.E+000,0.2));
#2410 = VECTOR('',#2411,1.);
#2411 = DIRECTION('',(1.,0.E+000));
#2412 = ( GEOMETRIC_REPRESENTATION_CONTEXT(2) 
PARAMETRIC_REPRESENTATION_CONTEXT() REPRESENTATION_CONTEXT('2D SPACE',''
  ) );
#2413 = ORIENTED_EDGE('',*,*,#2414,.F.);
#2414 = EDGE_CURVE('',#1928,#2392,#2415,.T.);
#2415 = SURFACE_CURVE('',#2416,(#2420,#2427),.PCURVE_S1.);
#2416 = LINE('',#2417,#2418);
#2417 = CARTESIAN_POINT('',(4.1,0.1,-16.8));
#2418 = VECTOR('',#2419,1.);
#2419 = DIRECTION('',(0.707106781187,-0.707106781187,2.884444029575E-015
    ));
#2420 = PCURVE('',#1943,#2421);
#2421 = DEFINITIONAL_REPRESENTATION('',(#2422),#2426);
#2422 = LINE('',#2423,#2424);
#2423 = CARTESIAN_POINT('',(-0.2,-2.15887713069E-016));
#2424 = VECTOR('',#2425,1.);
#2425 = DIRECTION('',(-2.884444029575E-015,1.));
#2426 = ( GEOMETRIC_REPRESENTATION_CONTEXT(2) 
PARAMETRIC_REPRESENTATION_CONTEXT() REPRESENTATION_CONTEXT('2D SPACE',''
  ) );
#2427 = PCURVE('',#2428,#2433);
#2428 = PLANE('',#2429);
#2429 = AXIS2_PLACEMENT_3D('',#2430,#2431,#2432);
#2430 = CARTESIAN_POINT('',(4.2,0.2,-17.));
#2431 = DIRECTION('',(-0.57735026919,-0.57735026919,-0.57735026919));
#2432 = DIRECTION('',(0.707106781187,-0.707106781187,0.E+000));
#2433 = DEFINITIONAL_REPRESENTATION('',(#2434),#2438);
#2434 = LINE('',#2435,#2436);
#2435 = CARTESIAN_POINT('',(-7.077671781985E-016,0.244948974278));
#2436 = VECTOR('',#2437,1.);
#2437 = DIRECTION('',(1.,3.520872863882E-015));
#2438 = ( GEOMETRIC_REPRESENTATION_CONTEXT(2) 
PARAMETRIC_REPRESENTATION_CONTEXT() REPRESENTATION_CONTEXT('2D SPACE',''
  ) );
#2439 = ADVANCED_FACE('',(#2440),#2084,.F.);
#2440 = FACE_BOUND('',#2441,.F.);
#2441 = EDGE_LOOP('',(#2442,#2443,#2444,#2465));
#2442 = ORIENTED_EDGE('',*,*,#2344,.F.);
#2443 = ORIENTED_EDGE('',*,*,#2067,.T.);
#2444 = ORIENTED_EDGE('',*,*,#2445,.T.);
#2445 = EDGE_CURVE('',#2040,#2446,#2448,.T.);
#2446 = VERTEX_POINT('',#2447);
#2447 = CARTESIAN_POINT('',(4.1,1.99315,-13.5));
#2448 = SURFACE_CURVE('',#2449,(#2453,#2459),.PCURVE_S1.);
#2449 = LINE('',#2450,#2451);
#2450 = CARTESIAN_POINT('',(4.1,1.99315,-13.5));
#2451 = VECTOR('',#2452,1.);
#2452 = DIRECTION('',(0.707106781187,-0.707106781187,
    -2.192030357934E-015));
#2453 = PCURVE('',#2084,#2454);
#2454 = DEFINITIONAL_REPRESENTATION('',(#2455),#2458);
#2455 = B_SPLINE_CURVE_WITH_KNOTS('',1,(#2456,#2457),.UNSPECIFIED.,.F.,
  .F.,(2,2),(-0.141421356237,0.E+000),.PIECEWISE_BEZIER_KNOTS.);
#2456 = CARTESIAN_POINT('',(-3.14159265359,0.1));
#2457 = CARTESIAN_POINT('',(-3.14159265359,0.E+000));
#2458 = ( GEOMETRIC_REPRESENTATION_CONTEXT(2) 
PARAMETRIC_REPRESENTATION_CONTEXT() REPRESENTATION_CONTEXT('2D SPACE',''
  ) );
#2459 = PCURVE('',#2055,#2460);
#2460 = DEFINITIONAL_REPRESENTATION('',(#2461),#2464);
#2461 = B_SPLINE_CURVE_WITH_KNOTS('',1,(#2462,#2463),.UNSPECIFIED.,.F.,
  .F.,(2,2),(-0.141421356237,0.E+000),.PIECEWISE_BEZIER_KNOTS.);
#2462 = CARTESIAN_POINT('',(0.E+000,-7.071067811865E-002));
#2463 = CARTESIAN_POINT('',(0.E+000,7.071067811865E-002));
#2464 = ( GEOMETRIC_REPRESENTATION_CONTEXT(2) 
PARAMETRIC_REPRESENTATION_CONTEXT() REPRESENTATION_CONTEXT('2D SPACE',''
  ) );
#2465 = ORIENTED_EDGE('',*,*,#2466,.F.);
#2466 = EDGE_CURVE('',#2345,#2446,#2467,.T.);
#2467 = SURFACE_CURVE('',#2468,(#2473,#2480),.PCURVE_S1.);
#2468 = CIRCLE('',#2469,0.59315);
#2469 = AXIS2_PLACEMENT_3D('',#2470,#2471,#2472);
#2470 = CARTESIAN_POINT('',(4.1,1.4,-13.5));
#2471 = DIRECTION('',(1.,0.E+000,0.E+000));
#2472 = DIRECTION('',(0.E+000,-1.,2.994785196662E-015));
#2473 = PCURVE('',#2084,#2474);
#2474 = DEFINITIONAL_REPRESENTATION('',(#2475),#2479);
#2475 = LINE('',#2476,#2477);
#2476 = CARTESIAN_POINT('',(-0.E+000,-0.E+000));
#2477 = VECTOR('',#2478,1.);
#2478 = DIRECTION('',(-1.,-0.E+000));
#2479 = ( GEOMETRIC_REPRESENTATION_CONTEXT(2) 
PARAMETRIC_REPRESENTATION_CONTEXT() REPRESENTATION_CONTEXT('2D SPACE',''
  ) );
#2480 = PCURVE('',#2481,#2486);
#2481 = CYLINDRICAL_SURFACE('',#2482,0.59315);
#2482 = AXIS2_PLACEMENT_3D('',#2483,#2484,#2485);
#2483 = CARTESIAN_POINT('',(4.5,1.4,-13.5));
#2484 = DIRECTION('',(1.,0.E+000,0.E+000));
#2485 = DIRECTION('',(0.E+000,1.,0.E+000));
#2486 = DEFINITIONAL_REPRESENTATION('',(#2487),#2491);
#2487 = LINE('',#2488,#2489);
#2488 = CARTESIAN_POINT('',(3.14159265359,-0.4));
#2489 = VECTOR('',#2490,1.);
#2490 = DIRECTION('',(1.,0.E+000));
#2491 = ( GEOMETRIC_REPRESENTATION_CONTEXT(2) 
PARAMETRIC_REPRESENTATION_CONTEXT() REPRESENTATION_CONTEXT('2D SPACE',''
  ) );
#2492 = ADVANCED_FACE('',(#2493),#1971,.T.);
#2493 = FACE_BOUND('',#2494,.T.);
#2494 = EDGE_LOOP('',(#2495,#2518,#2519,#2547));
#2495 = ORIENTED_EDGE('',*,*,#2496,.T.);
#2496 = EDGE_CURVE('',#2497,#1928,#2499,.T.);
#2497 = VERTEX_POINT('',#2498);
#2498 = CARTESIAN_POINT('',(4.2,0.2,-17.));
#2499 = SURFACE_CURVE('',#2500,(#2504,#2511),.PCURVE_S1.);
#2500 = LINE('',#2501,#2502);
#2501 = CARTESIAN_POINT('',(4.15,0.2,-16.95));
#2502 = VECTOR('',#2503,1.);
#2503 = DIRECTION('',(-0.707106781187,-8.461035820088E-015,
    0.707106781187));
#2504 = PCURVE('',#1971,#2505);
#2505 = DEFINITIONAL_REPRESENTATION('',(#2506),#2510);
#2506 = LINE('',#2507,#2508);
#2507 = CARTESIAN_POINT('',(0.2,7.071067811866E-002));
#2508 = VECTOR('',#2509,1.);
#2509 = DIRECTION('',(-8.461035820088E-015,-1.));
#2510 = ( GEOMETRIC_REPRESENTATION_CONTEXT(2) 
PARAMETRIC_REPRESENTATION_CONTEXT() REPRESENTATION_CONTEXT('2D SPACE',''
  ) );
#2511 = PCURVE('',#2428,#2512);
#2512 = DEFINITIONAL_REPRESENTATION('',(#2513),#2517);
#2513 = LINE('',#2514,#2515);
#2514 = CARTESIAN_POINT('',(-3.535533905933E-002,6.123724356958E-002));
#2515 = VECTOR('',#2516,1.);
#2516 = DIRECTION('',(-0.5,0.866025403784));
#2517 = ( GEOMETRIC_REPRESENTATION_CONTEXT(2) 
PARAMETRIC_REPRESENTATION_CONTEXT() REPRESENTATION_CONTEXT('2D SPACE',''
  ) );
#2518 = ORIENTED_EDGE('',*,*,#1955,.T.);
#2519 = ORIENTED_EDGE('',*,*,#2520,.F.);
#2520 = EDGE_CURVE('',#2521,#1956,#2523,.T.);
#2521 = VERTEX_POINT('',#2522);
#2522 = CARTESIAN_POINT('',(4.2,2.6,-17.));
#2523 = SURFACE_CURVE('',#2524,(#2528,#2535),.PCURVE_S1.);
#2524 = LINE('',#2525,#2526);
#2525 = CARTESIAN_POINT('',(4.15,2.6,-16.95));
#2526 = VECTOR('',#2527,1.);
#2527 = DIRECTION('',(-0.707106781187,6.249628730747E-015,0.707106781187
    ));
#2528 = PCURVE('',#1971,#2529);
#2529 = DEFINITIONAL_REPRESENTATION('',(#2530),#2534);
#2530 = LINE('',#2531,#2532);
#2531 = CARTESIAN_POINT('',(2.6,7.071067811866E-002));
#2532 = VECTOR('',#2533,1.);
#2533 = DIRECTION('',(6.249628730747E-015,-1.));
#2534 = ( GEOMETRIC_REPRESENTATION_CONTEXT(2) 
PARAMETRIC_REPRESENTATION_CONTEXT() REPRESENTATION_CONTEXT('2D SPACE',''
  ) );
#2535 = PCURVE('',#2536,#2541);
#2536 = PLANE('',#2537);
#2537 = AXIS2_PLACEMENT_3D('',#2538,#2539,#2540);
#2538 = CARTESIAN_POINT('',(4.2,2.6,-17.));
#2539 = DIRECTION('',(0.57735026919,-0.57735026919,0.57735026919));
#2540 = DIRECTION('',(0.707106781187,0.707106781187,0.E+000));
#2541 = DEFINITIONAL_REPRESENTATION('',(#2542),#2546);
#2542 = LINE('',#2543,#2544);
#2543 = CARTESIAN_POINT('',(-3.535533905932E-002,6.123724356958E-002));
#2544 = VECTOR('',#2545,1.);
#2545 = DIRECTION('',(-0.5,0.866025403784));
#2546 = ( GEOMETRIC_REPRESENTATION_CONTEXT(2) 
PARAMETRIC_REPRESENTATION_CONTEXT() REPRESENTATION_CONTEXT('2D SPACE',''
  ) );
#2547 = ORIENTED_EDGE('',*,*,#2548,.F.);
#2548 = EDGE_CURVE('',#2497,#2521,#2549,.T.);
#2549 = SURFACE_CURVE('',#2550,(#2554,#2561),.PCURVE_S1.);
#2550 = LINE('',#2551,#2552);
#2551 = CARTESIAN_POINT('',(4.2,0.E+000,-17.));
#2552 = VECTOR('',#2553,1.);
#2553 = DIRECTION('',(0.E+000,1.,0.E+000));
#2554 = PCURVE('',#1971,#2555);
#2555 = DEFINITIONAL_REPRESENTATION('',(#2556),#2560);
#2556 = LINE('',#2557,#2558);
#2557 = CARTESIAN_POINT('',(0.E+000,0.141421356237));
#2558 = VECTOR('',#2559,1.);
#2559 = DIRECTION('',(1.,0.E+000));
#2560 = ( GEOMETRIC_REPRESENTATION_CONTEXT(2) 
PARAMETRIC_REPRESENTATION_CONTEXT() REPRESENTATION_CONTEXT('2D SPACE',''
  ) );
#2561 = PCURVE('',#2562,#2567);
#2562 = PLANE('',#2563);
#2563 = AXIS2_PLACEMENT_3D('',#2564,#2565,#2566);
#2564 = CARTESIAN_POINT('',(4.,0.E+000,-17.));
#2565 = DIRECTION('',(0.E+000,0.E+000,1.));
#2566 = DIRECTION('',(1.,0.E+000,0.E+000));
#2567 = DEFINITIONAL_REPRESENTATION('',(#2568),#2572);
#2568 = LINE('',#2569,#2570);
#2569 = CARTESIAN_POINT('',(0.2,0.E+000));
#2570 = VECTOR('',#2571,1.);
#2571 = DIRECTION('',(0.E+000,1.));
#2572 = ( GEOMETRIC_REPRESENTATION_CONTEXT(2) 
PARAMETRIC_REPRESENTATION_CONTEXT() REPRESENTATION_CONTEXT('2D SPACE',''
  ) );
#2573 = ADVANCED_FACE('',(#2574),#2055,.F.);
#2574 = FACE_BOUND('',#2575,.F.);
#2575 = EDGE_LOOP('',(#2576,#2577,#2578,#2601));
#2576 = ORIENTED_EDGE('',*,*,#2445,.F.);
#2577 = ORIENTED_EDGE('',*,*,#2039,.T.);
#2578 = ORIENTED_EDGE('',*,*,#2579,.T.);
#2579 = EDGE_CURVE('',#2012,#2580,#2582,.T.);
#2580 = VERTEX_POINT('',#2581);
#2581 = CARTESIAN_POINT('',(4.1,1.99315,-10.2));
#2582 = SURFACE_CURVE('',#2583,(#2587,#2594),.PCURVE_S1.);
#2583 = LINE('',#2584,#2585);
#2584 = CARTESIAN_POINT('',(4.5482875,1.5448625,-10.2));
#2585 = VECTOR('',#2586,1.);
#2586 = DIRECTION('',(0.707106781187,-0.707106781187,0.E+000));
#2587 = PCURVE('',#2055,#2588);
#2588 = DEFINITIONAL_REPRESENTATION('',(#2589),#2593);
#2589 = LINE('',#2590,#2591);
#2590 = CARTESIAN_POINT('',(3.3,0.704684940461));
#2591 = VECTOR('',#2592,1.);
#2592 = DIRECTION('',(0.E+000,1.));
#2593 = ( GEOMETRIC_REPRESENTATION_CONTEXT(2) 
PARAMETRIC_REPRESENTATION_CONTEXT() REPRESENTATION_CONTEXT('2D SPACE',''
  ) );
#2594 = PCURVE('',#2027,#2595);
#2595 = DEFINITIONAL_REPRESENTATION('',(#2596),#2600);
#2596 = LINE('',#2597,#2598);
#2597 = CARTESIAN_POINT('',(0.5482875,1.5448625));
#2598 = VECTOR('',#2599,1.);
#2599 = DIRECTION('',(0.707106781187,-0.707106781187));
#2600 = ( GEOMETRIC_REPRESENTATION_CONTEXT(2) 
PARAMETRIC_REPRESENTATION_CONTEXT() REPRESENTATION_CONTEXT('2D SPACE',''
  ) );
#2601 = ORIENTED_EDGE('',*,*,#2602,.F.);
#2602 = EDGE_CURVE('',#2446,#2580,#2603,.T.);
#2603 = SURFACE_CURVE('',#2604,(#2608,#2615),.PCURVE_S1.);
#2604 = LINE('',#2605,#2606);
#2605 = CARTESIAN_POINT('',(4.1,1.99315,-13.5));
#2606 = VECTOR('',#2607,1.);
#2607 = DIRECTION('',(0.E+000,0.E+000,1.));
#2608 = PCURVE('',#2055,#2609);
#2609 = DEFINITIONAL_REPRESENTATION('',(#2610),#2614);
#2610 = LINE('',#2611,#2612);
#2611 = CARTESIAN_POINT('',(0.E+000,7.071067811865E-002));
#2612 = VECTOR('',#2613,1.);
#2613 = DIRECTION('',(1.,0.E+000));
#2614 = ( GEOMETRIC_REPRESENTATION_CONTEXT(2) 
PARAMETRIC_REPRESENTATION_CONTEXT() REPRESENTATION_CONTEXT('2D SPACE',''
  ) );
#2615 = PCURVE('',#2616,#2621);
#2616 = PLANE('',#2617);
#2617 = AXIS2_PLACEMENT_3D('',#2618,#2619,#2620);
#2618 = CARTESIAN_POINT('',(4.5,1.99315,-9.977172));
#2619 = DIRECTION('',(0.E+000,-1.,0.E+000));
#2620 = DIRECTION('',(0.E+000,0.E+000,-1.));
#2621 = DEFINITIONAL_REPRESENTATION('',(#2622),#2626);
#2622 = LINE('',#2623,#2624);
#2623 = CARTESIAN_POINT('',(3.522828,-0.4));
#2624 = VECTOR('',#2625,1.);
#2625 = DIRECTION('',(-1.,0.E+000));
#2626 = ( GEOMETRIC_REPRESENTATION_CONTEXT(2) 
PARAMETRIC_REPRESENTATION_CONTEXT() REPRESENTATION_CONTEXT('2D SPACE',''
  ) );
#2627 = ADVANCED_FACE('',(#2628),#1999,.F.);
#2628 = FACE_BOUND('',#2629,.T.);
#2629 = EDGE_LOOP('',(#2630,#2631,#2654,#2682));
#2630 = ORIENTED_EDGE('',*,*,#1983,.T.);
#2631 = ORIENTED_EDGE('',*,*,#2632,.T.);
#2632 = EDGE_CURVE('',#1984,#2633,#2635,.T.);
#2633 = VERTEX_POINT('',#2634);
#2634 = CARTESIAN_POINT('',(4.2,2.8,-10.2));
#2635 = SURFACE_CURVE('',#2636,(#2640,#2647),.PCURVE_S1.);
#2636 = LINE('',#2637,#2638);
#2637 = CARTESIAN_POINT('',(3.4,2.,-10.2));
#2638 = VECTOR('',#2639,1.);
#2639 = DIRECTION('',(0.707106781187,0.707106781187,0.E+000));
#2640 = PCURVE('',#1999,#2641);
#2641 = DEFINITIONAL_REPRESENTATION('',(#2642),#2646);
#2642 = LINE('',#2643,#2644);
#2643 = CARTESIAN_POINT('',(-6.8,-0.989949493661));
#2644 = VECTOR('',#2645,1.);
#2645 = DIRECTION('',(-0.E+000,1.));
#2646 = ( GEOMETRIC_REPRESENTATION_CONTEXT(2) 
PARAMETRIC_REPRESENTATION_CONTEXT() REPRESENTATION_CONTEXT('2D SPACE',''
  ) );
#2647 = PCURVE('',#2027,#2648);
#2648 = DEFINITIONAL_REPRESENTATION('',(#2649),#2653);
#2649 = LINE('',#2650,#2651);
#2650 = CARTESIAN_POINT('',(-0.6,2.));
#2651 = VECTOR('',#2652,1.);
#2652 = DIRECTION('',(0.707106781187,0.707106781187));
#2653 = ( GEOMETRIC_REPRESENTATION_CONTEXT(2) 
PARAMETRIC_REPRESENTATION_CONTEXT() REPRESENTATION_CONTEXT('2D SPACE',''
  ) );
#2654 = ORIENTED_EDGE('',*,*,#2655,.F.);
#2655 = EDGE_CURVE('',#2656,#2633,#2658,.T.);
#2656 = VERTEX_POINT('',#2657);
#2657 = CARTESIAN_POINT('',(4.2,2.8,-16.8));
#2658 = SURFACE_CURVE('',#2659,(#2663,#2670),.PCURVE_S1.);
#2659 = LINE('',#2660,#2661);
#2660 = CARTESIAN_POINT('',(4.2,2.8,-17.));
#2661 = VECTOR('',#2662,1.);
#2662 = DIRECTION('',(0.E+000,0.E+000,1.));
#2663 = PCURVE('',#1999,#2664);
#2664 = DEFINITIONAL_REPRESENTATION('',(#2665),#2669);
#2665 = LINE('',#2666,#2667);
#2666 = CARTESIAN_POINT('',(-0.E+000,0.141421356237));
#2667 = VECTOR('',#2668,1.);
#2668 = DIRECTION('',(-1.,0.E+000));
#2669 = ( GEOMETRIC_REPRESENTATION_CONTEXT(2) 
PARAMETRIC_REPRESENTATION_CONTEXT() REPRESENTATION_CONTEXT('2D SPACE',''
  ) );
#2670 = PCURVE('',#2671,#2676);
#2671 = PLANE('',#2672);
#2672 = AXIS2_PLACEMENT_3D('',#2673,#2674,#2675);
#2673 = CARTESIAN_POINT('',(4.,2.8,-17.));
#2674 = DIRECTION('',(0.E+000,1.,0.E+000));
#2675 = DIRECTION('',(0.E+000,0.E+000,1.));
#2676 = DEFINITIONAL_REPRESENTATION('',(#2677),#2681);
#2677 = LINE('',#2678,#2679);
#2678 = CARTESIAN_POINT('',(0.E+000,0.2));
#2679 = VECTOR('',#2680,1.);
#2680 = DIRECTION('',(1.,0.E+000));
#2681 = ( GEOMETRIC_REPRESENTATION_CONTEXT(2) 
PARAMETRIC_REPRESENTATION_CONTEXT() REPRESENTATION_CONTEXT('2D SPACE',''
  ) );
#2682 = ORIENTED_EDGE('',*,*,#2683,.F.);
#2683 = EDGE_CURVE('',#1956,#2656,#2684,.T.);
#2684 = SURFACE_CURVE('',#2685,(#2689,#2696),.PCURVE_S1.);
#2685 = LINE('',#2686,#2687);
#2686 = CARTESIAN_POINT('',(4.1,2.7,-16.8));
#2687 = VECTOR('',#2688,1.);
#2688 = DIRECTION('',(0.707106781187,0.707106781187,-1.634518283426E-015
    ));
#2689 = PCURVE('',#1999,#2690);
#2690 = DEFINITIONAL_REPRESENTATION('',(#2691),#2695);
#2691 = LINE('',#2692,#2693);
#2692 = CARTESIAN_POINT('',(-0.2,3.140184917368E-016));
#2693 = VECTOR('',#2694,1.);
#2694 = DIRECTION('',(1.634518283426E-015,1.));
#2695 = ( GEOMETRIC_REPRESENTATION_CONTEXT(2) 
PARAMETRIC_REPRESENTATION_CONTEXT() REPRESENTATION_CONTEXT('2D SPACE',''
  ) );
#2696 = PCURVE('',#2536,#2697);
#2697 = DEFINITIONAL_REPRESENTATION('',(#2698),#2702);
#2698 = LINE('',#2699,#2700);
#2699 = CARTESIAN_POINT('',(4.801714581504E-016,0.244948974278));
#2700 = VECTOR('',#2701,1.);
#2701 = DIRECTION('',(1.,-2.000712404656E-015));
#2702 = ( GEOMETRIC_REPRESENTATION_CONTEXT(2) 
PARAMETRIC_REPRESENTATION_CONTEXT() REPRESENTATION_CONTEXT('2D SPACE',''
  ) );
#2703 = ADVANCED_FACE('',(#2704),#2027,.T.);
#2704 = FACE_BOUND('',#2705,.T.);
#2705 = EDGE_LOOP('',(#2706,#2707,#2708,#2729,#2757,#2780,#2808,#2829));
#2706 = ORIENTED_EDGE('',*,*,#2011,.F.);
#2707 = ORIENTED_EDGE('',*,*,#2579,.T.);
#2708 = ORIENTED_EDGE('',*,*,#2709,.T.);
#2709 = EDGE_CURVE('',#2580,#2710,#2712,.T.);
#2710 = VERTEX_POINT('',#2711);
#2711 = CARTESIAN_POINT('',(4.4,1.99315,-10.2));
#2712 = SURFACE_CURVE('',#2713,(#2717,#2723),.PCURVE_S1.);
#2713 = LINE('',#2714,#2715);
#2714 = CARTESIAN_POINT('',(4.25,1.99315,-10.2));
#2715 = VECTOR('',#2716,1.);
#2716 = DIRECTION('',(1.,0.E+000,0.E+000));
#2717 = PCURVE('',#2027,#2718);
#2718 = DEFINITIONAL_REPRESENTATION('',(#2719),#2722);
#2719 = B_SPLINE_CURVE_WITH_KNOTS('',1,(#2720,#2721),.UNSPECIFIED.,.F.,
  .F.,(2,2),(-0.3,0.3),.PIECEWISE_BEZIER_KNOTS.);
#2720 = CARTESIAN_POINT('',(-5.E-002,1.99315));
#2721 = CARTESIAN_POINT('',(0.55,1.99315));
#2722 = ( GEOMETRIC_REPRESENTATION_CONTEXT(2) 
PARAMETRIC_REPRESENTATION_CONTEXT() REPRESENTATION_CONTEXT('2D SPACE',''
  ) );
#2723 = PCURVE('',#2616,#2724);
#2724 = DEFINITIONAL_REPRESENTATION('',(#2725),#2728);
#2725 = B_SPLINE_CURVE_WITH_KNOTS('',1,(#2726,#2727),.UNSPECIFIED.,.F.,
  .F.,(2,2),(-0.3,0.3),.PIECEWISE_BEZIER_KNOTS.);
#2726 = CARTESIAN_POINT('',(0.222828,-0.55));
#2727 = CARTESIAN_POINT('',(0.222828,5.E-002));
#2728 = ( GEOMETRIC_REPRESENTATION_CONTEXT(2) 
PARAMETRIC_REPRESENTATION_CONTEXT() REPRESENTATION_CONTEXT('2D SPACE',''
  ) );
#2729 = ORIENTED_EDGE('',*,*,#2730,.T.);
#2730 = EDGE_CURVE('',#2710,#2731,#2733,.T.);
#2731 = VERTEX_POINT('',#2732);
#2732 = CARTESIAN_POINT('',(4.5,2.09315,-10.2));
#2733 = SURFACE_CURVE('',#2734,(#2738,#2745),.PCURVE_S1.);
#2734 = LINE('',#2735,#2736);
#2735 = CARTESIAN_POINT('',(3.8267125,1.4198625,-10.2));
#2736 = VECTOR('',#2737,1.);
#2737 = DIRECTION('',(0.707106781187,0.707106781187,0.E+000));
#2738 = PCURVE('',#2027,#2739);
#2739 = DEFINITIONAL_REPRESENTATION('',(#2740),#2744);
#2740 = LINE('',#2741,#2742);
#2741 = CARTESIAN_POINT('',(-0.1732875,1.4198625));
#2742 = VECTOR('',#2743,1.);
#2743 = DIRECTION('',(0.707106781187,0.707106781187));
#2744 = ( GEOMETRIC_REPRESENTATION_CONTEXT(2) 
PARAMETRIC_REPRESENTATION_CONTEXT() REPRESENTATION_CONTEXT('2D SPACE',''
  ) );
#2745 = PCURVE('',#2746,#2751);
#2746 = PLANE('',#2747);
#2747 = AXIS2_PLACEMENT_3D('',#2748,#2749,#2750);
#2748 = CARTESIAN_POINT('',(4.45,2.04315,-13.5));
#2749 = DIRECTION('',(0.707106781187,-0.707106781187,0.E+000));
#2750 = DIRECTION('',(0.E+000,0.E+000,-1.));
#2751 = DEFINITIONAL_REPRESENTATION('',(#2752),#2756);
#2752 = LINE('',#2753,#2754);
#2753 = CARTESIAN_POINT('',(-3.3,-0.881461635758));
#2754 = VECTOR('',#2755,1.);
#2755 = DIRECTION('',(-0.E+000,1.));
#2756 = ( GEOMETRIC_REPRESENTATION_CONTEXT(2) 
PARAMETRIC_REPRESENTATION_CONTEXT() REPRESENTATION_CONTEXT('2D SPACE',''
  ) );
#2757 = ORIENTED_EDGE('',*,*,#2758,.T.);
#2758 = EDGE_CURVE('',#2731,#2759,#2761,.T.);
#2759 = VERTEX_POINT('',#2760);
#2760 = CARTESIAN_POINT('',(4.5,2.6,-10.2));
#2761 = SURFACE_CURVE('',#2762,(#2766,#2773),.PCURVE_S1.);
#2762 = LINE('',#2763,#2764);
#2763 = CARTESIAN_POINT('',(4.5,0.E+000,-10.2));
#2764 = VECTOR('',#2765,1.);
#2765 = DIRECTION('',(0.E+000,1.,0.E+000));
#2766 = PCURVE('',#2027,#2767);
#2767 = DEFINITIONAL_REPRESENTATION('',(#2768),#2772);
#2768 = LINE('',#2769,#2770);
#2769 = CARTESIAN_POINT('',(0.5,0.E+000));
#2770 = VECTOR('',#2771,1.);
#2771 = DIRECTION('',(0.E+000,1.));
#2772 = ( GEOMETRIC_REPRESENTATION_CONTEXT(2) 
PARAMETRIC_REPRESENTATION_CONTEXT() REPRESENTATION_CONTEXT('2D SPACE',''
  ) );
#2773 = PCURVE('',#2252,#2774);
#2774 = DEFINITIONAL_REPRESENTATION('',(#2775),#2779);
#2775 = LINE('',#2776,#2777);
#2776 = CARTESIAN_POINT('',(6.8,0.E+000));
#2777 = VECTOR('',#2778,1.);
#2778 = DIRECTION('',(0.E+000,-1.));
#2779 = ( GEOMETRIC_REPRESENTATION_CONTEXT(2) 
PARAMETRIC_REPRESENTATION_CONTEXT() REPRESENTATION_CONTEXT('2D SPACE',''
  ) );
#2780 = ORIENTED_EDGE('',*,*,#2781,.T.);
#2781 = EDGE_CURVE('',#2759,#2782,#2784,.T.);
#2782 = VERTEX_POINT('',#2783);
#2783 = CARTESIAN_POINT('',(4.3,2.8,-10.2));
#2784 = SURFACE_CURVE('',#2785,(#2789,#2796),.PCURVE_S1.);
#2785 = LINE('',#2786,#2787);
#2786 = CARTESIAN_POINT('',(4.975,2.125,-10.2));
#2787 = VECTOR('',#2788,1.);
#2788 = DIRECTION('',(-0.707106781187,0.707106781187,0.E+000));
#2789 = PCURVE('',#2027,#2790);
#2790 = DEFINITIONAL_REPRESENTATION('',(#2791),#2795);
#2791 = LINE('',#2792,#2793);
#2792 = CARTESIAN_POINT('',(0.975,2.125));
#2793 = VECTOR('',#2794,1.);
#2794 = DIRECTION('',(-0.707106781187,0.707106781187));
#2795 = ( GEOMETRIC_REPRESENTATION_CONTEXT(2) 
PARAMETRIC_REPRESENTATION_CONTEXT() REPRESENTATION_CONTEXT('2D SPACE',''
  ) );
#2796 = PCURVE('',#2797,#2802);
#2797 = PLANE('',#2798);
#2798 = AXIS2_PLACEMENT_3D('',#2799,#2800,#2801);
#2799 = CARTESIAN_POINT('',(4.4,2.7,-17.));
#2800 = DIRECTION('',(0.707106781187,0.707106781187,0.E+000));
#2801 = DIRECTION('',(0.E+000,0.E+000,-1.));
#2802 = DEFINITIONAL_REPRESENTATION('',(#2803),#2807);
#2803 = LINE('',#2804,#2805);
#2804 = CARTESIAN_POINT('',(-6.8,-0.813172798365));
#2805 = VECTOR('',#2806,1.);
#2806 = DIRECTION('',(-0.E+000,1.));
#2807 = ( GEOMETRIC_REPRESENTATION_CONTEXT(2) 
PARAMETRIC_REPRESENTATION_CONTEXT() REPRESENTATION_CONTEXT('2D SPACE',''
  ) );
#2808 = ORIENTED_EDGE('',*,*,#2809,.F.);
#2809 = EDGE_CURVE('',#2633,#2782,#2810,.T.);
#2810 = SURFACE_CURVE('',#2811,(#2815,#2822),.PCURVE_S1.);
#2811 = LINE('',#2812,#2813);
#2812 = CARTESIAN_POINT('',(4.,2.8,-10.2));
#2813 = VECTOR('',#2814,1.);
#2814 = DIRECTION('',(1.,0.E+000,0.E+000));
#2815 = PCURVE('',#2027,#2816);
#2816 = DEFINITIONAL_REPRESENTATION('',(#2817),#2821);
#2817 = LINE('',#2818,#2819);
#2818 = CARTESIAN_POINT('',(0.E+000,2.8));
#2819 = VECTOR('',#2820,1.);
#2820 = DIRECTION('',(1.,0.E+000));
#2821 = ( GEOMETRIC_REPRESENTATION_CONTEXT(2) 
PARAMETRIC_REPRESENTATION_CONTEXT() REPRESENTATION_CONTEXT('2D SPACE',''
  ) );
#2822 = PCURVE('',#2671,#2823);
#2823 = DEFINITIONAL_REPRESENTATION('',(#2824),#2828);
#2824 = LINE('',#2825,#2826);
#2825 = CARTESIAN_POINT('',(6.8,0.E+000));
#2826 = VECTOR('',#2827,1.);
#2827 = DIRECTION('',(0.E+000,1.));
#2828 = ( GEOMETRIC_REPRESENTATION_CONTEXT(2) 
PARAMETRIC_REPRESENTATION_CONTEXT() REPRESENTATION_CONTEXT('2D SPACE',''
  ) );
#2829 = ORIENTED_EDGE('',*,*,#2632,.F.);
#2830 = ADVANCED_FACE('',(#2831),#2141,.F.);
#2831 = FACE_BOUND('',#2832,.F.);
#2832 = EDGE_LOOP('',(#2833,#2856,#2883,#2884));
#2833 = ORIENTED_EDGE('',*,*,#2834,.T.);
#2834 = EDGE_CURVE('',#2125,#2835,#2837,.T.);
#2835 = VERTEX_POINT('',#2836);
#2836 = CARTESIAN_POINT('',(4.4,1.4,-16.2));
#2837 = SEAM_CURVE('',#2838,(#2842,#2849),.PCURVE_S1.);
#2838 = LINE('',#2839,#2840);
#2839 = CARTESIAN_POINT('',(-5.,1.4,-16.2));
#2840 = VECTOR('',#2841,1.);
#2841 = DIRECTION('',(1.,0.E+000,-2.22044604925E-016));
#2842 = PCURVE('',#2141,#2843);
#2843 = DEFINITIONAL_REPRESENTATION('',(#2844),#2848);
#2844 = LINE('',#2845,#2846);
#2845 = CARTESIAN_POINT('',(6.28318530718,-0.E+000));
#2846 = VECTOR('',#2847,1.);
#2847 = DIRECTION('',(0.E+000,1.));
#2848 = ( GEOMETRIC_REPRESENTATION_CONTEXT(2) 
PARAMETRIC_REPRESENTATION_CONTEXT() REPRESENTATION_CONTEXT('2D SPACE',''
  ) );
#2849 = PCURVE('',#2141,#2850);
#2850 = DEFINITIONAL_REPRESENTATION('',(#2851),#2855);
#2851 = LINE('',#2852,#2853);
#2852 = CARTESIAN_POINT('',(0.E+000,-0.E+000));
#2853 = VECTOR('',#2854,1.);
#2854 = DIRECTION('',(0.E+000,1.));
#2855 = ( GEOMETRIC_REPRESENTATION_CONTEXT(2) 
PARAMETRIC_REPRESENTATION_CONTEXT() REPRESENTATION_CONTEXT('2D SPACE',''
  ) );
#2856 = ORIENTED_EDGE('',*,*,#2857,.F.);
#2857 = EDGE_CURVE('',#2835,#2835,#2858,.T.);
#2858 = SURFACE_CURVE('',#2859,(#2864,#2871),.PCURVE_S1.);
#2859 = CIRCLE('',#2860,0.6);
#2860 = AXIS2_PLACEMENT_3D('',#2861,#2862,#2863);
#2861 = CARTESIAN_POINT('',(4.4,1.4,-15.6));
#2862 = DIRECTION('',(1.,-0.E+000,0.E+000));
#2863 = DIRECTION('',(0.E+000,0.E+000,-1.));
#2864 = PCURVE('',#2141,#2865);
#2865 = DEFINITIONAL_REPRESENTATION('',(#2866),#2870);
#2866 = LINE('',#2867,#2868);
#2867 = CARTESIAN_POINT('',(0.E+000,9.4));
#2868 = VECTOR('',#2869,1.);
#2869 = DIRECTION('',(1.,0.E+000));
#2870 = ( GEOMETRIC_REPRESENTATION_CONTEXT(2) 
PARAMETRIC_REPRESENTATION_CONTEXT() REPRESENTATION_CONTEXT('2D SPACE',''
  ) );
#2871 = PCURVE('',#2872,#2877);
#2872 = CONICAL_SURFACE('',#2873,0.6,0.785398163397);
#2873 = AXIS2_PLACEMENT_3D('',#2874,#2875,#2876);
#2874 = CARTESIAN_POINT('',(4.4,1.4,-15.6));
#2875 = DIRECTION('',(1.,0.E+000,0.E+000));
#2876 = DIRECTION('',(0.E+000,0.E+000,-1.));
#2877 = DEFINITIONAL_REPRESENTATION('',(#2878),#2882);
#2878 = LINE('',#2879,#2880);
#2879 = CARTESIAN_POINT('',(0.E+000,0.E+000));
#2880 = VECTOR('',#2881,1.);
#2881 = DIRECTION('',(1.,0.E+000));
#2882 = ( GEOMETRIC_REPRESENTATION_CONTEXT(2) 
PARAMETRIC_REPRESENTATION_CONTEXT() REPRESENTATION_CONTEXT('2D SPACE',''
  ) );
#2883 = ORIENTED_EDGE('',*,*,#2834,.F.);
#2884 = ORIENTED_EDGE('',*,*,#2124,.T.);
#2885 = ADVANCED_FACE('',(#2886),#2307,.F.);
#2886 = FACE_BOUND('',#2887,.F.);
#2887 = EDGE_LOOP('',(#2888,#2911,#2932,#2933));
#2888 = ORIENTED_EDGE('',*,*,#2889,.F.);
#2889 = EDGE_CURVE('',#2890,#2345,#2892,.T.);
#2890 = VERTEX_POINT('',#2891);
#2891 = CARTESIAN_POINT('',(4.4,0.80685,-13.5));
#2892 = SURFACE_CURVE('',#2893,(#2897,#2904),.PCURVE_S1.);
#2893 = LINE('',#2894,#2895);
#2894 = CARTESIAN_POINT('',(4.5,0.80685,-13.5));
#2895 = VECTOR('',#2896,1.);
#2896 = DIRECTION('',(-1.,-0.E+000,-0.E+000));
#2897 = PCURVE('',#2307,#2898);
#2898 = DEFINITIONAL_REPRESENTATION('',(#2899),#2903);
#2899 = LINE('',#2900,#2901);
#2900 = CARTESIAN_POINT('',(3.522828,0.E+000));
#2901 = VECTOR('',#2902,1.);
#2902 = DIRECTION('',(0.E+000,-1.));
#2903 = ( GEOMETRIC_REPRESENTATION_CONTEXT(2) 
PARAMETRIC_REPRESENTATION_CONTEXT() REPRESENTATION_CONTEXT('2D SPACE',''
  ) );
#2904 = PCURVE('',#2481,#2905);
#2905 = DEFINITIONAL_REPRESENTATION('',(#2906),#2910);
#2906 = LINE('',#2907,#2908);
#2907 = CARTESIAN_POINT('',(3.14159265359,0.E+000));
#2908 = VECTOR('',#2909,1.);
#2909 = DIRECTION('',(0.E+000,-1.));
#2910 = ( GEOMETRIC_REPRESENTATION_CONTEXT(2) 
PARAMETRIC_REPRESENTATION_CONTEXT() REPRESENTATION_CONTEXT('2D SPACE',''
  ) );
#2911 = ORIENTED_EDGE('',*,*,#2912,.F.);
#2912 = EDGE_CURVE('',#2265,#2890,#2913,.T.);
#2913 = SURFACE_CURVE('',#2914,(#2918,#2925),.PCURVE_S1.);
#2914 = LINE('',#2915,#2916);
#2915 = CARTESIAN_POINT('',(4.4,0.80685,-10.2));
#2916 = VECTOR('',#2917,1.);
#2917 = DIRECTION('',(0.E+000,0.E+000,-1.));
#2918 = PCURVE('',#2307,#2919);
#2919 = DEFINITIONAL_REPRESENTATION('',(#2920),#2924);
#2920 = LINE('',#2921,#2922);
#2921 = CARTESIAN_POINT('',(0.222828,-1.E-001));
#2922 = VECTOR('',#2923,1.);
#2923 = DIRECTION('',(1.,0.E+000));
#2924 = ( GEOMETRIC_REPRESENTATION_CONTEXT(2) 
PARAMETRIC_REPRESENTATION_CONTEXT() REPRESENTATION_CONTEXT('2D SPACE',''
  ) );
#2925 = PCURVE('',#2280,#2926);
#2926 = DEFINITIONAL_REPRESENTATION('',(#2927),#2931);
#2927 = LINE('',#2928,#2929);
#2928 = CARTESIAN_POINT('',(0.E+000,-7.071067811865E-002));
#2929 = VECTOR('',#2930,1.);
#2930 = DIRECTION('',(1.,0.E+000));
#2931 = ( GEOMETRIC_REPRESENTATION_CONTEXT(2) 
PARAMETRIC_REPRESENTATION_CONTEXT() REPRESENTATION_CONTEXT('2D SPACE',''
  ) );
#2932 = ORIENTED_EDGE('',*,*,#2292,.F.);
#2933 = ORIENTED_EDGE('',*,*,#2365,.T.);
#2934 = ADVANCED_FACE('',(#2935),#2196,.F.);
#2935 = FACE_BOUND('',#2936,.F.);
#2936 = EDGE_LOOP('',(#2937,#2938,#2961,#2987));
#2937 = ORIENTED_EDGE('',*,*,#2180,.T.);
#2938 = ORIENTED_EDGE('',*,*,#2939,.F.);
#2939 = EDGE_CURVE('',#2940,#2181,#2942,.T.);
#2940 = VERTEX_POINT('',#2941);
#2941 = CARTESIAN_POINT('',(4.3,6.033769883176E-016,-16.8));
#2942 = SURFACE_CURVE('',#2943,(#2947,#2954),.PCURVE_S1.);
#2943 = LINE('',#2944,#2945);
#2944 = CARTESIAN_POINT('',(4.3,0.E+000,-17.));
#2945 = VECTOR('',#2946,1.);
#2946 = DIRECTION('',(0.E+000,0.E+000,1.));
#2947 = PCURVE('',#2196,#2948);
#2948 = DEFINITIONAL_REPRESENTATION('',(#2949),#2953);
#2949 = LINE('',#2950,#2951);
#2950 = CARTESIAN_POINT('',(0.E+000,0.3));
#2951 = VECTOR('',#2952,1.);
#2952 = DIRECTION('',(1.,0.E+000));
#2953 = ( GEOMETRIC_REPRESENTATION_CONTEXT(2) 
PARAMETRIC_REPRESENTATION_CONTEXT() REPRESENTATION_CONTEXT('2D SPACE',''
  ) );
#2954 = PCURVE('',#2224,#2955);
#2955 = DEFINITIONAL_REPRESENTATION('',(#2956),#2960);
#2956 = LINE('',#2957,#2958);
#2957 = CARTESIAN_POINT('',(-0.E+000,0.141421356237));
#2958 = VECTOR('',#2959,1.);
#2959 = DIRECTION('',(-1.,0.E+000));
#2960 = ( GEOMETRIC_REPRESENTATION_CONTEXT(2) 
PARAMETRIC_REPRESENTATION_CONTEXT() REPRESENTATION_CONTEXT('2D SPACE',''
  ) );
#2961 = ORIENTED_EDGE('',*,*,#2962,.F.);
#2962 = EDGE_CURVE('',#2392,#2940,#2963,.T.);
#2963 = SURFACE_CURVE('',#2964,(#2968,#2975),.PCURVE_S1.);
#2964 = LINE('',#2965,#2966);
#2965 = CARTESIAN_POINT('',(4.,0.E+000,-16.8));
#2966 = VECTOR('',#2967,1.);
#2967 = DIRECTION('',(1.,0.E+000,0.E+000));
#2968 = PCURVE('',#2196,#2969);
#2969 = DEFINITIONAL_REPRESENTATION('',(#2970),#2974);
#2970 = LINE('',#2971,#2972);
#2971 = CARTESIAN_POINT('',(0.2,0.E+000));
#2972 = VECTOR('',#2973,1.);
#2973 = DIRECTION('',(0.E+000,1.));
#2974 = ( GEOMETRIC_REPRESENTATION_CONTEXT(2) 
PARAMETRIC_REPRESENTATION_CONTEXT() REPRESENTATION_CONTEXT('2D SPACE',''
  ) );
#2975 = PCURVE('',#2976,#2981);
#2976 = PLANE('',#2977);
#2977 = AXIS2_PLACEMENT_3D('',#2978,#2979,#2980);
#2978 = CARTESIAN_POINT('',(4.,0.1,-16.9));
#2979 = DIRECTION('',(-1.735417226645E-018,-0.707106781187,
    -0.707106781187));
#2980 = DIRECTION('',(-1.,1.227125289148E-018,1.227125289148E-018));
#2981 = DEFINITIONAL_REPRESENTATION('',(#2982),#2986);
#2982 = LINE('',#2983,#2984);
#2983 = CARTESIAN_POINT('',(-0.E+000,-0.141421356237));
#2984 = VECTOR('',#2985,1.);
#2985 = DIRECTION('',(-1.,0.E+000));
#2986 = ( GEOMETRIC_REPRESENTATION_CONTEXT(2) 
PARAMETRIC_REPRESENTATION_CONTEXT() REPRESENTATION_CONTEXT('2D SPACE',''
  ) );
#2987 = ORIENTED_EDGE('',*,*,#2391,.T.);
#2988 = ADVANCED_FACE('',(#2989),#2280,.F.);
#2989 = FACE_BOUND('',#2990,.F.);
#2990 = EDGE_LOOP('',(#2991,#2992,#2993,#3019));
#2991 = ORIENTED_EDGE('',*,*,#2264,.F.);
#2992 = ORIENTED_EDGE('',*,*,#2912,.T.);
#2993 = ORIENTED_EDGE('',*,*,#2994,.T.);
#2994 = EDGE_CURVE('',#2890,#2995,#2997,.T.);
#2995 = VERTEX_POINT('',#2996);
#2996 = CARTESIAN_POINT('',(4.5,0.70685,-13.5));
#2997 = SURFACE_CURVE('',#2998,(#3002,#3008),.PCURVE_S1.);
#2998 = LINE('',#2999,#3000);
#2999 = CARTESIAN_POINT('',(4.45,0.75685,-13.5));
#3000 = VECTOR('',#3001,1.);
#3001 = DIRECTION('',(0.707106781187,-0.707106781187,0.E+000));
#3002 = PCURVE('',#2280,#3003);
#3003 = DEFINITIONAL_REPRESENTATION('',(#3004),#3007);
#3004 = B_SPLINE_CURVE_WITH_KNOTS('',1,(#3005,#3006),.UNSPECIFIED.,.F.,
  .F.,(2,2),(-7.071067811865E-002,7.071067811865E-002),
  .PIECEWISE_BEZIER_KNOTS.);
#3005 = CARTESIAN_POINT('',(3.3,-7.071067811865E-002));
#3006 = CARTESIAN_POINT('',(3.3,7.071067811865E-002));
#3007 = ( GEOMETRIC_REPRESENTATION_CONTEXT(2) 
PARAMETRIC_REPRESENTATION_CONTEXT() REPRESENTATION_CONTEXT('2D SPACE',''
  ) );
#3008 = PCURVE('',#3009,#3014);
#3009 = CONICAL_SURFACE('',#3010,0.59315,0.785398163397);
#3010 = AXIS2_PLACEMENT_3D('',#3011,#3012,#3013);
#3011 = CARTESIAN_POINT('',(4.4,1.4,-13.5));
#3012 = DIRECTION('',(1.,0.E+000,0.E+000));
#3013 = DIRECTION('',(0.E+000,-1.,2.994785196662E-015));
#3014 = DEFINITIONAL_REPRESENTATION('',(#3015),#3018);
#3015 = B_SPLINE_CURVE_WITH_KNOTS('',1,(#3016,#3017),.UNSPECIFIED.,.F.,
  .F.,(2,2),(-7.071067811865E-002,7.071067811865E-002),
  .PIECEWISE_BEZIER_KNOTS.);
#3016 = CARTESIAN_POINT('',(-4.440892098501E-016,0.E+000));
#3017 = CARTESIAN_POINT('',(-4.440892098501E-016,1.E-001));
#3018 = ( GEOMETRIC_REPRESENTATION_CONTEXT(2) 
PARAMETRIC_REPRESENTATION_CONTEXT() REPRESENTATION_CONTEXT('2D SPACE',''
  ) );
#3019 = ORIENTED_EDGE('',*,*,#3020,.F.);
#3020 = EDGE_CURVE('',#2237,#2995,#3021,.T.);
#3021 = SURFACE_CURVE('',#3022,(#3026,#3033),.PCURVE_S1.);
#3022 = LINE('',#3023,#3024);
#3023 = CARTESIAN_POINT('',(4.5,0.70685,-10.2));
#3024 = VECTOR('',#3025,1.);
#3025 = DIRECTION('',(0.E+000,0.E+000,-1.));
#3026 = PCURVE('',#2280,#3027);
#3027 = DEFINITIONAL_REPRESENTATION('',(#3028),#3032);
#3028 = LINE('',#3029,#3030);
#3029 = CARTESIAN_POINT('',(0.E+000,7.071067811865E-002));
#3030 = VECTOR('',#3031,1.);
#3031 = DIRECTION('',(1.,0.E+000));
#3032 = ( GEOMETRIC_REPRESENTATION_CONTEXT(2) 
PARAMETRIC_REPRESENTATION_CONTEXT() REPRESENTATION_CONTEXT('2D SPACE',''
  ) );
#3033 = PCURVE('',#2252,#3034);
#3034 = DEFINITIONAL_REPRESENTATION('',(#3035),#3039);
#3035 = LINE('',#3036,#3037);
#3036 = CARTESIAN_POINT('',(6.8,-0.70685));
#3037 = VECTOR('',#3038,1.);
#3038 = DIRECTION('',(-1.,0.E+000));
#3039 = ( GEOMETRIC_REPRESENTATION_CONTEXT(2) 
PARAMETRIC_REPRESENTATION_CONTEXT() REPRESENTATION_CONTEXT('2D SPACE',''
  ) );
#3040 = ADVANCED_FACE('',(#3041),#2224,.F.);
#3041 = FACE_BOUND('',#3042,.T.);
#3042 = EDGE_LOOP('',(#3043,#3066,#3067,#3068));
#3043 = ORIENTED_EDGE('',*,*,#3044,.T.);
#3044 = EDGE_CURVE('',#3045,#2209,#3047,.T.);
#3045 = VERTEX_POINT('',#3046);
#3046 = CARTESIAN_POINT('',(4.5,0.2,-16.8));
#3047 = SURFACE_CURVE('',#3048,(#3052,#3059),.PCURVE_S1.);
#3048 = LINE('',#3049,#3050);
#3049 = CARTESIAN_POINT('',(4.5,0.2,-17.));
#3050 = VECTOR('',#3051,1.);
#3051 = DIRECTION('',(0.E+000,0.E+000,1.));
#3052 = PCURVE('',#2224,#3053);
#3053 = DEFINITIONAL_REPRESENTATION('',(#3054),#3058);
#3054 = LINE('',#3055,#3056);
#3055 = CARTESIAN_POINT('',(-0.E+000,-0.141421356237));
#3056 = VECTOR('',#3057,1.);
#3057 = DIRECTION('',(-1.,0.E+000));
#3058 = ( GEOMETRIC_REPRESENTATION_CONTEXT(2) 
PARAMETRIC_REPRESENTATION_CONTEXT() REPRESENTATION_CONTEXT('2D SPACE',''
  ) );
#3059 = PCURVE('',#2252,#3060);
#3060 = DEFINITIONAL_REPRESENTATION('',(#3061),#3065);
#3061 = LINE('',#3062,#3063);
#3062 = CARTESIAN_POINT('',(0.E+000,-0.2));
#3063 = VECTOR('',#3064,1.);
#3064 = DIRECTION('',(1.,0.E+000));
#3065 = ( GEOMETRIC_REPRESENTATION_CONTEXT(2) 
PARAMETRIC_REPRESENTATION_CONTEXT() REPRESENTATION_CONTEXT('2D SPACE',''
  ) );
#3066 = ORIENTED_EDGE('',*,*,#2208,.T.);
#3067 = ORIENTED_EDGE('',*,*,#2939,.F.);
#3068 = ORIENTED_EDGE('',*,*,#3069,.F.);
#3069 = EDGE_CURVE('',#3045,#2940,#3070,.T.);
#3070 = SURFACE_CURVE('',#3071,(#3075,#3082),.PCURVE_S1.);
#3071 = LINE('',#3072,#3073);
#3072 = CARTESIAN_POINT('',(4.4,1.E-001,-16.8));
#3073 = VECTOR('',#3074,1.);
#3074 = DIRECTION('',(-0.707106781187,-0.707106781187,
    -1.922962686384E-016));
#3075 = PCURVE('',#2224,#3076);
#3076 = DEFINITIONAL_REPRESENTATION('',(#3077),#3081);
#3077 = LINE('',#3078,#3079);
#3078 = CARTESIAN_POINT('',(-0.2,3.336446474703E-016));
#3079 = VECTOR('',#3080,1.);
#3080 = DIRECTION('',(1.922962686384E-016,1.));
#3081 = ( GEOMETRIC_REPRESENTATION_CONTEXT(2) 
PARAMETRIC_REPRESENTATION_CONTEXT() REPRESENTATION_CONTEXT('2D SPACE',''
  ) );
#3082 = PCURVE('',#3083,#3088);
#3083 = PLANE('',#3084);
#3084 = AXIS2_PLACEMENT_3D('',#3085,#3086,#3087);
#3085 = CARTESIAN_POINT('',(4.3,0.2,-17.));
#3086 = DIRECTION('',(-0.57735026919,0.57735026919,0.57735026919));
#3087 = DIRECTION('',(-0.707106781187,-0.707106781187,
    2.775557561563E-017));
#3088 = DEFINITIONAL_REPRESENTATION('',(#3089),#3093);
#3089 = LINE('',#3090,#3091);
#3090 = CARTESIAN_POINT('',(-4.801714581504E-016,0.244948974278));
#3091 = VECTOR('',#3092,1.);
#3092 = DIRECTION('',(1.,-2.680315483309E-016));
#3093 = ( GEOMETRIC_REPRESENTATION_CONTEXT(2) 
PARAMETRIC_REPRESENTATION_CONTEXT() REPRESENTATION_CONTEXT('2D SPACE',''
  ) );
#3094 = ADVANCED_FACE('',(#3095,#3195),#2252,.T.);
#3095 = FACE_BOUND('',#3096,.T.);
#3096 = EDGE_LOOP('',(#3097,#3098,#3099,#3127,#3148,#3149,#3172,#3194));
#3097 = ORIENTED_EDGE('',*,*,#2236,.F.);
#3098 = ORIENTED_EDGE('',*,*,#3044,.F.);
#3099 = ORIENTED_EDGE('',*,*,#3100,.T.);
#3100 = EDGE_CURVE('',#3045,#3101,#3103,.T.);
#3101 = VERTEX_POINT('',#3102);
#3102 = CARTESIAN_POINT('',(4.5,2.6,-16.8));
#3103 = SURFACE_CURVE('',#3104,(#3108,#3115),.PCURVE_S1.);
#3104 = LINE('',#3105,#3106);
#3105 = CARTESIAN_POINT('',(4.5,0.E+000,-16.8));
#3106 = VECTOR('',#3107,1.);
#3107 = DIRECTION('',(0.E+000,1.,0.E+000));
#3108 = PCURVE('',#2252,#3109);
#3109 = DEFINITIONAL_REPRESENTATION('',(#3110),#3114);
#3110 = LINE('',#3111,#3112);
#3111 = CARTESIAN_POINT('',(0.2,0.E+000));
#3112 = VECTOR('',#3113,1.);
#3113 = DIRECTION('',(0.E+000,-1.));
#3114 = ( GEOMETRIC_REPRESENTATION_CONTEXT(2) 
PARAMETRIC_REPRESENTATION_CONTEXT() REPRESENTATION_CONTEXT('2D SPACE',''
  ) );
#3115 = PCURVE('',#3116,#3121);
#3116 = PLANE('',#3117);
#3117 = AXIS2_PLACEMENT_3D('',#3118,#3119,#3120);
#3118 = CARTESIAN_POINT('',(4.4,0.E+000,-16.9));
#3119 = DIRECTION('',(-0.707106781187,0.E+000,0.707106781187));
#3120 = DIRECTION('',(0.E+000,1.,0.E+000));
#3121 = DEFINITIONAL_REPRESENTATION('',(#3122),#3126);
#3122 = LINE('',#3123,#3124);
#3123 = CARTESIAN_POINT('',(0.E+000,-0.141421356237));
#3124 = VECTOR('',#3125,1.);
#3125 = DIRECTION('',(1.,0.E+000));
#3126 = ( GEOMETRIC_REPRESENTATION_CONTEXT(2) 
PARAMETRIC_REPRESENTATION_CONTEXT() REPRESENTATION_CONTEXT('2D SPACE',''
  ) );
#3127 = ORIENTED_EDGE('',*,*,#3128,.T.);
#3128 = EDGE_CURVE('',#3101,#2759,#3129,.T.);
#3129 = SURFACE_CURVE('',#3130,(#3134,#3141),.PCURVE_S1.);
#3130 = LINE('',#3131,#3132);
#3131 = CARTESIAN_POINT('',(4.5,2.6,-17.));
#3132 = VECTOR('',#3133,1.);
#3133 = DIRECTION('',(0.E+000,0.E+000,1.));
#3134 = PCURVE('',#2252,#3135);
#3135 = DEFINITIONAL_REPRESENTATION('',(#3136),#3140);
#3136 = LINE('',#3137,#3138);
#3137 = CARTESIAN_POINT('',(0.E+000,-2.6));
#3138 = VECTOR('',#3139,1.);
#3139 = DIRECTION('',(1.,0.E+000));
#3140 = ( GEOMETRIC_REPRESENTATION_CONTEXT(2) 
PARAMETRIC_REPRESENTATION_CONTEXT() REPRESENTATION_CONTEXT('2D SPACE',''
  ) );
#3141 = PCURVE('',#2797,#3142);
#3142 = DEFINITIONAL_REPRESENTATION('',(#3143),#3147);
#3143 = LINE('',#3144,#3145);
#3144 = CARTESIAN_POINT('',(-0.E+000,-0.141421356237));
#3145 = VECTOR('',#3146,1.);
#3146 = DIRECTION('',(-1.,0.E+000));
#3147 = ( GEOMETRIC_REPRESENTATION_CONTEXT(2) 
PARAMETRIC_REPRESENTATION_CONTEXT() REPRESENTATION_CONTEXT('2D SPACE',''
  ) );
#3148 = ORIENTED_EDGE('',*,*,#2758,.F.);
#3149 = ORIENTED_EDGE('',*,*,#3150,.F.);
#3150 = EDGE_CURVE('',#3151,#2731,#3153,.T.);
#3151 = VERTEX_POINT('',#3152);
#3152 = CARTESIAN_POINT('',(4.5,2.09315,-13.5));
#3153 = SURFACE_CURVE('',#3154,(#3158,#3165),.PCURVE_S1.);
#3154 = LINE('',#3155,#3156);
#3155 = CARTESIAN_POINT('',(4.5,2.09315,-13.5));
#3156 = VECTOR('',#3157,1.);
#3157 = DIRECTION('',(0.E+000,0.E+000,1.));
#3158 = PCURVE('',#2252,#3159);
#3159 = DEFINITIONAL_REPRESENTATION('',(#3160),#3164);
#3160 = LINE('',#3161,#3162);
#3161 = CARTESIAN_POINT('',(3.5,-2.09315));
#3162 = VECTOR('',#3163,1.);
#3163 = DIRECTION('',(1.,0.E+000));
#3164 = ( GEOMETRIC_REPRESENTATION_CONTEXT(2) 
PARAMETRIC_REPRESENTATION_CONTEXT() REPRESENTATION_CONTEXT('2D SPACE',''
  ) );
#3165 = PCURVE('',#2746,#3166);
#3166 = DEFINITIONAL_REPRESENTATION('',(#3167),#3171);
#3167 = LINE('',#3168,#3169);
#3168 = CARTESIAN_POINT('',(-0.E+000,7.071067811865E-002));
#3169 = VECTOR('',#3170,1.);
#3170 = DIRECTION('',(-1.,0.E+000));
#3171 = ( GEOMETRIC_REPRESENTATION_CONTEXT(2) 
PARAMETRIC_REPRESENTATION_CONTEXT() REPRESENTATION_CONTEXT('2D SPACE',''
  ) );
#3172 = ORIENTED_EDGE('',*,*,#3173,.F.);
#3173 = EDGE_CURVE('',#2995,#3151,#3174,.T.);
#3174 = SURFACE_CURVE('',#3175,(#3180,#3187),.PCURVE_S1.);
#3175 = CIRCLE('',#3176,0.69315);
#3176 = AXIS2_PLACEMENT_3D('',#3177,#3178,#3179);
#3177 = CARTESIAN_POINT('',(4.5,1.4,-13.5));
#3178 = DIRECTION('',(1.,0.E+000,0.E+000));
#3179 = DIRECTION('',(0.E+000,-1.,2.994785196662E-015));
#3180 = PCURVE('',#2252,#3181);
#3181 = DEFINITIONAL_REPRESENTATION('',(#3182),#3186);
#3182 = CIRCLE('',#3183,0.69315);
#3183 = AXIS2_PLACEMENT_2D('',#3184,#3185);
#3184 = CARTESIAN_POINT('',(3.5,-1.4));
#3185 = DIRECTION('',(2.994785196662E-015,1.));
#3186 = ( GEOMETRIC_REPRESENTATION_CONTEXT(2) 
PARAMETRIC_REPRESENTATION_CONTEXT() REPRESENTATION_CONTEXT('2D SPACE',''
  ) );
#3187 = PCURVE('',#3009,#3188);
#3188 = DEFINITIONAL_REPRESENTATION('',(#3189),#3193);
#3189 = LINE('',#3190,#3191);
#3190 = CARTESIAN_POINT('',(0.E+000,0.1));
#3191 = VECTOR('',#3192,1.);
#3192 = DIRECTION('',(1.,0.E+000));
#3193 = ( GEOMETRIC_REPRESENTATION_CONTEXT(2) 
PARAMETRIC_REPRESENTATION_CONTEXT() REPRESENTATION_CONTEXT('2D SPACE',''
  ) );
#3194 = ORIENTED_EDGE('',*,*,#3020,.F.);
#3195 = FACE_BOUND('',#3196,.T.);
#3196 = EDGE_LOOP('',(#3197));
#3197 = ORIENTED_EDGE('',*,*,#3198,.F.);
#3198 = EDGE_CURVE('',#3199,#3199,#3201,.T.);
#3199 = VERTEX_POINT('',#3200);
#3200 = CARTESIAN_POINT('',(4.5,1.4,-16.3));
#3201 = SURFACE_CURVE('',#3202,(#3207,#3214),.PCURVE_S1.);
#3202 = CIRCLE('',#3203,0.7);
#3203 = AXIS2_PLACEMENT_3D('',#3204,#3205,#3206);
#3204 = CARTESIAN_POINT('',(4.5,1.4,-15.6));
#3205 = DIRECTION('',(1.,-0.E+000,0.E+000));
#3206 = DIRECTION('',(0.E+000,0.E+000,-1.));
#3207 = PCURVE('',#2252,#3208);
#3208 = DEFINITIONAL_REPRESENTATION('',(#3209),#3213);
#3209 = CIRCLE('',#3210,0.7);
#3210 = AXIS2_PLACEMENT_2D('',#3211,#3212);
#3211 = CARTESIAN_POINT('',(1.4,-1.4));
#3212 = DIRECTION('',(-1.,0.E+000));
#3213 = ( GEOMETRIC_REPRESENTATION_CONTEXT(2) 
PARAMETRIC_REPRESENTATION_CONTEXT() REPRESENTATION_CONTEXT('2D SPACE',''
  ) );
#3214 = PCURVE('',#2872,#3215);
#3215 = DEFINITIONAL_REPRESENTATION('',(#3216),#3220);
#3216 = LINE('',#3217,#3218);
#3217 = CARTESIAN_POINT('',(0.E+000,0.1));
#3218 = VECTOR('',#3219,1.);
#3219 = DIRECTION('',(1.,0.E+000));
#3220 = ( GEOMETRIC_REPRESENTATION_CONTEXT(2) 
PARAMETRIC_REPRESENTATION_CONTEXT() REPRESENTATION_CONTEXT('2D SPACE',''
  ) );
#3221 = ADVANCED_FACE('',(#3222),#2428,.T.);
#3222 = FACE_BOUND('',#3223,.T.);
#3223 = EDGE_LOOP('',(#3224,#3225,#3246));
#3224 = ORIENTED_EDGE('',*,*,#2496,.F.);
#3225 = ORIENTED_EDGE('',*,*,#3226,.T.);
#3226 = EDGE_CURVE('',#2497,#2392,#3227,.T.);
#3227 = SURFACE_CURVE('',#3228,(#3232,#3239),.PCURVE_S1.);
#3228 = LINE('',#3229,#3230);
#3229 = CARTESIAN_POINT('',(4.2,0.15,-16.95));
#3230 = VECTOR('',#3231,1.);
#3231 = DIRECTION('',(-5.480443656193E-015,-0.707106781187,
    0.707106781187));
#3232 = PCURVE('',#2428,#3233);
#3233 = DEFINITIONAL_REPRESENTATION('',(#3234),#3238);
#3234 = LINE('',#3235,#3236);
#3235 = CARTESIAN_POINT('',(3.535533905933E-002,6.123724356958E-002));
#3236 = VECTOR('',#3237,1.);
#3237 = DIRECTION('',(0.5,0.866025403784));
#3238 = ( GEOMETRIC_REPRESENTATION_CONTEXT(2) 
PARAMETRIC_REPRESENTATION_CONTEXT() REPRESENTATION_CONTEXT('2D SPACE',''
  ) );
#3239 = PCURVE('',#2976,#3240);
#3240 = DEFINITIONAL_REPRESENTATION('',(#3241),#3245);
#3241 = LINE('',#3242,#3243);
#3242 = CARTESIAN_POINT('',(-0.2,7.071067811866E-002));
#3243 = VECTOR('',#3244,1.);
#3244 = DIRECTION('',(5.480443656193E-015,-1.));
#3245 = ( GEOMETRIC_REPRESENTATION_CONTEXT(2) 
PARAMETRIC_REPRESENTATION_CONTEXT() REPRESENTATION_CONTEXT('2D SPACE',''
  ) );
#3246 = ORIENTED_EDGE('',*,*,#2414,.F.);
#3247 = ADVANCED_FACE('',(#3248),#2481,.F.);
#3248 = FACE_BOUND('',#3249,.F.);
#3249 = EDGE_LOOP('',(#3250,#3273,#3295,#3296));
#3250 = ORIENTED_EDGE('',*,*,#3251,.F.);
#3251 = EDGE_CURVE('',#3252,#2446,#3254,.T.);
#3252 = VERTEX_POINT('',#3253);
#3253 = CARTESIAN_POINT('',(4.4,1.99315,-13.5));
#3254 = SURFACE_CURVE('',#3255,(#3259,#3266),.PCURVE_S1.);
#3255 = LINE('',#3256,#3257);
#3256 = CARTESIAN_POINT('',(4.5,1.99315,-13.5));
#3257 = VECTOR('',#3258,1.);
#3258 = DIRECTION('',(-1.,-0.E+000,-0.E+000));
#3259 = PCURVE('',#2481,#3260);
#3260 = DEFINITIONAL_REPRESENTATION('',(#3261),#3265);
#3261 = LINE('',#3262,#3263);
#3262 = CARTESIAN_POINT('',(6.28318530718,0.E+000));
#3263 = VECTOR('',#3264,1.);
#3264 = DIRECTION('',(0.E+000,-1.));
#3265 = ( GEOMETRIC_REPRESENTATION_CONTEXT(2) 
PARAMETRIC_REPRESENTATION_CONTEXT() REPRESENTATION_CONTEXT('2D SPACE',''
  ) );
#3266 = PCURVE('',#2616,#3267);
#3267 = DEFINITIONAL_REPRESENTATION('',(#3268),#3272);
#3268 = LINE('',#3269,#3270);
#3269 = CARTESIAN_POINT('',(3.522828,0.E+000));
#3270 = VECTOR('',#3271,1.);
#3271 = DIRECTION('',(0.E+000,-1.));
#3272 = ( GEOMETRIC_REPRESENTATION_CONTEXT(2) 
PARAMETRIC_REPRESENTATION_CONTEXT() REPRESENTATION_CONTEXT('2D SPACE',''
  ) );
#3273 = ORIENTED_EDGE('',*,*,#3274,.F.);
#3274 = EDGE_CURVE('',#2890,#3252,#3275,.T.);
#3275 = SURFACE_CURVE('',#3276,(#3281,#3288),.PCURVE_S1.);
#3276 = CIRCLE('',#3277,0.59315);
#3277 = AXIS2_PLACEMENT_3D('',#3278,#3279,#3280);
#3278 = CARTESIAN_POINT('',(4.4,1.4,-13.5));
#3279 = DIRECTION('',(1.,0.E+000,0.E+000));
#3280 = DIRECTION('',(0.E+000,-1.,2.994785196662E-015));
#3281 = PCURVE('',#2481,#3282);
#3282 = DEFINITIONAL_REPRESENTATION('',(#3283),#3287);
#3283 = LINE('',#3284,#3285);
#3284 = CARTESIAN_POINT('',(3.14159265359,-1.E-001));
#3285 = VECTOR('',#3286,1.);
#3286 = DIRECTION('',(1.,0.E+000));
#3287 = ( GEOMETRIC_REPRESENTATION_CONTEXT(2) 
PARAMETRIC_REPRESENTATION_CONTEXT() REPRESENTATION_CONTEXT('2D SPACE',''
  ) );
#3288 = PCURVE('',#3009,#3289);
#3289 = DEFINITIONAL_REPRESENTATION('',(#3290),#3294);
#3290 = LINE('',#3291,#3292);
#3291 = CARTESIAN_POINT('',(0.E+000,0.E+000));
#3292 = VECTOR('',#3293,1.);
#3293 = DIRECTION('',(1.,0.E+000));
#3294 = ( GEOMETRIC_REPRESENTATION_CONTEXT(2) 
PARAMETRIC_REPRESENTATION_CONTEXT() REPRESENTATION_CONTEXT('2D SPACE',''
  ) );
#3295 = ORIENTED_EDGE('',*,*,#2889,.T.);
#3296 = ORIENTED_EDGE('',*,*,#2466,.T.);
#3297 = ADVANCED_FACE('',(#3298),#2562,.F.);
#3298 = FACE_BOUND('',#3299,.F.);
#3299 = EDGE_LOOP('',(#3300,#3301,#3324,#3347));
#3300 = ORIENTED_EDGE('',*,*,#2548,.F.);
#3301 = ORIENTED_EDGE('',*,*,#3302,.T.);
#3302 = EDGE_CURVE('',#2497,#3303,#3305,.T.);
#3303 = VERTEX_POINT('',#3304);
#3304 = CARTESIAN_POINT('',(4.3,0.2,-17.));
#3305 = SURFACE_CURVE('',#3306,(#3310,#3317),.PCURVE_S1.);
#3306 = LINE('',#3307,#3308);
#3307 = CARTESIAN_POINT('',(4.,0.2,-17.));
#3308 = VECTOR('',#3309,1.);
#3309 = DIRECTION('',(1.,0.E+000,0.E+000));
#3310 = PCURVE('',#2562,#3311);
#3311 = DEFINITIONAL_REPRESENTATION('',(#3312),#3316);
#3312 = LINE('',#3313,#3314);
#3313 = CARTESIAN_POINT('',(0.E+000,0.2));
#3314 = VECTOR('',#3315,1.);
#3315 = DIRECTION('',(1.,0.E+000));
#3316 = ( GEOMETRIC_REPRESENTATION_CONTEXT(2) 
PARAMETRIC_REPRESENTATION_CONTEXT() REPRESENTATION_CONTEXT('2D SPACE',''
  ) );
#3317 = PCURVE('',#2976,#3318);
#3318 = DEFINITIONAL_REPRESENTATION('',(#3319),#3323);
#3319 = LINE('',#3320,#3321);
#3320 = CARTESIAN_POINT('',(-0.E+000,0.141421356237));
#3321 = VECTOR('',#3322,1.);
#3322 = DIRECTION('',(-1.,0.E+000));
#3323 = ( GEOMETRIC_REPRESENTATION_CONTEXT(2) 
PARAMETRIC_REPRESENTATION_CONTEXT() REPRESENTATION_CONTEXT('2D SPACE',''
  ) );
#3324 = ORIENTED_EDGE('',*,*,#3325,.T.);
#3325 = EDGE_CURVE('',#3303,#3326,#3328,.T.);
#3326 = VERTEX_POINT('',#3327);
#3327 = CARTESIAN_POINT('',(4.3,2.6,-17.));
#3328 = SURFACE_CURVE('',#3329,(#3333,#3340),.PCURVE_S1.);
#3329 = LINE('',#3330,#3331);
#3330 = CARTESIAN_POINT('',(4.3,0.E+000,-17.));
#3331 = VECTOR('',#3332,1.);
#3332 = DIRECTION('',(0.E+000,1.,0.E+000));
#3333 = PCURVE('',#2562,#3334);
#3334 = DEFINITIONAL_REPRESENTATION('',(#3335),#3339);
#3335 = LINE('',#3336,#3337);
#3336 = CARTESIAN_POINT('',(0.3,0.E+000));
#3337 = VECTOR('',#3338,1.);
#3338 = DIRECTION('',(0.E+000,1.));
#3339 = ( GEOMETRIC_REPRESENTATION_CONTEXT(2) 
PARAMETRIC_REPRESENTATION_CONTEXT() REPRESENTATION_CONTEXT('2D SPACE',''
  ) );
#3340 = PCURVE('',#3116,#3341);
#3341 = DEFINITIONAL_REPRESENTATION('',(#3342),#3346);
#3342 = LINE('',#3343,#3344);
#3343 = CARTESIAN_POINT('',(0.E+000,0.141421356237));
#3344 = VECTOR('',#3345,1.);
#3345 = DIRECTION('',(1.,0.E+000));
#3346 = ( GEOMETRIC_REPRESENTATION_CONTEXT(2) 
PARAMETRIC_REPRESENTATION_CONTEXT() REPRESENTATION_CONTEXT('2D SPACE',''
  ) );
#3347 = ORIENTED_EDGE('',*,*,#3348,.F.);
#3348 = EDGE_CURVE('',#2521,#3326,#3349,.T.);
#3349 = SURFACE_CURVE('',#3350,(#3354,#3361),.PCURVE_S1.);
#3350 = LINE('',#3351,#3352);
#3351 = CARTESIAN_POINT('',(4.,2.6,-17.));
#3352 = VECTOR('',#3353,1.);
#3353 = DIRECTION('',(1.,0.E+000,0.E+000));
#3354 = PCURVE('',#2562,#3355);
#3355 = DEFINITIONAL_REPRESENTATION('',(#3356),#3360);
#3356 = LINE('',#3357,#3358);
#3357 = CARTESIAN_POINT('',(0.E+000,2.6));
#3358 = VECTOR('',#3359,1.);
#3359 = DIRECTION('',(1.,0.E+000));
#3360 = ( GEOMETRIC_REPRESENTATION_CONTEXT(2) 
PARAMETRIC_REPRESENTATION_CONTEXT() REPRESENTATION_CONTEXT('2D SPACE',''
  ) );
#3361 = PCURVE('',#3362,#3367);
#3362 = PLANE('',#3363);
#3363 = AXIS2_PLACEMENT_3D('',#3364,#3365,#3366);
#3364 = CARTESIAN_POINT('',(4.,2.7,-16.9));
#3365 = DIRECTION('',(0.E+000,-0.707106781187,0.707106781187));
#3366 = DIRECTION('',(-1.,-0.E+000,-0.E+000));
#3367 = DEFINITIONAL_REPRESENTATION('',(#3368),#3372);
#3368 = LINE('',#3369,#3370);
#3369 = CARTESIAN_POINT('',(-0.E+000,0.141421356237));
#3370 = VECTOR('',#3371,1.);
#3371 = DIRECTION('',(-1.,0.E+000));
#3372 = ( GEOMETRIC_REPRESENTATION_CONTEXT(2) 
PARAMETRIC_REPRESENTATION_CONTEXT() REPRESENTATION_CONTEXT('2D SPACE',''
  ) );
#3373 = ADVANCED_FACE('',(#3374),#2536,.F.);
#3374 = FACE_BOUND('',#3375,.F.);
#3375 = EDGE_LOOP('',(#3376,#3377,#3398));
#3376 = ORIENTED_EDGE('',*,*,#2520,.F.);
#3377 = ORIENTED_EDGE('',*,*,#3378,.T.);
#3378 = EDGE_CURVE('',#2521,#2656,#3379,.T.);
#3379 = SURFACE_CURVE('',#3380,(#3384,#3391),.PCURVE_S1.);
#3380 = LINE('',#3381,#3382);
#3381 = CARTESIAN_POINT('',(4.2,2.65,-16.95));
#3382 = VECTOR('',#3383,1.);
#3383 = DIRECTION('',(-7.884147014173E-015,0.707106781187,0.707106781187
    ));
#3384 = PCURVE('',#2536,#3385);
#3385 = DEFINITIONAL_REPRESENTATION('',(#3386),#3390);
#3386 = LINE('',#3387,#3388);
#3387 = CARTESIAN_POINT('',(3.535533905933E-002,6.123724356958E-002));
#3388 = VECTOR('',#3389,1.);
#3389 = DIRECTION('',(0.5,0.866025403784));
#3390 = ( GEOMETRIC_REPRESENTATION_CONTEXT(2) 
PARAMETRIC_REPRESENTATION_CONTEXT() REPRESENTATION_CONTEXT('2D SPACE',''
  ) );
#3391 = PCURVE('',#3362,#3392);
#3392 = DEFINITIONAL_REPRESENTATION('',(#3393),#3397);
#3393 = LINE('',#3394,#3395);
#3394 = CARTESIAN_POINT('',(-0.2,7.071067811866E-002));
#3395 = VECTOR('',#3396,1.);
#3396 = DIRECTION('',(7.884147014173E-015,-1.));
#3397 = ( GEOMETRIC_REPRESENTATION_CONTEXT(2) 
PARAMETRIC_REPRESENTATION_CONTEXT() REPRESENTATION_CONTEXT('2D SPACE',''
  ) );
#3398 = ORIENTED_EDGE('',*,*,#2683,.F.);
#3399 = ADVANCED_FACE('',(#3400),#2616,.T.);
#3400 = FACE_BOUND('',#3401,.T.);
#3401 = EDGE_LOOP('',(#3402,#3403,#3424,#3425));
#3402 = ORIENTED_EDGE('',*,*,#3251,.F.);
#3403 = ORIENTED_EDGE('',*,*,#3404,.T.);
#3404 = EDGE_CURVE('',#3252,#2710,#3405,.T.);
#3405 = SURFACE_CURVE('',#3406,(#3410,#3417),.PCURVE_S1.);
#3406 = LINE('',#3407,#3408);
#3407 = CARTESIAN_POINT('',(4.4,1.99315,-13.5));
#3408 = VECTOR('',#3409,1.);
#3409 = DIRECTION('',(0.E+000,0.E+000,1.));
#3410 = PCURVE('',#2616,#3411);
#3411 = DEFINITIONAL_REPRESENTATION('',(#3412),#3416);
#3412 = LINE('',#3413,#3414);
#3413 = CARTESIAN_POINT('',(3.522828,-1.E-001));
#3414 = VECTOR('',#3415,1.);
#3415 = DIRECTION('',(-1.,0.E+000));
#3416 = ( GEOMETRIC_REPRESENTATION_CONTEXT(2) 
PARAMETRIC_REPRESENTATION_CONTEXT() REPRESENTATION_CONTEXT('2D SPACE',''
  ) );
#3417 = PCURVE('',#2746,#3418);
#3418 = DEFINITIONAL_REPRESENTATION('',(#3419),#3423);
#3419 = LINE('',#3420,#3421);
#3420 = CARTESIAN_POINT('',(-0.E+000,-7.071067811865E-002));
#3421 = VECTOR('',#3422,1.);
#3422 = DIRECTION('',(-1.,0.E+000));
#3423 = ( GEOMETRIC_REPRESENTATION_CONTEXT(2) 
PARAMETRIC_REPRESENTATION_CONTEXT() REPRESENTATION_CONTEXT('2D SPACE',''
  ) );
#3424 = ORIENTED_EDGE('',*,*,#2709,.F.);
#3425 = ORIENTED_EDGE('',*,*,#2602,.F.);
#3426 = ADVANCED_FACE('',(#3427),#2671,.T.);
#3427 = FACE_BOUND('',#3428,.T.);
#3428 = EDGE_LOOP('',(#3429,#3430,#3453,#3474));
#3429 = ORIENTED_EDGE('',*,*,#2809,.T.);
#3430 = ORIENTED_EDGE('',*,*,#3431,.F.);
#3431 = EDGE_CURVE('',#3432,#2782,#3434,.T.);
#3432 = VERTEX_POINT('',#3433);
#3433 = CARTESIAN_POINT('',(4.3,2.8,-16.8));
#3434 = SURFACE_CURVE('',#3435,(#3439,#3446),.PCURVE_S1.);
#3435 = LINE('',#3436,#3437);
#3436 = CARTESIAN_POINT('',(4.3,2.8,-17.));
#3437 = VECTOR('',#3438,1.);
#3438 = DIRECTION('',(0.E+000,0.E+000,1.));
#3439 = PCURVE('',#2671,#3440);
#3440 = DEFINITIONAL_REPRESENTATION('',(#3441),#3445);
#3441 = LINE('',#3442,#3443);
#3442 = CARTESIAN_POINT('',(0.E+000,0.3));
#3443 = VECTOR('',#3444,1.);
#3444 = DIRECTION('',(1.,0.E+000));
#3445 = ( GEOMETRIC_REPRESENTATION_CONTEXT(2) 
PARAMETRIC_REPRESENTATION_CONTEXT() REPRESENTATION_CONTEXT('2D SPACE',''
  ) );
#3446 = PCURVE('',#2797,#3447);
#3447 = DEFINITIONAL_REPRESENTATION('',(#3448),#3452);
#3448 = LINE('',#3449,#3450);
#3449 = CARTESIAN_POINT('',(-0.E+000,0.141421356237));
#3450 = VECTOR('',#3451,1.);
#3451 = DIRECTION('',(-1.,0.E+000));
#3452 = ( GEOMETRIC_REPRESENTATION_CONTEXT(2) 
PARAMETRIC_REPRESENTATION_CONTEXT() REPRESENTATION_CONTEXT('2D SPACE',''
  ) );
#3453 = ORIENTED_EDGE('',*,*,#3454,.F.);
#3454 = EDGE_CURVE('',#2656,#3432,#3455,.T.);
#3455 = SURFACE_CURVE('',#3456,(#3460,#3467),.PCURVE_S1.);
#3456 = LINE('',#3457,#3458);
#3457 = CARTESIAN_POINT('',(4.,2.8,-16.8));
#3458 = VECTOR('',#3459,1.);
#3459 = DIRECTION('',(1.,0.E+000,0.E+000));
#3460 = PCURVE('',#2671,#3461);
#3461 = DEFINITIONAL_REPRESENTATION('',(#3462),#3466);
#3462 = LINE('',#3463,#3464);
#3463 = CARTESIAN_POINT('',(0.2,0.E+000));
#3464 = VECTOR('',#3465,1.);
#3465 = DIRECTION('',(0.E+000,1.));
#3466 = ( GEOMETRIC_REPRESENTATION_CONTEXT(2) 
PARAMETRIC_REPRESENTATION_CONTEXT() REPRESENTATION_CONTEXT('2D SPACE',''
  ) );
#3467 = PCURVE('',#3362,#3468);
#3468 = DEFINITIONAL_REPRESENTATION('',(#3469),#3473);
#3469 = LINE('',#3470,#3471);
#3470 = CARTESIAN_POINT('',(-0.E+000,-0.141421356237));
#3471 = VECTOR('',#3472,1.);
#3472 = DIRECTION('',(-1.,0.E+000));
#3473 = ( GEOMETRIC_REPRESENTATION_CONTEXT(2) 
PARAMETRIC_REPRESENTATION_CONTEXT() REPRESENTATION_CONTEXT('2D SPACE',''
  ) );
#3474 = ORIENTED_EDGE('',*,*,#2655,.T.);
#3475 = ADVANCED_FACE('',(#3476),#2746,.T.);
#3476 = FACE_BOUND('',#3477,.F.);
#3477 = EDGE_LOOP('',(#3478,#3497,#3498,#3499));
#3478 = ORIENTED_EDGE('',*,*,#3479,.F.);
#3479 = EDGE_CURVE('',#3252,#3151,#3480,.T.);
#3480 = SURFACE_CURVE('',#3481,(#3485,#3491),.PCURVE_S1.);
#3481 = LINE('',#3482,#3483);
#3482 = CARTESIAN_POINT('',(4.4,1.99315,-13.5));
#3483 = VECTOR('',#3484,1.);
#3484 = DIRECTION('',(0.707106781187,0.707106781187,2.192030357934E-015)
  );
#3485 = PCURVE('',#2746,#3486);
#3486 = DEFINITIONAL_REPRESENTATION('',(#3487),#3490);
#3487 = B_SPLINE_CURVE_WITH_KNOTS('',1,(#3488,#3489),.UNSPECIFIED.,.F.,
  .F.,(2,2),(0.E+000,0.141421356237),.PIECEWISE_BEZIER_KNOTS.);
#3488 = CARTESIAN_POINT('',(0.E+000,-7.071067811865E-002));
#3489 = CARTESIAN_POINT('',(0.E+000,7.071067811865E-002));
#3490 = ( GEOMETRIC_REPRESENTATION_CONTEXT(2) 
PARAMETRIC_REPRESENTATION_CONTEXT() REPRESENTATION_CONTEXT('2D SPACE',''
  ) );
#3491 = PCURVE('',#3009,#3492);
#3492 = DEFINITIONAL_REPRESENTATION('',(#3493),#3496);
#3493 = B_SPLINE_CURVE_WITH_KNOTS('',1,(#3494,#3495),.UNSPECIFIED.,.F.,
  .F.,(2,2),(0.E+000,0.141421356237),.PIECEWISE_BEZIER_KNOTS.);
#3494 = CARTESIAN_POINT('',(3.14159265359,0.E+000));
#3495 = CARTESIAN_POINT('',(3.14159265359,0.1));
#3496 = ( GEOMETRIC_REPRESENTATION_CONTEXT(2) 
PARAMETRIC_REPRESENTATION_CONTEXT() REPRESENTATION_CONTEXT('2D SPACE',''
  ) );
#3497 = ORIENTED_EDGE('',*,*,#3404,.T.);
#3498 = ORIENTED_EDGE('',*,*,#2730,.T.);
#3499 = ORIENTED_EDGE('',*,*,#3150,.F.);
#3500 = ADVANCED_FACE('',(#3501),#2797,.T.);
#3501 = FACE_BOUND('',#3502,.F.);
#3502 = EDGE_LOOP('',(#3503,#3504,#3505,#3506));
#3503 = ORIENTED_EDGE('',*,*,#3128,.T.);
#3504 = ORIENTED_EDGE('',*,*,#2781,.T.);
#3505 = ORIENTED_EDGE('',*,*,#3431,.F.);
#3506 = ORIENTED_EDGE('',*,*,#3507,.F.);
#3507 = EDGE_CURVE('',#3101,#3432,#3508,.T.);
#3508 = SURFACE_CURVE('',#3509,(#3513,#3520),.PCURVE_S1.);
#3509 = LINE('',#3510,#3511);
#3510 = CARTESIAN_POINT('',(4.4,2.7,-16.8));
#3511 = VECTOR('',#3512,1.);
#3512 = DIRECTION('',(-0.707106781187,0.707106781187,
    -3.269036566852E-015));
#3513 = PCURVE('',#2797,#3514);
#3514 = DEFINITIONAL_REPRESENTATION('',(#3515),#3519);
#3515 = LINE('',#3516,#3517);
#3516 = CARTESIAN_POINT('',(-0.2,9.420554752103E-016));
#3517 = VECTOR('',#3518,1.);
#3518 = DIRECTION('',(3.269036566852E-015,1.));
#3519 = ( GEOMETRIC_REPRESENTATION_CONTEXT(2) 
PARAMETRIC_REPRESENTATION_CONTEXT() REPRESENTATION_CONTEXT('2D SPACE',''
  ) );
#3520 = PCURVE('',#3521,#3526);
#3521 = PLANE('',#3522);
#3522 = AXIS2_PLACEMENT_3D('',#3523,#3524,#3525);
#3523 = CARTESIAN_POINT('',(4.3,2.6,-17.));
#3524 = DIRECTION('',(0.57735026919,0.57735026919,-0.57735026919));
#3525 = DIRECTION('',(-0.707106781187,0.707106781187,
    -5.551115123126E-017));
#3526 = DEFINITIONAL_REPRESENTATION('',(#3527),#3531);
#3527 = LINE('',#3528,#3529);
#3528 = CARTESIAN_POINT('',(6.272760089132E-016,0.244948974278));
#3529 = VECTOR('',#3530,1.);
#3530 = DIRECTION('',(1.,-3.89040250685E-015));
#3531 = ( GEOMETRIC_REPRESENTATION_CONTEXT(2) 
PARAMETRIC_REPRESENTATION_CONTEXT() REPRESENTATION_CONTEXT('2D SPACE',''
  ) );
#3532 = ADVANCED_FACE('',(#3533),#2872,.F.);
#3533 = FACE_BOUND('',#3534,.F.);
#3534 = EDGE_LOOP('',(#3535,#3554,#3555,#3556));
#3535 = ORIENTED_EDGE('',*,*,#3536,.F.);
#3536 = EDGE_CURVE('',#2835,#3199,#3537,.T.);
#3537 = SEAM_CURVE('',#3538,(#3542,#3548),.PCURVE_S1.);
#3538 = LINE('',#3539,#3540);
#3539 = CARTESIAN_POINT('',(4.4,1.4,-16.2));
#3540 = VECTOR('',#3541,1.);
#3541 = DIRECTION('',(0.707106781187,0.E+000,-0.707106781187));
#3542 = PCURVE('',#2872,#3543);
#3543 = DEFINITIONAL_REPRESENTATION('',(#3544),#3547);
#3544 = B_SPLINE_CURVE_WITH_KNOTS('',1,(#3545,#3546),.UNSPECIFIED.,.F.,
  .F.,(2,2),(0.E+000,0.141421356237),.PIECEWISE_BEZIER_KNOTS.);
#3545 = CARTESIAN_POINT('',(0.E+000,0.E+000));
#3546 = CARTESIAN_POINT('',(0.E+000,0.1));
#3547 = ( GEOMETRIC_REPRESENTATION_CONTEXT(2) 
PARAMETRIC_REPRESENTATION_CONTEXT() REPRESENTATION_CONTEXT('2D SPACE',''
  ) );
#3548 = PCURVE('',#2872,#3549);
#3549 = DEFINITIONAL_REPRESENTATION('',(#3550),#3553);
#3550 = B_SPLINE_CURVE_WITH_KNOTS('',1,(#3551,#3552),.UNSPECIFIED.,.F.,
  .F.,(2,2),(0.E+000,0.141421356237),.PIECEWISE_BEZIER_KNOTS.);
#3551 = CARTESIAN_POINT('',(6.28318530718,0.E+000));
#3552 = CARTESIAN_POINT('',(6.28318530718,0.1));
#3553 = ( GEOMETRIC_REPRESENTATION_CONTEXT(2) 
PARAMETRIC_REPRESENTATION_CONTEXT() REPRESENTATION_CONTEXT('2D SPACE',''
  ) );
#3554 = ORIENTED_EDGE('',*,*,#2857,.T.);
#3555 = ORIENTED_EDGE('',*,*,#3536,.T.);
#3556 = ORIENTED_EDGE('',*,*,#3198,.F.);
#3557 = ADVANCED_FACE('',(#3558),#2976,.T.);
#3558 = FACE_BOUND('',#3559,.F.);
#3559 = EDGE_LOOP('',(#3560,#3561,#3562,#3583));
#3560 = ORIENTED_EDGE('',*,*,#3226,.T.);
#3561 = ORIENTED_EDGE('',*,*,#2962,.T.);
#3562 = ORIENTED_EDGE('',*,*,#3563,.F.);
#3563 = EDGE_CURVE('',#3303,#2940,#3564,.T.);
#3564 = SURFACE_CURVE('',#3565,(#3569,#3576),.PCURVE_S1.);
#3565 = LINE('',#3566,#3567);
#3566 = CARTESIAN_POINT('',(4.3,0.15,-16.95));
#3567 = VECTOR('',#3568,1.);
#3568 = DIRECTION('',(8.461035820088E-015,-0.707106781187,0.707106781187
    ));
#3569 = PCURVE('',#2976,#3570);
#3570 = DEFINITIONAL_REPRESENTATION('',(#3571),#3575);
#3571 = LINE('',#3572,#3573);
#3572 = CARTESIAN_POINT('',(-0.3,7.071067811866E-002));
#3573 = VECTOR('',#3574,1.);
#3574 = DIRECTION('',(-8.461035820088E-015,-1.));
#3575 = ( GEOMETRIC_REPRESENTATION_CONTEXT(2) 
PARAMETRIC_REPRESENTATION_CONTEXT() REPRESENTATION_CONTEXT('2D SPACE',''
  ) );
#3576 = PCURVE('',#3083,#3577);
#3577 = DEFINITIONAL_REPRESENTATION('',(#3578),#3582);
#3578 = LINE('',#3579,#3580);
#3579 = CARTESIAN_POINT('',(3.535533905932E-002,6.123724356958E-002));
#3580 = VECTOR('',#3581,1.);
#3581 = DIRECTION('',(0.5,0.866025403784));
#3582 = ( GEOMETRIC_REPRESENTATION_CONTEXT(2) 
PARAMETRIC_REPRESENTATION_CONTEXT() REPRESENTATION_CONTEXT('2D SPACE',''
  ) );
#3583 = ORIENTED_EDGE('',*,*,#3302,.F.);
#3584 = ADVANCED_FACE('',(#3585),#3009,.F.);
#3585 = FACE_BOUND('',#3586,.F.);
#3586 = EDGE_LOOP('',(#3587,#3588,#3589,#3590));
#3587 = ORIENTED_EDGE('',*,*,#2994,.F.);
#3588 = ORIENTED_EDGE('',*,*,#3274,.T.);
#3589 = ORIENTED_EDGE('',*,*,#3479,.T.);
#3590 = ORIENTED_EDGE('',*,*,#3173,.F.);
#3591 = ADVANCED_FACE('',(#3592),#3083,.F.);
#3592 = FACE_BOUND('',#3593,.F.);
#3593 = EDGE_LOOP('',(#3594,#3615,#3616));
#3594 = ORIENTED_EDGE('',*,*,#3595,.F.);
#3595 = EDGE_CURVE('',#3303,#3045,#3596,.T.);
#3596 = SURFACE_CURVE('',#3597,(#3601,#3608),.PCURVE_S1.);
#3597 = LINE('',#3598,#3599);
#3598 = CARTESIAN_POINT('',(4.35,0.2,-16.95));
#3599 = VECTOR('',#3600,1.);
#3600 = DIRECTION('',(0.707106781187,-8.461035820088E-015,0.707106781187
    ));
#3601 = PCURVE('',#3083,#3602);
#3602 = DEFINITIONAL_REPRESENTATION('',(#3603),#3607);
#3603 = LINE('',#3604,#3605);
#3604 = CARTESIAN_POINT('',(-3.535533905933E-002,6.123724356958E-002));
#3605 = VECTOR('',#3606,1.);
#3606 = DIRECTION('',(-0.5,0.866025403784));
#3607 = ( GEOMETRIC_REPRESENTATION_CONTEXT(2) 
PARAMETRIC_REPRESENTATION_CONTEXT() REPRESENTATION_CONTEXT('2D SPACE',''
  ) );
#3608 = PCURVE('',#3116,#3609);
#3609 = DEFINITIONAL_REPRESENTATION('',(#3610),#3614);
#3610 = LINE('',#3611,#3612);
#3611 = CARTESIAN_POINT('',(0.2,7.071067811866E-002));
#3612 = VECTOR('',#3613,1.);
#3613 = DIRECTION('',(-8.461035820088E-015,-1.));
#3614 = ( GEOMETRIC_REPRESENTATION_CONTEXT(2) 
PARAMETRIC_REPRESENTATION_CONTEXT() REPRESENTATION_CONTEXT('2D SPACE',''
  ) );
#3615 = ORIENTED_EDGE('',*,*,#3563,.T.);
#3616 = ORIENTED_EDGE('',*,*,#3069,.F.);
#3617 = ADVANCED_FACE('',(#3618),#3116,.F.);
#3618 = FACE_BOUND('',#3619,.F.);
#3619 = EDGE_LOOP('',(#3620,#3621,#3622,#3643));
#3620 = ORIENTED_EDGE('',*,*,#3595,.T.);
#3621 = ORIENTED_EDGE('',*,*,#3100,.T.);
#3622 = ORIENTED_EDGE('',*,*,#3623,.F.);
#3623 = EDGE_CURVE('',#3326,#3101,#3624,.T.);
#3624 = SURFACE_CURVE('',#3625,(#3629,#3636),.PCURVE_S1.);
#3625 = LINE('',#3626,#3627);
#3626 = CARTESIAN_POINT('',(4.35,2.6,-16.95));
#3627 = VECTOR('',#3628,1.);
#3628 = DIRECTION('',(0.707106781187,7.787998879854E-015,0.707106781187)
  );
#3629 = PCURVE('',#3116,#3630);
#3630 = DEFINITIONAL_REPRESENTATION('',(#3631),#3635);
#3631 = LINE('',#3632,#3633);
#3632 = CARTESIAN_POINT('',(2.6,7.071067811867E-002));
#3633 = VECTOR('',#3634,1.);
#3634 = DIRECTION('',(7.787998879854E-015,-1.));
#3635 = ( GEOMETRIC_REPRESENTATION_CONTEXT(2) 
PARAMETRIC_REPRESENTATION_CONTEXT() REPRESENTATION_CONTEXT('2D SPACE',''
  ) );
#3636 = PCURVE('',#3521,#3637);
#3637 = DEFINITIONAL_REPRESENTATION('',(#3638),#3642);
#3638 = LINE('',#3639,#3640);
#3639 = CARTESIAN_POINT('',(-3.535533905932E-002,6.123724356957E-002));
#3640 = VECTOR('',#3641,1.);
#3641 = DIRECTION('',(-0.5,0.866025403784));
#3642 = ( GEOMETRIC_REPRESENTATION_CONTEXT(2) 
PARAMETRIC_REPRESENTATION_CONTEXT() REPRESENTATION_CONTEXT('2D SPACE',''
  ) );
#3643 = ORIENTED_EDGE('',*,*,#3325,.F.);
#3644 = ADVANCED_FACE('',(#3645),#3362,.F.);
#3645 = FACE_BOUND('',#3646,.T.);
#3646 = EDGE_LOOP('',(#3647,#3648,#3649,#3670));
#3647 = ORIENTED_EDGE('',*,*,#3378,.T.);
#3648 = ORIENTED_EDGE('',*,*,#3454,.T.);
#3649 = ORIENTED_EDGE('',*,*,#3650,.F.);
#3650 = EDGE_CURVE('',#3326,#3432,#3651,.T.);
#3651 = SURFACE_CURVE('',#3652,(#3656,#3663),.PCURVE_S1.);
#3652 = LINE('',#3653,#3654);
#3653 = CARTESIAN_POINT('',(4.3,2.65,-16.95));
#3654 = VECTOR('',#3655,1.);
#3655 = DIRECTION('',(1.105703544671E-014,0.707106781187,0.707106781187)
  );
#3656 = PCURVE('',#3362,#3657);
#3657 = DEFINITIONAL_REPRESENTATION('',(#3658),#3662);
#3658 = LINE('',#3659,#3660);
#3659 = CARTESIAN_POINT('',(-0.3,7.071067811866E-002));
#3660 = VECTOR('',#3661,1.);
#3661 = DIRECTION('',(-1.105703544671E-014,-1.));
#3662 = ( GEOMETRIC_REPRESENTATION_CONTEXT(2) 
PARAMETRIC_REPRESENTATION_CONTEXT() REPRESENTATION_CONTEXT('2D SPACE',''
  ) );
#3663 = PCURVE('',#3521,#3664);
#3664 = DEFINITIONAL_REPRESENTATION('',(#3665),#3669);
#3665 = LINE('',#3666,#3667);
#3666 = CARTESIAN_POINT('',(3.535533905933E-002,6.123724356958E-002));
#3667 = VECTOR('',#3668,1.);
#3668 = DIRECTION('',(0.5,0.866025403784));
#3669 = ( GEOMETRIC_REPRESENTATION_CONTEXT(2) 
PARAMETRIC_REPRESENTATION_CONTEXT() REPRESENTATION_CONTEXT('2D SPACE',''
  ) );
#3670 = ORIENTED_EDGE('',*,*,#3348,.F.);
#3671 = ADVANCED_FACE('',(#3672),#3521,.T.);
#3672 = FACE_BOUND('',#3673,.T.);
#3673 = EDGE_LOOP('',(#3674,#3675,#3676));
#3674 = ORIENTED_EDGE('',*,*,#3623,.F.);
#3675 = ORIENTED_EDGE('',*,*,#3650,.T.);
#3676 = ORIENTED_EDGE('',*,*,#3507,.F.);
#3677 = ( GEOMETRIC_REPRESENTATION_CONTEXT(3) 
GLOBAL_UNCERTAINTY_ASSIGNED_CONTEXT((#3681)) 
GLOBAL_UNIT_ASSIGNED_CONTEXT((#3678,#3679,#3680)) REPRESENTATION_CONTEXT
('Context #1','3D Context with UNIT and UNCERTAINTY') );
#3678 = ( LENGTH_UNIT() NAMED_UNIT(*) SI_UNIT(.MILLI.,.METRE.) );
#3679 = ( NAMED_UNIT(*) PLANE_ANGLE_UNIT() SI_UNIT($,.RADIAN.) );
#3680 = ( NAMED_UNIT(*) SI_UNIT($,.STERADIAN.) SOLID_ANGLE_UNIT() );
#3681 = UNCERTAINTY_MEASURE_WITH_UNIT(LENGTH_MEASURE(5.E-005),#3678,
  'distance_accuracy_value','confusion accuracy');
#3682 = SHAPE_DEFINITION_REPRESENTATION(#3683,#37);
#3683 = PRODUCT_DEFINITION_SHAPE('','',#3684);
#3684 = PRODUCT_DEFINITION('design','',#3685,#3688);
#3685 = PRODUCT_DEFINITION_FORMATION('','',#3686);
#3686 = PRODUCT('Chamfer010','Chamfer010','',(#3687));
#3687 = MECHANICAL_CONTEXT('',#2,'mechanical');
#3688 = PRODUCT_DEFINITION_CONTEXT('part definition',#2,'design');
#3689 = CONTEXT_DEPENDENT_SHAPE_REPRESENTATION(#3690,#3692);
#3690 = ( REPRESENTATION_RELATIONSHIP('','',#37,#10) 
REPRESENTATION_RELATIONSHIP_WITH_TRANSFORMATION(#3691) 
SHAPE_REPRESENTATION_RELATIONSHIP() );
#3691 = ITEM_DEFINED_TRANSFORMATION('','',#11,#15);
#3692 = PRODUCT_DEFINITION_SHAPE('Placement','Placement of an item',
  #3693);
#3693 = NEXT_ASSEMBLY_USAGE_OCCURRENCE('1','=>[0:1:1:2]','',#5,#3684,$);
#3694 = PRODUCT_TYPE('part',$,(#3686));
#3695 = ADVANCED_BREP_SHAPE_REPRESENTATION('',(#11,#3696),#8039);
#3696 = MANIFOLD_SOLID_BREP('',#3697);
#3697 = CLOSED_SHELL('',(#3698,#3786,#3840,#4093,#4123,#4285,#4421,#4469
    ,#4575,#4706,#4754,#4860,#5179,#5466,#5473,#5500,#5527,#5554,#5561,
    #5588,#5861,#6088,#6136,#6318,#6571,#6771,#6971,#7112,#7183,#7323,
    #7420,#7516,#7522,#7550,#7600,#7628,#7656,#7751,#7757,#7763,#7769,
    #7776,#7848,#7872,#7897,#7903,#7949,#7999,#8023,#8030));
#3698 = ADVANCED_FACE('',(#3699),#3712,.T.);
#3699 = FACE_BOUND('',#3700,.T.);
#3700 = EDGE_LOOP('',(#3701,#3735,#3758,#3785));
#3701 = ORIENTED_EDGE('',*,*,#3702,.F.);
#3702 = EDGE_CURVE('',#3703,#3703,#3705,.T.);
#3703 = VERTEX_POINT('',#3704);
#3704 = CARTESIAN_POINT('',(13.5,0.E+000,15.01));
#3705 = SURFACE_CURVE('',#3706,(#3711,#3723),.PCURVE_S1.);
#3706 = CIRCLE('',#3707,13.5);
#3707 = AXIS2_PLACEMENT_3D('',#3708,#3709,#3710);
#3708 = CARTESIAN_POINT('',(0.E+000,0.E+000,15.01));
#3709 = DIRECTION('',(0.E+000,0.E+000,1.));
#3710 = DIRECTION('',(1.,0.E+000,0.E+000));
#3711 = PCURVE('',#3712,#3717);
#3712 = CYLINDRICAL_SURFACE('',#3713,13.5);
#3713 = AXIS2_PLACEMENT_3D('',#3714,#3715,#3716);
#3714 = CARTESIAN_POINT('',(0.E+000,0.E+000,15.));
#3715 = DIRECTION('',(0.E+000,0.E+000,1.));
#3716 = DIRECTION('',(1.,0.E+000,0.E+000));
#3717 = DEFINITIONAL_REPRESENTATION('',(#3718),#3722);
#3718 = LINE('',#3719,#3720);
#3719 = CARTESIAN_POINT('',(0.E+000,1.E-002));
#3720 = VECTOR('',#3721,1.);
#3721 = DIRECTION('',(1.,0.E+000));
#3722 = ( GEOMETRIC_REPRESENTATION_CONTEXT(2) 
PARAMETRIC_REPRESENTATION_CONTEXT() REPRESENTATION_CONTEXT('2D SPACE',''
  ) );
#3723 = PCURVE('',#3724,#3729);
#3724 = TOROIDAL_SURFACE('',#3725,11.01,2.49);
#3725 = AXIS2_PLACEMENT_3D('',#3726,#3727,#3728);
#3726 = CARTESIAN_POINT('',(0.E+000,0.E+000,15.01));
#3727 = DIRECTION('',(0.E+000,0.E+000,1.));
#3728 = DIRECTION('',(1.,0.E+000,0.E+000));
#3729 = DEFINITIONAL_REPRESENTATION('',(#3730),#3734);
#3730 = LINE('',#3731,#3732);
#3731 = CARTESIAN_POINT('',(0.E+000,0.E+000));
#3732 = VECTOR('',#3733,1.);
#3733 = DIRECTION('',(1.,0.E+000));
#3734 = ( GEOMETRIC_REPRESENTATION_CONTEXT(2) 
PARAMETRIC_REPRESENTATION_CONTEXT() REPRESENTATION_CONTEXT('2D SPACE',''
  ) );
#3735 = ORIENTED_EDGE('',*,*,#3736,.F.);
#3736 = EDGE_CURVE('',#3737,#3703,#3739,.T.);
#3737 = VERTEX_POINT('',#3738);
#3738 = CARTESIAN_POINT('',(13.5,-3.306546357698E-015,15.));
#3739 = SEAM_CURVE('',#3740,(#3744,#3751),.PCURVE_S1.);
#3740 = LINE('',#3741,#3742);
#3741 = CARTESIAN_POINT('',(13.5,-3.306546357698E-015,15.));
#3742 = VECTOR('',#3743,1.);
#3743 = DIRECTION('',(0.E+000,0.E+000,1.));
#3744 = PCURVE('',#3712,#3745);
#3745 = DEFINITIONAL_REPRESENTATION('',(#3746),#3750);
#3746 = LINE('',#3747,#3748);
#3747 = CARTESIAN_POINT('',(6.28318530718,-0.E+000));
#3748 = VECTOR('',#3749,1.);
#3749 = DIRECTION('',(0.E+000,1.));
#3750 = ( GEOMETRIC_REPRESENTATION_CONTEXT(2) 
PARAMETRIC_REPRESENTATION_CONTEXT() REPRESENTATION_CONTEXT('2D SPACE',''
  ) );
#3751 = PCURVE('',#3712,#3752);
#3752 = DEFINITIONAL_REPRESENTATION('',(#3753),#3757);
#3753 = LINE('',#3754,#3755);
#3754 = CARTESIAN_POINT('',(0.E+000,-0.E+000));
#3755 = VECTOR('',#3756,1.);
#3756 = DIRECTION('',(0.E+000,1.));
#3757 = ( GEOMETRIC_REPRESENTATION_CONTEXT(2) 
PARAMETRIC_REPRESENTATION_CONTEXT() REPRESENTATION_CONTEXT('2D SPACE',''
  ) );
#3758 = ORIENTED_EDGE('',*,*,#3759,.T.);
#3759 = EDGE_CURVE('',#3737,#3737,#3760,.T.);
#3760 = SURFACE_CURVE('',#3761,(#3766,#3773),.PCURVE_S1.);
#3761 = CIRCLE('',#3762,13.5);
#3762 = AXIS2_PLACEMENT_3D('',#3763,#3764,#3765);
#3763 = CARTESIAN_POINT('',(0.E+000,0.E+000,15.));
#3764 = DIRECTION('',(0.E+000,0.E+000,1.));
#3765 = DIRECTION('',(1.,0.E+000,0.E+000));
#3766 = PCURVE('',#3712,#3767);
#3767 = DEFINITIONAL_REPRESENTATION('',(#3768),#3772);
#3768 = LINE('',#3769,#3770);
#3769 = CARTESIAN_POINT('',(0.E+000,0.E+000));
#3770 = VECTOR('',#3771,1.);
#3771 = DIRECTION('',(1.,0.E+000));
#3772 = ( GEOMETRIC_REPRESENTATION_CONTEXT(2) 
PARAMETRIC_REPRESENTATION_CONTEXT() REPRESENTATION_CONTEXT('2D SPACE',''
  ) );
#3773 = PCURVE('',#3774,#3779);
#3774 = PLANE('',#3775);
#3775 = AXIS2_PLACEMENT_3D('',#3776,#3777,#3778);
#3776 = CARTESIAN_POINT('',(0.E+000,0.E+000,15.));
#3777 = DIRECTION('',(0.E+000,0.E+000,1.));
#3778 = DIRECTION('',(1.,0.E+000,0.E+000));
#3779 = DEFINITIONAL_REPRESENTATION('',(#3780),#3784);
#3780 = CIRCLE('',#3781,13.5);
#3781 = AXIS2_PLACEMENT_2D('',#3782,#3783);
#3782 = CARTESIAN_POINT('',(0.E+000,0.E+000));
#3783 = DIRECTION('',(1.,0.E+000));
#3784 = ( GEOMETRIC_REPRESENTATION_CONTEXT(2) 
PARAMETRIC_REPRESENTATION_CONTEXT() REPRESENTATION_CONTEXT('2D SPACE',''
  ) );
#3785 = ORIENTED_EDGE('',*,*,#3736,.T.);
#3786 = ADVANCED_FACE('',(#3787),#3724,.T.);
#3787 = FACE_BOUND('',#3788,.T.);
#3788 = EDGE_LOOP('',(#3789,#3811,#3812,#3813));
#3789 = ORIENTED_EDGE('',*,*,#3790,.F.);
#3790 = EDGE_CURVE('',#3703,#3791,#3793,.T.);
#3791 = VERTEX_POINT('',#3792);
#3792 = CARTESIAN_POINT('',(11.01,0.E+000,17.5));
#3793 = SEAM_CURVE('',#3794,(#3799,#3805),.PCURVE_S1.);
#3794 = CIRCLE('',#3795,2.49);
#3795 = AXIS2_PLACEMENT_3D('',#3796,#3797,#3798);
#3796 = CARTESIAN_POINT('',(11.01,0.E+000,15.01));
#3797 = DIRECTION('',(0.E+000,-1.,0.E+000));
#3798 = DIRECTION('',(1.,0.E+000,0.E+000));
#3799 = PCURVE('',#3724,#3800);
#3800 = DEFINITIONAL_REPRESENTATION('',(#3801),#3804);
#3801 = B_SPLINE_CURVE_WITH_KNOTS('',1,(#3802,#3803),.UNSPECIFIED.,.F.,
  .F.,(2,2),(0.E+000,1.570796326795),.PIECEWISE_BEZIER_KNOTS.);
#3802 = CARTESIAN_POINT('',(0.E+000,0.E+000));
#3803 = CARTESIAN_POINT('',(0.E+000,1.570796326795));
#3804 = ( GEOMETRIC_REPRESENTATION_CONTEXT(2) 
PARAMETRIC_REPRESENTATION_CONTEXT() REPRESENTATION_CONTEXT('2D SPACE',''
  ) );
#3805 = PCURVE('',#3724,#3806);
#3806 = DEFINITIONAL_REPRESENTATION('',(#3807),#3810);
#3807 = B_SPLINE_CURVE_WITH_KNOTS('',1,(#3808,#3809),.UNSPECIFIED.,.F.,
  .F.,(2,2),(0.E+000,1.570796326795),.PIECEWISE_BEZIER_KNOTS.);
#3808 = CARTESIAN_POINT('',(6.28318530718,0.E+000));
#3809 = CARTESIAN_POINT('',(6.28318530718,1.570796326795));
#3810 = ( GEOMETRIC_REPRESENTATION_CONTEXT(2) 
PARAMETRIC_REPRESENTATION_CONTEXT() REPRESENTATION_CONTEXT('2D SPACE',''
  ) );
#3811 = ORIENTED_EDGE('',*,*,#3702,.T.);
#3812 = ORIENTED_EDGE('',*,*,#3790,.T.);
#3813 = ORIENTED_EDGE('',*,*,#3814,.F.);
#3814 = EDGE_CURVE('',#3791,#3791,#3815,.T.);
#3815 = SURFACE_CURVE('',#3816,(#3821,#3828),.PCURVE_S1.);
#3816 = CIRCLE('',#3817,11.01);
#3817 = AXIS2_PLACEMENT_3D('',#3818,#3819,#3820);
#3818 = CARTESIAN_POINT('',(0.E+000,0.E+000,17.5));
#3819 = DIRECTION('',(0.E+000,0.E+000,1.));
#3820 = DIRECTION('',(1.,0.E+000,0.E+000));
#3821 = PCURVE('',#3724,#3822);
#3822 = DEFINITIONAL_REPRESENTATION('',(#3823),#3827);
#3823 = LINE('',#3824,#3825);
#3824 = CARTESIAN_POINT('',(0.E+000,1.570796326795));
#3825 = VECTOR('',#3826,1.);
#3826 = DIRECTION('',(1.,0.E+000));
#3827 = ( GEOMETRIC_REPRESENTATION_CONTEXT(2) 
PARAMETRIC_REPRESENTATION_CONTEXT() REPRESENTATION_CONTEXT('2D SPACE',''
  ) );
#3828 = PCURVE('',#3829,#3834);
#3829 = PLANE('',#3830);
#3830 = AXIS2_PLACEMENT_3D('',#3831,#3832,#3833);
#3831 = CARTESIAN_POINT('',(0.E+000,0.E+000,17.5));
#3832 = DIRECTION('',(0.E+000,0.E+000,1.));
#3833 = DIRECTION('',(1.,0.E+000,0.E+000));
#3834 = DEFINITIONAL_REPRESENTATION('',(#3835),#3839);
#3835 = CIRCLE('',#3836,11.01);
#3836 = AXIS2_PLACEMENT_2D('',#3837,#3838);
#3837 = CARTESIAN_POINT('',(0.E+000,0.E+000));
#3838 = DIRECTION('',(1.,0.E+000));
#3839 = ( GEOMETRIC_REPRESENTATION_CONTEXT(2) 
PARAMETRIC_REPRESENTATION_CONTEXT() REPRESENTATION_CONTEXT('2D SPACE',''
  ) );
#3840 = ADVANCED_FACE('',(#3841,#3844),#3774,.F.);
#3841 = FACE_BOUND('',#3842,.F.);
#3842 = EDGE_LOOP('',(#3843));
#3843 = ORIENTED_EDGE('',*,*,#3759,.T.);
#3844 = FACE_BOUND('',#3845,.F.);
#3845 = EDGE_LOOP('',(#3846,#3877,#3905,#3934,#3962,#3986,#4014,#4043,
    #4071));
#3846 = ORIENTED_EDGE('',*,*,#3847,.F.);
#3847 = EDGE_CURVE('',#3848,#3850,#3852,.T.);
#3848 = VERTEX_POINT('',#3849);
#3849 = CARTESIAN_POINT('',(8.809405485048,-4.,15.));
#3850 = VERTEX_POINT('',#3851);
#3851 = CARTESIAN_POINT('',(9.675,-2.36969155635E-015,15.));
#3852 = SURFACE_CURVE('',#3853,(#3858,#3865),.PCURVE_S1.);
#3853 = CIRCLE('',#3854,9.675);
#3854 = AXIS2_PLACEMENT_3D('',#3855,#3856,#3857);
#3855 = CARTESIAN_POINT('',(0.E+000,0.E+000,15.));
#3856 = DIRECTION('',(0.E+000,0.E+000,1.));
#3857 = DIRECTION('',(1.,0.E+000,0.E+000));
#3858 = PCURVE('',#3774,#3859);
#3859 = DEFINITIONAL_REPRESENTATION('',(#3860),#3864);
#3860 = CIRCLE('',#3861,9.675);
#3861 = AXIS2_PLACEMENT_2D('',#3862,#3863);
#3862 = CARTESIAN_POINT('',(0.E+000,0.E+000));
#3863 = DIRECTION('',(1.,0.E+000));
#3864 = ( GEOMETRIC_REPRESENTATION_CONTEXT(2) 
PARAMETRIC_REPRESENTATION_CONTEXT() REPRESENTATION_CONTEXT('2D SPACE',''
  ) );
#3865 = PCURVE('',#3866,#3871);
#3866 = CYLINDRICAL_SURFACE('',#3867,9.675);
#3867 = AXIS2_PLACEMENT_3D('',#3868,#3869,#3870);
#3868 = CARTESIAN_POINT('',(0.E+000,0.E+000,3.));
#3869 = DIRECTION('',(0.E+000,0.E+000,1.));
#3870 = DIRECTION('',(1.,0.E+000,0.E+000));
#3871 = DEFINITIONAL_REPRESENTATION('',(#3872),#3876);
#3872 = LINE('',#3873,#3874);
#3873 = CARTESIAN_POINT('',(0.E+000,12.));
#3874 = VECTOR('',#3875,1.);
#3875 = DIRECTION('',(1.,0.E+000));
#3876 = ( GEOMETRIC_REPRESENTATION_CONTEXT(2) 
PARAMETRIC_REPRESENTATION_CONTEXT() REPRESENTATION_CONTEXT('2D SPACE',''
  ) );
#3877 = ORIENTED_EDGE('',*,*,#3878,.T.);
#3878 = EDGE_CURVE('',#3848,#3879,#3881,.T.);
#3879 = VERTEX_POINT('',#3880);
#3880 = CARTESIAN_POINT('',(11.048189896992,-4.,15.));
#3881 = SURFACE_CURVE('',#3882,(#3886,#3893),.PCURVE_S1.);
#3882 = LINE('',#3883,#3884);
#3883 = CARTESIAN_POINT('',(6.,-4.,15.));
#3884 = VECTOR('',#3885,1.);
#3885 = DIRECTION('',(1.,0.E+000,0.E+000));
#3886 = PCURVE('',#3774,#3887);
#3887 = DEFINITIONAL_REPRESENTATION('',(#3888),#3892);
#3888 = LINE('',#3889,#3890);
#3889 = CARTESIAN_POINT('',(6.,-4.));
#3890 = VECTOR('',#3891,1.);
#3891 = DIRECTION('',(1.,0.E+000));
#3892 = ( GEOMETRIC_REPRESENTATION_CONTEXT(2) 
PARAMETRIC_REPRESENTATION_CONTEXT() REPRESENTATION_CONTEXT('2D SPACE',''
  ) );
#3893 = PCURVE('',#3894,#3899);
#3894 = PLANE('',#3895);
#3895 = AXIS2_PLACEMENT_3D('',#3896,#3897,#3898);
#3896 = CARTESIAN_POINT('',(6.,-4.,0.E+000));
#3897 = DIRECTION('',(0.E+000,1.,0.E+000));
#3898 = DIRECTION('',(0.E+000,0.E+000,1.));
#3899 = DEFINITIONAL_REPRESENTATION('',(#3900),#3904);
#3900 = LINE('',#3901,#3902);
#3901 = CARTESIAN_POINT('',(15.,0.E+000));
#3902 = VECTOR('',#3903,1.);
#3903 = DIRECTION('',(0.E+000,1.));
#3904 = ( GEOMETRIC_REPRESENTATION_CONTEXT(2) 
PARAMETRIC_REPRESENTATION_CONTEXT() REPRESENTATION_CONTEXT('2D SPACE',''
  ) );
#3905 = ORIENTED_EDGE('',*,*,#3906,.F.);
#3906 = EDGE_CURVE('',#3907,#3879,#3909,.T.);
#3907 = VERTEX_POINT('',#3908);
#3908 = CARTESIAN_POINT('',(-11.04818989699,-4.,15.));
#3909 = SURFACE_CURVE('',#3910,(#3915,#3922),.PCURVE_S1.);
#3910 = CIRCLE('',#3911,11.75);
#3911 = AXIS2_PLACEMENT_3D('',#3912,#3913,#3914);
#3912 = CARTESIAN_POINT('',(0.E+000,0.E+000,15.));
#3913 = DIRECTION('',(0.E+000,0.E+000,1.));
#3914 = DIRECTION('',(1.,0.E+000,0.E+000));
#3915 = PCURVE('',#3774,#3916);
#3916 = DEFINITIONAL_REPRESENTATION('',(#3917),#3921);
#3917 = CIRCLE('',#3918,11.75);
#3918 = AXIS2_PLACEMENT_2D('',#3919,#3920);
#3919 = CARTESIAN_POINT('',(0.E+000,0.E+000));
#3920 = DIRECTION('',(1.,0.E+000));
#3921 = ( GEOMETRIC_REPRESENTATION_CONTEXT(2) 
PARAMETRIC_REPRESENTATION_CONTEXT() REPRESENTATION_CONTEXT('2D SPACE',''
  ) );
#3922 = PCURVE('',#3923,#3928);
#3923 = CYLINDRICAL_SURFACE('',#3924,11.75);
#3924 = AXIS2_PLACEMENT_3D('',#3925,#3926,#3927);
#3925 = CARTESIAN_POINT('',(0.E+000,0.E+000,0.E+000));
#3926 = DIRECTION('',(0.E+000,0.E+000,1.));
#3927 = DIRECTION('',(1.,0.E+000,0.E+000));
#3928 = DEFINITIONAL_REPRESENTATION('',(#3929),#3933);
#3929 = LINE('',#3930,#3931);
#3930 = CARTESIAN_POINT('',(0.E+000,15.));
#3931 = VECTOR('',#3932,1.);
#3932 = DIRECTION('',(1.,0.E+000));
#3933 = ( GEOMETRIC_REPRESENTATION_CONTEXT(2) 
PARAMETRIC_REPRESENTATION_CONTEXT() REPRESENTATION_CONTEXT('2D SPACE',''
  ) );
#3934 = ORIENTED_EDGE('',*,*,#3935,.T.);
#3935 = EDGE_CURVE('',#3907,#3936,#3938,.T.);
#3936 = VERTEX_POINT('',#3937);
#3937 = CARTESIAN_POINT('',(-8.809405485048,-4.,15.));
#3938 = SURFACE_CURVE('',#3939,(#3943,#3950),.PCURVE_S1.);
#3939 = LINE('',#3940,#3941);
#3940 = CARTESIAN_POINT('',(-12.,-4.,15.));
#3941 = VECTOR('',#3942,1.);
#3942 = DIRECTION('',(1.,0.E+000,0.E+000));
#3943 = PCURVE('',#3774,#3944);
#3944 = DEFINITIONAL_REPRESENTATION('',(#3945),#3949);
#3945 = LINE('',#3946,#3947);
#3946 = CARTESIAN_POINT('',(-12.,-4.));
#3947 = VECTOR('',#3948,1.);
#3948 = DIRECTION('',(1.,0.E+000));
#3949 = ( GEOMETRIC_REPRESENTATION_CONTEXT(2) 
PARAMETRIC_REPRESENTATION_CONTEXT() REPRESENTATION_CONTEXT('2D SPACE',''
  ) );
#3950 = PCURVE('',#3951,#3956);
#3951 = PLANE('',#3952);
#3952 = AXIS2_PLACEMENT_3D('',#3953,#3954,#3955);
#3953 = CARTESIAN_POINT('',(-12.,-4.,0.E+000));
#3954 = DIRECTION('',(0.E+000,1.,0.E+000));
#3955 = DIRECTION('',(0.E+000,0.E+000,1.));
#3956 = DEFINITIONAL_REPRESENTATION('',(#3957),#3961);
#3957 = LINE('',#3958,#3959);
#3958 = CARTESIAN_POINT('',(15.,0.E+000));
#3959 = VECTOR('',#3960,1.);
#3960 = DIRECTION('',(0.E+000,1.));
#3961 = ( GEOMETRIC_REPRESENTATION_CONTEXT(2) 
PARAMETRIC_REPRESENTATION_CONTEXT() REPRESENTATION_CONTEXT('2D SPACE',''
  ) );
#3962 = ORIENTED_EDGE('',*,*,#3963,.F.);
#3963 = EDGE_CURVE('',#3964,#3936,#3966,.T.);
#3964 = VERTEX_POINT('',#3965);
#3965 = CARTESIAN_POINT('',(-8.809405485048,4.,15.));
#3966 = SURFACE_CURVE('',#3967,(#3972,#3979),.PCURVE_S1.);
#3967 = CIRCLE('',#3968,9.675);
#3968 = AXIS2_PLACEMENT_3D('',#3969,#3970,#3971);
#3969 = CARTESIAN_POINT('',(0.E+000,0.E+000,15.));
#3970 = DIRECTION('',(0.E+000,0.E+000,1.));
#3971 = DIRECTION('',(1.,0.E+000,0.E+000));
#3972 = PCURVE('',#3774,#3973);
#3973 = DEFINITIONAL_REPRESENTATION('',(#3974),#3978);
#3974 = CIRCLE('',#3975,9.675);
#3975 = AXIS2_PLACEMENT_2D('',#3976,#3977);
#3976 = CARTESIAN_POINT('',(0.E+000,0.E+000));
#3977 = DIRECTION('',(1.,0.E+000));
#3978 = ( GEOMETRIC_REPRESENTATION_CONTEXT(2) 
PARAMETRIC_REPRESENTATION_CONTEXT() REPRESENTATION_CONTEXT('2D SPACE',''
  ) );
#3979 = PCURVE('',#3866,#3980);
#3980 = DEFINITIONAL_REPRESENTATION('',(#3981),#3985);
#3981 = LINE('',#3982,#3983);
#3982 = CARTESIAN_POINT('',(0.E+000,12.));
#3983 = VECTOR('',#3984,1.);
#3984 = DIRECTION('',(1.,0.E+000));
#3985 = ( GEOMETRIC_REPRESENTATION_CONTEXT(2) 
PARAMETRIC_REPRESENTATION_CONTEXT() REPRESENTATION_CONTEXT('2D SPACE',''
  ) );
#3986 = ORIENTED_EDGE('',*,*,#3987,.F.);
#3987 = EDGE_CURVE('',#3988,#3964,#3990,.T.);
#3988 = VERTEX_POINT('',#3989);
#3989 = CARTESIAN_POINT('',(-11.04818989699,4.,15.));
#3990 = SURFACE_CURVE('',#3991,(#3995,#4002),.PCURVE_S1.);
#3991 = LINE('',#3992,#3993);
#3992 = CARTESIAN_POINT('',(-12.,4.,15.));
#3993 = VECTOR('',#3994,1.);
#3994 = DIRECTION('',(1.,0.E+000,0.E+000));
#3995 = PCURVE('',#3774,#3996);
#3996 = DEFINITIONAL_REPRESENTATION('',(#3997),#4001);
#3997 = LINE('',#3998,#3999);
#3998 = CARTESIAN_POINT('',(-12.,4.));
#3999 = VECTOR('',#4000,1.);
#4000 = DIRECTION('',(1.,0.E+000));
#4001 = ( GEOMETRIC_REPRESENTATION_CONTEXT(2) 
PARAMETRIC_REPRESENTATION_CONTEXT() REPRESENTATION_CONTEXT('2D SPACE',''
  ) );
#4002 = PCURVE('',#4003,#4008);
#4003 = PLANE('',#4004);
#4004 = AXIS2_PLACEMENT_3D('',#4005,#4006,#4007);
#4005 = CARTESIAN_POINT('',(-12.,4.,0.E+000));
#4006 = DIRECTION('',(0.E+000,1.,0.E+000));
#4007 = DIRECTION('',(0.E+000,0.E+000,1.));
#4008 = DEFINITIONAL_REPRESENTATION('',(#4009),#4013);
#4009 = LINE('',#4010,#4011);
#4010 = CARTESIAN_POINT('',(15.,0.E+000));
#4011 = VECTOR('',#4012,1.);
#4012 = DIRECTION('',(0.E+000,1.));
#4013 = ( GEOMETRIC_REPRESENTATION_CONTEXT(2) 
PARAMETRIC_REPRESENTATION_CONTEXT() REPRESENTATION_CONTEXT('2D SPACE',''
  ) );
#4014 = ORIENTED_EDGE('',*,*,#4015,.F.);
#4015 = EDGE_CURVE('',#4016,#3988,#4018,.T.);
#4016 = VERTEX_POINT('',#4017);
#4017 = CARTESIAN_POINT('',(11.048189896992,4.,15.));
#4018 = SURFACE_CURVE('',#4019,(#4024,#4031),.PCURVE_S1.);
#4019 = CIRCLE('',#4020,11.75);
#4020 = AXIS2_PLACEMENT_3D('',#4021,#4022,#4023);
#4021 = CARTESIAN_POINT('',(0.E+000,0.E+000,15.));
#4022 = DIRECTION('',(0.E+000,0.E+000,1.));
#4023 = DIRECTION('',(1.,0.E+000,0.E+000));
#4024 = PCURVE('',#3774,#4025);
#4025 = DEFINITIONAL_REPRESENTATION('',(#4026),#4030);
#4026 = CIRCLE('',#4027,11.75);
#4027 = AXIS2_PLACEMENT_2D('',#4028,#4029);
#4028 = CARTESIAN_POINT('',(0.E+000,0.E+000));
#4029 = DIRECTION('',(1.,0.E+000));
#4030 = ( GEOMETRIC_REPRESENTATION_CONTEXT(2) 
PARAMETRIC_REPRESENTATION_CONTEXT() REPRESENTATION_CONTEXT('2D SPACE',''
  ) );
#4031 = PCURVE('',#4032,#4037);
#4032 = CYLINDRICAL_SURFACE('',#4033,11.75);
#4033 = AXIS2_PLACEMENT_3D('',#4034,#4035,#4036);
#4034 = CARTESIAN_POINT('',(0.E+000,0.E+000,0.E+000));
#4035 = DIRECTION('',(0.E+000,0.E+000,1.));
#4036 = DIRECTION('',(1.,0.E+000,0.E+000));
#4037 = DEFINITIONAL_REPRESENTATION('',(#4038),#4042);
#4038 = LINE('',#4039,#4040);
#4039 = CARTESIAN_POINT('',(0.E+000,15.));
#4040 = VECTOR('',#4041,1.);
#4041 = DIRECTION('',(1.,0.E+000));
#4042 = ( GEOMETRIC_REPRESENTATION_CONTEXT(2) 
PARAMETRIC_REPRESENTATION_CONTEXT() REPRESENTATION_CONTEXT('2D SPACE',''
  ) );
#4043 = ORIENTED_EDGE('',*,*,#4044,.F.);
#4044 = EDGE_CURVE('',#4045,#4016,#4047,.T.);
#4045 = VERTEX_POINT('',#4046);
#4046 = CARTESIAN_POINT('',(8.809405485048,4.,15.));
#4047 = SURFACE_CURVE('',#4048,(#4052,#4059),.PCURVE_S1.);
#4048 = LINE('',#4049,#4050);
#4049 = CARTESIAN_POINT('',(6.,4.,15.));
#4050 = VECTOR('',#4051,1.);
#4051 = DIRECTION('',(1.,0.E+000,0.E+000));
#4052 = PCURVE('',#3774,#4053);
#4053 = DEFINITIONAL_REPRESENTATION('',(#4054),#4058);
#4054 = LINE('',#4055,#4056);
#4055 = CARTESIAN_POINT('',(6.,4.));
#4056 = VECTOR('',#4057,1.);
#4057 = DIRECTION('',(1.,0.E+000));
#4058 = ( GEOMETRIC_REPRESENTATION_CONTEXT(2) 
PARAMETRIC_REPRESENTATION_CONTEXT() REPRESENTATION_CONTEXT('2D SPACE',''
  ) );
#4059 = PCURVE('',#4060,#4065);
#4060 = PLANE('',#4061);
#4061 = AXIS2_PLACEMENT_3D('',#4062,#4063,#4064);
#4062 = CARTESIAN_POINT('',(6.,4.,0.E+000));
#4063 = DIRECTION('',(0.E+000,1.,0.E+000));
#4064 = DIRECTION('',(0.E+000,0.E+000,1.));
#4065 = DEFINITIONAL_REPRESENTATION('',(#4066),#4070);
#4066 = LINE('',#4067,#4068);
#4067 = CARTESIAN_POINT('',(15.,0.E+000));
#4068 = VECTOR('',#4069,1.);
#4069 = DIRECTION('',(0.E+000,1.));
#4070 = ( GEOMETRIC_REPRESENTATION_CONTEXT(2) 
PARAMETRIC_REPRESENTATION_CONTEXT() REPRESENTATION_CONTEXT('2D SPACE',''
  ) );
#4071 = ORIENTED_EDGE('',*,*,#4072,.F.);
#4072 = EDGE_CURVE('',#3850,#4045,#4073,.T.);
#4073 = SURFACE_CURVE('',#4074,(#4079,#4086),.PCURVE_S1.);
#4074 = CIRCLE('',#4075,9.675);
#4075 = AXIS2_PLACEMENT_3D('',#4076,#4077,#4078);
#4076 = CARTESIAN_POINT('',(0.E+000,0.E+000,15.));
#4077 = DIRECTION('',(0.E+000,0.E+000,1.));
#4078 = DIRECTION('',(1.,0.E+000,0.E+000));
#4079 = PCURVE('',#3774,#4080);
#4080 = DEFINITIONAL_REPRESENTATION('',(#4081),#4085);
#4081 = CIRCLE('',#4082,9.675);
#4082 = AXIS2_PLACEMENT_2D('',#4083,#4084);
#4083 = CARTESIAN_POINT('',(0.E+000,0.E+000));
#4084 = DIRECTION('',(1.,0.E+000));
#4085 = ( GEOMETRIC_REPRESENTATION_CONTEXT(2) 
PARAMETRIC_REPRESENTATION_CONTEXT() REPRESENTATION_CONTEXT('2D SPACE',''
  ) );
#4086 = PCURVE('',#3866,#4087);
#4087 = DEFINITIONAL_REPRESENTATION('',(#4088),#4092);
#4088 = LINE('',#4089,#4090);
#4089 = CARTESIAN_POINT('',(0.E+000,12.));
#4090 = VECTOR('',#4091,1.);
#4091 = DIRECTION('',(1.,0.E+000));
#4092 = ( GEOMETRIC_REPRESENTATION_CONTEXT(2) 
PARAMETRIC_REPRESENTATION_CONTEXT() REPRESENTATION_CONTEXT('2D SPACE',''
  ) );
#4093 = ADVANCED_FACE('',(#4094,#4097),#3829,.T.);
#4094 = FACE_BOUND('',#4095,.T.);
#4095 = EDGE_LOOP('',(#4096));
#4096 = ORIENTED_EDGE('',*,*,#3814,.T.);
#4097 = FACE_BOUND('',#4098,.T.);
#4098 = EDGE_LOOP('',(#4099));
#4099 = ORIENTED_EDGE('',*,*,#4100,.F.);
#4100 = EDGE_CURVE('',#4101,#4101,#4103,.T.);
#4101 = VERTEX_POINT('',#4102);
#4102 = CARTESIAN_POINT('',(9.675,-2.36969155635E-015,17.5));
#4103 = SURFACE_CURVE('',#4104,(#4109,#4116),.PCURVE_S1.);
#4104 = CIRCLE('',#4105,9.675);
#4105 = AXIS2_PLACEMENT_3D('',#4106,#4107,#4108);
#4106 = CARTESIAN_POINT('',(0.E+000,0.E+000,17.5));
#4107 = DIRECTION('',(0.E+000,0.E+000,1.));
#4108 = DIRECTION('',(1.,0.E+000,0.E+000));
#4109 = PCURVE('',#3829,#4110);
#4110 = DEFINITIONAL_REPRESENTATION('',(#4111),#4115);
#4111 = CIRCLE('',#4112,9.675);
#4112 = AXIS2_PLACEMENT_2D('',#4113,#4114);
#4113 = CARTESIAN_POINT('',(0.E+000,0.E+000));
#4114 = DIRECTION('',(1.,0.E+000));
#4115 = ( GEOMETRIC_REPRESENTATION_CONTEXT(2) 
PARAMETRIC_REPRESENTATION_CONTEXT() REPRESENTATION_CONTEXT('2D SPACE',''
  ) );
#4116 = PCURVE('',#3866,#4117);
#4117 = DEFINITIONAL_REPRESENTATION('',(#4118),#4122);
#4118 = LINE('',#4119,#4120);
#4119 = CARTESIAN_POINT('',(0.E+000,14.5));
#4120 = VECTOR('',#4121,1.);
#4121 = DIRECTION('',(1.,0.E+000));
#4122 = ( GEOMETRIC_REPRESENTATION_CONTEXT(2) 
PARAMETRIC_REPRESENTATION_CONTEXT() REPRESENTATION_CONTEXT('2D SPACE',''
  ) );
#4123 = ADVANCED_FACE('',(#4124),#3866,.F.);
#4124 = FACE_BOUND('',#4125,.F.);
#4125 = EDGE_LOOP('',(#4126,#4127,#4148,#4149,#4150,#4151,#4172,#4201,
    #4220,#4221,#4242,#4266));
#4126 = ORIENTED_EDGE('',*,*,#3847,.T.);
#4127 = ORIENTED_EDGE('',*,*,#4128,.T.);
#4128 = EDGE_CURVE('',#3850,#4101,#4129,.T.);
#4129 = SEAM_CURVE('',#4130,(#4134,#4141),.PCURVE_S1.);
#4130 = LINE('',#4131,#4132);
#4131 = CARTESIAN_POINT('',(9.675,-2.36969155635E-015,3.));
#4132 = VECTOR('',#4133,1.);
#4133 = DIRECTION('',(0.E+000,0.E+000,1.));
#4134 = PCURVE('',#3866,#4135);
#4135 = DEFINITIONAL_REPRESENTATION('',(#4136),#4140);
#4136 = LINE('',#4137,#4138);
#4137 = CARTESIAN_POINT('',(0.E+000,-0.E+000));
#4138 = VECTOR('',#4139,1.);
#4139 = DIRECTION('',(0.E+000,1.));
#4140 = ( GEOMETRIC_REPRESENTATION_CONTEXT(2) 
PARAMETRIC_REPRESENTATION_CONTEXT() REPRESENTATION_CONTEXT('2D SPACE',''
  ) );
#4141 = PCURVE('',#3866,#4142);
#4142 = DEFINITIONAL_REPRESENTATION('',(#4143),#4147);
#4143 = LINE('',#4144,#4145);
#4144 = CARTESIAN_POINT('',(6.28318530718,-0.E+000));
#4145 = VECTOR('',#4146,1.);
#4146 = DIRECTION('',(0.E+000,1.));
#4147 = ( GEOMETRIC_REPRESENTATION_CONTEXT(2) 
PARAMETRIC_REPRESENTATION_CONTEXT() REPRESENTATION_CONTEXT('2D SPACE',''
  ) );
#4148 = ORIENTED_EDGE('',*,*,#4100,.F.);
#4149 = ORIENTED_EDGE('',*,*,#4128,.F.);
#4150 = ORIENTED_EDGE('',*,*,#4072,.T.);
#4151 = ORIENTED_EDGE('',*,*,#4152,.F.);
#4152 = EDGE_CURVE('',#4153,#4045,#4155,.T.);
#4153 = VERTEX_POINT('',#4154);
#4154 = CARTESIAN_POINT('',(8.809405485048,4.,3.));
#4155 = SURFACE_CURVE('',#4156,(#4160,#4166),.PCURVE_S1.);
#4156 = LINE('',#4157,#4158);
#4157 = CARTESIAN_POINT('',(8.809405485048,4.,3.));
#4158 = VECTOR('',#4159,1.);
#4159 = DIRECTION('',(0.E+000,0.E+000,1.));
#4160 = PCURVE('',#3866,#4161);
#4161 = DEFINITIONAL_REPRESENTATION('',(#4162),#4165);
#4162 = B_SPLINE_CURVE_WITH_KNOTS('',1,(#4163,#4164),.UNSPECIFIED.,.F.,
  .F.,(2,2),(-3.999999997895E-007,13.5),.PIECEWISE_BEZIER_KNOTS.);
#4163 = CARTESIAN_POINT('',(0.426225217415,-3.999999997895E-007));
#4164 = CARTESIAN_POINT('',(0.426225217415,13.5));
#4165 = ( GEOMETRIC_REPRESENTATION_CONTEXT(2) 
PARAMETRIC_REPRESENTATION_CONTEXT() REPRESENTATION_CONTEXT('2D SPACE',''
  ) );
#4166 = PCURVE('',#4060,#4167);
#4167 = DEFINITIONAL_REPRESENTATION('',(#4168),#4171);
#4168 = B_SPLINE_CURVE_WITH_KNOTS('',1,(#4169,#4170),.UNSPECIFIED.,.F.,
  .F.,(2,2),(-3.999999997895E-007,13.5),.PIECEWISE_BEZIER_KNOTS.);
#4169 = CARTESIAN_POINT('',(2.9999996,2.809405485048));
#4170 = CARTESIAN_POINT('',(16.5,2.809405485048));
#4171 = ( GEOMETRIC_REPRESENTATION_CONTEXT(2) 
PARAMETRIC_REPRESENTATION_CONTEXT() REPRESENTATION_CONTEXT('2D SPACE',''
  ) );
#4172 = ORIENTED_EDGE('',*,*,#4173,.T.);
#4173 = EDGE_CURVE('',#4153,#4174,#4176,.T.);
#4174 = VERTEX_POINT('',#4175);
#4175 = CARTESIAN_POINT('',(-8.809405485048,4.,3.));
#4176 = SURFACE_CURVE('',#4177,(#4182,#4189),.PCURVE_S1.);
#4177 = CIRCLE('',#4178,9.675);
#4178 = AXIS2_PLACEMENT_3D('',#4179,#4180,#4181);
#4179 = CARTESIAN_POINT('',(0.E+000,0.E+000,3.));
#4180 = DIRECTION('',(0.E+000,0.E+000,1.));
#4181 = DIRECTION('',(1.,0.E+000,0.E+000));
#4182 = PCURVE('',#3866,#4183);
#4183 = DEFINITIONAL_REPRESENTATION('',(#4184),#4188);
#4184 = LINE('',#4185,#4186);
#4185 = CARTESIAN_POINT('',(0.E+000,0.E+000));
#4186 = VECTOR('',#4187,1.);
#4187 = DIRECTION('',(1.,0.E+000));
#4188 = ( GEOMETRIC_REPRESENTATION_CONTEXT(2) 
PARAMETRIC_REPRESENTATION_CONTEXT() REPRESENTATION_CONTEXT('2D SPACE',''
  ) );
#4189 = PCURVE('',#4190,#4195);
#4190 = PLANE('',#4191);
#4191 = AXIS2_PLACEMENT_3D('',#4192,#4193,#4194);
#4192 = CARTESIAN_POINT('',(0.E+000,0.E+000,3.));
#4193 = DIRECTION('',(0.E+000,0.E+000,1.));
#4194 = DIRECTION('',(1.,0.E+000,0.E+000));
#4195 = DEFINITIONAL_REPRESENTATION('',(#4196),#4200);
#4196 = CIRCLE('',#4197,9.675);
#4197 = AXIS2_PLACEMENT_2D('',#4198,#4199);
#4198 = CARTESIAN_POINT('',(0.E+000,0.E+000));
#4199 = DIRECTION('',(1.,0.E+000));
#4200 = ( GEOMETRIC_REPRESENTATION_CONTEXT(2) 
PARAMETRIC_REPRESENTATION_CONTEXT() REPRESENTATION_CONTEXT('2D SPACE',''
  ) );
#4201 = ORIENTED_EDGE('',*,*,#4202,.T.);
#4202 = EDGE_CURVE('',#4174,#3964,#4203,.T.);
#4203 = SURFACE_CURVE('',#4204,(#4208,#4214),.PCURVE_S1.);
#4204 = LINE('',#4205,#4206);
#4205 = CARTESIAN_POINT('',(-8.809405485048,4.,3.));
#4206 = VECTOR('',#4207,1.);
#4207 = DIRECTION('',(0.E+000,0.E+000,1.));
#4208 = PCURVE('',#3866,#4209);
#4209 = DEFINITIONAL_REPRESENTATION('',(#4210),#4213);
#4210 = B_SPLINE_CURVE_WITH_KNOTS('',1,(#4211,#4212),.UNSPECIFIED.,.F.,
  .F.,(2,2),(-3.999999997895E-007,13.5),.PIECEWISE_BEZIER_KNOTS.);
#4211 = CARTESIAN_POINT('',(2.715367436175,-3.999999997895E-007));
#4212 = CARTESIAN_POINT('',(2.715367436175,13.5));
#4213 = ( GEOMETRIC_REPRESENTATION_CONTEXT(2) 
PARAMETRIC_REPRESENTATION_CONTEXT() REPRESENTATION_CONTEXT('2D SPACE',''
  ) );
#4214 = PCURVE('',#4003,#4215);
#4215 = DEFINITIONAL_REPRESENTATION('',(#4216),#4219);
#4216 = B_SPLINE_CURVE_WITH_KNOTS('',1,(#4217,#4218),.UNSPECIFIED.,.F.,
  .F.,(2,2),(-3.999999997895E-007,13.5),.PIECEWISE_BEZIER_KNOTS.);
#4217 = CARTESIAN_POINT('',(2.9999996,3.190594514952));
#4218 = CARTESIAN_POINT('',(16.5,3.190594514952));
#4219 = ( GEOMETRIC_REPRESENTATION_CONTEXT(2) 
PARAMETRIC_REPRESENTATION_CONTEXT() REPRESENTATION_CONTEXT('2D SPACE',''
  ) );
#4220 = ORIENTED_EDGE('',*,*,#3963,.T.);
#4221 = ORIENTED_EDGE('',*,*,#4222,.F.);
#4222 = EDGE_CURVE('',#4223,#3936,#4225,.T.);
#4223 = VERTEX_POINT('',#4224);
#4224 = CARTESIAN_POINT('',(-8.809405485048,-4.,3.));
#4225 = SURFACE_CURVE('',#4226,(#4230,#4236),.PCURVE_S1.);
#4226 = LINE('',#4227,#4228);
#4227 = CARTESIAN_POINT('',(-8.809405485048,-4.,3.));
#4228 = VECTOR('',#4229,1.);
#4229 = DIRECTION('',(0.E+000,0.E+000,1.));
#4230 = PCURVE('',#3866,#4231);
#4231 = DEFINITIONAL_REPRESENTATION('',(#4232),#4235);
#4232 = B_SPLINE_CURVE_WITH_KNOTS('',1,(#4233,#4234),.UNSPECIFIED.,.F.,
  .F.,(2,2),(-3.999999997895E-007,13.5),.PIECEWISE_BEZIER_KNOTS.);
#4233 = CARTESIAN_POINT('',(3.567817871005,-3.999999997895E-007));
#4234 = CARTESIAN_POINT('',(3.567817871005,13.5));
#4235 = ( GEOMETRIC_REPRESENTATION_CONTEXT(2) 
PARAMETRIC_REPRESENTATION_CONTEXT() REPRESENTATION_CONTEXT('2D SPACE',''
  ) );
#4236 = PCURVE('',#3951,#4237);
#4237 = DEFINITIONAL_REPRESENTATION('',(#4238),#4241);
#4238 = B_SPLINE_CURVE_WITH_KNOTS('',1,(#4239,#4240),.UNSPECIFIED.,.F.,
  .F.,(2,2),(-3.999999997895E-007,13.5),.PIECEWISE_BEZIER_KNOTS.);
#4239 = CARTESIAN_POINT('',(2.9999996,3.190594514952));
#4240 = CARTESIAN_POINT('',(16.5,3.190594514952));
#4241 = ( GEOMETRIC_REPRESENTATION_CONTEXT(2) 
PARAMETRIC_REPRESENTATION_CONTEXT() REPRESENTATION_CONTEXT('2D SPACE',''
  ) );
#4242 = ORIENTED_EDGE('',*,*,#4243,.T.);
#4243 = EDGE_CURVE('',#4223,#4244,#4246,.T.);
#4244 = VERTEX_POINT('',#4245);
#4245 = CARTESIAN_POINT('',(8.809405485048,-4.,3.));
#4246 = SURFACE_CURVE('',#4247,(#4252,#4259),.PCURVE_S1.);
#4247 = CIRCLE('',#4248,9.675);
#4248 = AXIS2_PLACEMENT_3D('',#4249,#4250,#4251);
#4249 = CARTESIAN_POINT('',(0.E+000,0.E+000,3.));
#4250 = DIRECTION('',(0.E+000,0.E+000,1.));
#4251 = DIRECTION('',(1.,0.E+000,0.E+000));
#4252 = PCURVE('',#3866,#4253);
#4253 = DEFINITIONAL_REPRESENTATION('',(#4254),#4258);
#4254 = LINE('',#4255,#4256);
#4255 = CARTESIAN_POINT('',(0.E+000,0.E+000));
#4256 = VECTOR('',#4257,1.);
#4257 = DIRECTION('',(1.,0.E+000));
#4258 = ( GEOMETRIC_REPRESENTATION_CONTEXT(2) 
PARAMETRIC_REPRESENTATION_CONTEXT() REPRESENTATION_CONTEXT('2D SPACE',''
  ) );
#4259 = PCURVE('',#4190,#4260);
#4260 = DEFINITIONAL_REPRESENTATION('',(#4261),#4265);
#4261 = CIRCLE('',#4262,9.675);
#4262 = AXIS2_PLACEMENT_2D('',#4263,#4264);
#4263 = CARTESIAN_POINT('',(0.E+000,0.E+000));
#4264 = DIRECTION('',(1.,0.E+000));
#4265 = ( GEOMETRIC_REPRESENTATION_CONTEXT(2) 
PARAMETRIC_REPRESENTATION_CONTEXT() REPRESENTATION_CONTEXT('2D SPACE',''
  ) );
#4266 = ORIENTED_EDGE('',*,*,#4267,.T.);
#4267 = EDGE_CURVE('',#4244,#3848,#4268,.T.);
#4268 = SURFACE_CURVE('',#4269,(#4273,#4279),.PCURVE_S1.);
#4269 = LINE('',#4270,#4271);
#4270 = CARTESIAN_POINT('',(8.809405485048,-4.,3.));
#4271 = VECTOR('',#4272,1.);
#4272 = DIRECTION('',(0.E+000,0.E+000,1.));
#4273 = PCURVE('',#3866,#4274);
#4274 = DEFINITIONAL_REPRESENTATION('',(#4275),#4278);
#4275 = B_SPLINE_CURVE_WITH_KNOTS('',1,(#4276,#4277),.UNSPECIFIED.,.F.,
  .F.,(2,2),(-3.999999997895E-007,13.5),.PIECEWISE_BEZIER_KNOTS.);
#4276 = CARTESIAN_POINT('',(5.856960089764,-3.999999997895E-007));
#4277 = CARTESIAN_POINT('',(5.856960089764,13.5));
#4278 = ( GEOMETRIC_REPRESENTATION_CONTEXT(2) 
PARAMETRIC_REPRESENTATION_CONTEXT() REPRESENTATION_CONTEXT('2D SPACE',''
  ) );
#4279 = PCURVE('',#3894,#4280);
#4280 = DEFINITIONAL_REPRESENTATION('',(#4281),#4284);
#4281 = B_SPLINE_CURVE_WITH_KNOTS('',1,(#4282,#4283),.UNSPECIFIED.,.F.,
  .F.,(2,2),(-3.999999997895E-007,13.5),.PIECEWISE_BEZIER_KNOTS.);
#4282 = CARTESIAN_POINT('',(2.9999996,2.809405485048));
#4283 = CARTESIAN_POINT('',(16.5,2.809405485048));
#4284 = ( GEOMETRIC_REPRESENTATION_CONTEXT(2) 
PARAMETRIC_REPRESENTATION_CONTEXT() REPRESENTATION_CONTEXT('2D SPACE',''
  ) );
#4285 = ADVANCED_FACE('',(#4286),#4060,.F.);
#4286 = FACE_BOUND('',#4287,.F.);
#4287 = EDGE_LOOP('',(#4288,#4318,#4346,#4365,#4366,#4367,#4388));
#4288 = ORIENTED_EDGE('',*,*,#4289,.F.);
#4289 = EDGE_CURVE('',#4290,#4292,#4294,.T.);
#4290 = VERTEX_POINT('',#4291);
#4291 = CARTESIAN_POINT('',(6.,4.,0.E+000));
#4292 = VERTEX_POINT('',#4293);
#4293 = CARTESIAN_POINT('',(10.514870422407,4.,0.E+000));
#4294 = SURFACE_CURVE('',#4295,(#4299,#4306),.PCURVE_S1.);
#4295 = LINE('',#4296,#4297);
#4296 = CARTESIAN_POINT('',(6.,4.,0.E+000));
#4297 = VECTOR('',#4298,1.);
#4298 = DIRECTION('',(1.,0.E+000,0.E+000));
#4299 = PCURVE('',#4060,#4300);
#4300 = DEFINITIONAL_REPRESENTATION('',(#4301),#4305);
#4301 = LINE('',#4302,#4303);
#4302 = CARTESIAN_POINT('',(0.E+000,0.E+000));
#4303 = VECTOR('',#4304,1.);
#4304 = DIRECTION('',(0.E+000,1.));
#4305 = ( GEOMETRIC_REPRESENTATION_CONTEXT(2) 
PARAMETRIC_REPRESENTATION_CONTEXT() REPRESENTATION_CONTEXT('2D SPACE',''
  ) );
#4306 = PCURVE('',#4307,#4312);
#4307 = PLANE('',#4308);
#4308 = AXIS2_PLACEMENT_3D('',#4309,#4310,#4311);
#4309 = CARTESIAN_POINT('',(10.842624221101,3.,0.E+000));
#4310 = DIRECTION('',(0.E+000,0.E+000,1.));
#4311 = DIRECTION('',(1.,0.E+000,0.E+000));
#4312 = DEFINITIONAL_REPRESENTATION('',(#4313),#4317);
#4313 = LINE('',#4314,#4315);
#4314 = CARTESIAN_POINT('',(-4.842624221101,1.));
#4315 = VECTOR('',#4316,1.);
#4316 = DIRECTION('',(1.,0.E+000));
#4317 = ( GEOMETRIC_REPRESENTATION_CONTEXT(2) 
PARAMETRIC_REPRESENTATION_CONTEXT() REPRESENTATION_CONTEXT('2D SPACE',''
  ) );
#4318 = ORIENTED_EDGE('',*,*,#4319,.T.);
#4319 = EDGE_CURVE('',#4290,#4320,#4322,.T.);
#4320 = VERTEX_POINT('',#4321);
#4321 = CARTESIAN_POINT('',(6.,4.,3.));
#4322 = SURFACE_CURVE('',#4323,(#4327,#4334),.PCURVE_S1.);
#4323 = LINE('',#4324,#4325);
#4324 = CARTESIAN_POINT('',(6.,4.,0.E+000));
#4325 = VECTOR('',#4326,1.);
#4326 = DIRECTION('',(0.E+000,0.E+000,1.));
#4327 = PCURVE('',#4060,#4328);
#4328 = DEFINITIONAL_REPRESENTATION('',(#4329),#4333);
#4329 = LINE('',#4330,#4331);
#4330 = CARTESIAN_POINT('',(0.E+000,0.E+000));
#4331 = VECTOR('',#4332,1.);
#4332 = DIRECTION('',(1.,0.E+000));
#4333 = ( GEOMETRIC_REPRESENTATION_CONTEXT(2) 
PARAMETRIC_REPRESENTATION_CONTEXT() REPRESENTATION_CONTEXT('2D SPACE',''
  ) );
#4334 = PCURVE('',#4335,#4340);
#4335 = PLANE('',#4336);
#4336 = AXIS2_PLACEMENT_3D('',#4337,#4338,#4339);
#4337 = CARTESIAN_POINT('',(6.,-4.,0.E+000));
#4338 = DIRECTION('',(1.,0.E+000,0.E+000));
#4339 = DIRECTION('',(0.E+000,0.E+000,1.));
#4340 = DEFINITIONAL_REPRESENTATION('',(#4341),#4345);
#4341 = LINE('',#4342,#4343);
#4342 = CARTESIAN_POINT('',(0.E+000,-8.));
#4343 = VECTOR('',#4344,1.);
#4344 = DIRECTION('',(1.,0.E+000));
#4345 = ( GEOMETRIC_REPRESENTATION_CONTEXT(2) 
PARAMETRIC_REPRESENTATION_CONTEXT() REPRESENTATION_CONTEXT('2D SPACE',''
  ) );
#4346 = ORIENTED_EDGE('',*,*,#4347,.T.);
#4347 = EDGE_CURVE('',#4320,#4153,#4348,.T.);
#4348 = SURFACE_CURVE('',#4349,(#4353,#4359),.PCURVE_S1.);
#4349 = LINE('',#4350,#4351);
#4350 = CARTESIAN_POINT('',(3.,4.,3.));
#4351 = VECTOR('',#4352,1.);
#4352 = DIRECTION('',(1.,0.E+000,0.E+000));
#4353 = PCURVE('',#4060,#4354);
#4354 = DEFINITIONAL_REPRESENTATION('',(#4355),#4358);
#4355 = B_SPLINE_CURVE_WITH_KNOTS('',1,(#4356,#4357),.UNSPECIFIED.,.F.,
  .F.,(2,2),(2.495181010301,8.553008886692),.PIECEWISE_BEZIER_KNOTS.);
#4356 = CARTESIAN_POINT('',(3.,-0.504818989699));
#4357 = CARTESIAN_POINT('',(3.,5.553008886692));
#4358 = ( GEOMETRIC_REPRESENTATION_CONTEXT(2) 
PARAMETRIC_REPRESENTATION_CONTEXT() REPRESENTATION_CONTEXT('2D SPACE',''
  ) );
#4359 = PCURVE('',#4190,#4360);
#4360 = DEFINITIONAL_REPRESENTATION('',(#4361),#4364);
#4361 = B_SPLINE_CURVE_WITH_KNOTS('',1,(#4362,#4363),.UNSPECIFIED.,.F.,
  .F.,(2,2),(2.495181010301,8.553008886692),.PIECEWISE_BEZIER_KNOTS.);
#4362 = CARTESIAN_POINT('',(5.495181010301,4.));
#4363 = CARTESIAN_POINT('',(11.553008886692,4.));
#4364 = ( GEOMETRIC_REPRESENTATION_CONTEXT(2) 
PARAMETRIC_REPRESENTATION_CONTEXT() REPRESENTATION_CONTEXT('2D SPACE',''
  ) );
#4365 = ORIENTED_EDGE('',*,*,#4152,.T.);
#4366 = ORIENTED_EDGE('',*,*,#4044,.T.);
#4367 = ORIENTED_EDGE('',*,*,#4368,.F.);
#4368 = EDGE_CURVE('',#4369,#4016,#4371,.T.);
#4369 = VERTEX_POINT('',#4370);
#4370 = CARTESIAN_POINT('',(11.048189896992,4.,0.5));
#4371 = SURFACE_CURVE('',#4372,(#4376,#4382),.PCURVE_S1.);
#4372 = LINE('',#4373,#4374);
#4373 = CARTESIAN_POINT('',(11.048189896992,4.,0.E+000));
#4374 = VECTOR('',#4375,1.);
#4375 = DIRECTION('',(0.E+000,0.E+000,1.));
#4376 = PCURVE('',#4060,#4377);
#4377 = DEFINITIONAL_REPRESENTATION('',(#4378),#4381);
#4378 = B_SPLINE_CURVE_WITH_KNOTS('',1,(#4379,#4380),.UNSPECIFIED.,.F.,
  .F.,(2,2),(0.4999996,15.0000004),.PIECEWISE_BEZIER_KNOTS.);
#4379 = CARTESIAN_POINT('',(0.4999996,5.048189896992));
#4380 = CARTESIAN_POINT('',(15.0000004,5.048189896992));
#4381 = ( GEOMETRIC_REPRESENTATION_CONTEXT(2) 
PARAMETRIC_REPRESENTATION_CONTEXT() REPRESENTATION_CONTEXT('2D SPACE',''
  ) );
#4382 = PCURVE('',#4032,#4383);
#4383 = DEFINITIONAL_REPRESENTATION('',(#4384),#4387);
#4384 = B_SPLINE_CURVE_WITH_KNOTS('',1,(#4385,#4386),.UNSPECIFIED.,.F.,
  .F.,(2,2),(0.4999996,15.0000004),.PIECEWISE_BEZIER_KNOTS.);
#4385 = CARTESIAN_POINT('',(0.347369423295,0.4999996));
#4386 = CARTESIAN_POINT('',(0.347369423295,15.0000004));
#4387 = ( GEOMETRIC_REPRESENTATION_CONTEXT(2) 
PARAMETRIC_REPRESENTATION_CONTEXT() REPRESENTATION_CONTEXT('2D SPACE',''
  ) );
#4388 = ORIENTED_EDGE('',*,*,#4389,.F.);
#4389 = EDGE_CURVE('',#4292,#4369,#4390,.T.);
#4390 = SURFACE_CURVE('',#4391,(#4396,#4403),.PCURVE_S1.);
#4391 = HYPERBOLA('',#4392,4.,4.);
#4392 = AXIS2_PLACEMENT_3D('',#4393,#4394,#4395);
#4393 = CARTESIAN_POINT('',(0.E+000,4.,-11.25));
#4394 = DIRECTION('',(0.E+000,1.,0.E+000));
#4395 = DIRECTION('',(0.E+000,0.E+000,1.));
#4396 = PCURVE('',#4060,#4397);
#4397 = DEFINITIONAL_REPRESENTATION('',(#4398),#4402);
#4398 = ( BOUNDED_CURVE() B_SPLINE_CURVE(2,(#4399,#4400,#4401),
.UNSPECIFIED.,.F.,.F.) B_SPLINE_CURVE_WITH_KNOTS((3,3),(1.694002860382,
1.740386781206),.PIECEWISE_BEZIER_KNOTS.) CURVE() 
GEOMETRIC_REPRESENTATION_ITEM() RATIONAL_B_SPLINE_CURVE((1.,
1.000268945568,1.)) REPRESENTATION_ITEM('') );
#4399 = CARTESIAN_POINT('',(0.E+000,4.514870422407));
#4400 = CARTESIAN_POINT('',(0.243816746479,4.775733208889));
#4401 = CARTESIAN_POINT('',(0.5,5.048189896992));
#4402 = ( GEOMETRIC_REPRESENTATION_CONTEXT(2) 
PARAMETRIC_REPRESENTATION_CONTEXT() REPRESENTATION_CONTEXT('2D SPACE',''
  ) );
#4403 = PCURVE('',#4404,#4409);
#4404 = CONICAL_SURFACE('',#4405,11.75,0.785398163397);
#4405 = AXIS2_PLACEMENT_3D('',#4406,#4407,#4408);
#4406 = CARTESIAN_POINT('',(0.E+000,0.E+000,0.5));
#4407 = DIRECTION('',(0.E+000,0.E+000,1.));
#4408 = DIRECTION('',(1.,0.E+000,0.E+000));
#4409 = DEFINITIONAL_REPRESENTATION('',(#4410),#4420);
#4410 = B_SPLINE_CURVE_WITH_KNOTS('',8,(#4411,#4412,#4413,#4414,#4415,
    #4416,#4417,#4418,#4419),.UNSPECIFIED.,.F.,.F.,(9,9),(1.694002860382
    ,1.740386781206),.PIECEWISE_BEZIER_KNOTS.);
#4411 = CARTESIAN_POINT('',(0.363508396413,-0.5));
#4412 = CARTESIAN_POINT('',(0.361446888556,-0.439034877405));
#4413 = CARTESIAN_POINT('',(0.35939814855,-0.377637550786));
#4414 = CARTESIAN_POINT('',(0.357362097137,-0.315804886664));
#4415 = CARTESIAN_POINT('',(0.355338655642,-0.253533731078));
#4416 = CARTESIAN_POINT('',(0.353327745612,-0.190820898737));
#4417 = CARTESIAN_POINT('',(0.351329288851,-0.127663172672));
#4418 = CARTESIAN_POINT('',(0.349343207417,-6.405730389701E-002));
#4419 = CARTESIAN_POINT('',(0.347369423295,-3.142328748097E-015));
#4420 = ( GEOMETRIC_REPRESENTATION_CONTEXT(2) 
PARAMETRIC_REPRESENTATION_CONTEXT() REPRESENTATION_CONTEXT('2D SPACE',''
  ) );
#4421 = ADVANCED_FACE('',(#4422),#4032,.T.);
#4422 = FACE_BOUND('',#4423,.T.);
#4423 = EDGE_LOOP('',(#4424,#4425,#4449,#4468));
#4424 = ORIENTED_EDGE('',*,*,#4368,.F.);
#4425 = ORIENTED_EDGE('',*,*,#4426,.T.);
#4426 = EDGE_CURVE('',#4369,#4427,#4429,.T.);
#4427 = VERTEX_POINT('',#4428);
#4428 = CARTESIAN_POINT('',(-11.04818989699,4.,0.5));
#4429 = SURFACE_CURVE('',#4430,(#4435,#4442),.PCURVE_S1.);
#4430 = CIRCLE('',#4431,11.75);
#4431 = AXIS2_PLACEMENT_3D('',#4432,#4433,#4434);
#4432 = CARTESIAN_POINT('',(0.E+000,0.E+000,0.5));
#4433 = DIRECTION('',(0.E+000,0.E+000,1.));
#4434 = DIRECTION('',(1.,0.E+000,0.E+000));
#4435 = PCURVE('',#4032,#4436);
#4436 = DEFINITIONAL_REPRESENTATION('',(#4437),#4441);
#4437 = LINE('',#4438,#4439);
#4438 = CARTESIAN_POINT('',(0.E+000,0.5));
#4439 = VECTOR('',#4440,1.);
#4440 = DIRECTION('',(1.,0.E+000));
#4441 = ( GEOMETRIC_REPRESENTATION_CONTEXT(2) 
PARAMETRIC_REPRESENTATION_CONTEXT() REPRESENTATION_CONTEXT('2D SPACE',''
  ) );
#4442 = PCURVE('',#4404,#4443);
#4443 = DEFINITIONAL_REPRESENTATION('',(#4444),#4448);
#4444 = LINE('',#4445,#4446);
#4445 = CARTESIAN_POINT('',(0.E+000,-0.E+000));
#4446 = VECTOR('',#4447,1.);
#4447 = DIRECTION('',(1.,-0.E+000));
#4448 = ( GEOMETRIC_REPRESENTATION_CONTEXT(2) 
PARAMETRIC_REPRESENTATION_CONTEXT() REPRESENTATION_CONTEXT('2D SPACE',''
  ) );
#4449 = ORIENTED_EDGE('',*,*,#4450,.T.);
#4450 = EDGE_CURVE('',#4427,#3988,#4451,.T.);
#4451 = SURFACE_CURVE('',#4452,(#4456,#4462),.PCURVE_S1.);
#4452 = LINE('',#4453,#4454);
#4453 = CARTESIAN_POINT('',(-11.04818989699,4.,0.E+000));
#4454 = VECTOR('',#4455,1.);
#4455 = DIRECTION('',(0.E+000,0.E+000,1.));
#4456 = PCURVE('',#4032,#4457);
#4457 = DEFINITIONAL_REPRESENTATION('',(#4458),#4461);
#4458 = B_SPLINE_CURVE_WITH_KNOTS('',1,(#4459,#4460),.UNSPECIFIED.,.F.,
  .F.,(2,2),(0.4999996,15.0000004),.PIECEWISE_BEZIER_KNOTS.);
#4459 = CARTESIAN_POINT('',(2.794223230295,0.4999996));
#4460 = CARTESIAN_POINT('',(2.794223230295,15.0000004));
#4461 = ( GEOMETRIC_REPRESENTATION_CONTEXT(2) 
PARAMETRIC_REPRESENTATION_CONTEXT() REPRESENTATION_CONTEXT('2D SPACE',''
  ) );
#4462 = PCURVE('',#4003,#4463);
#4463 = DEFINITIONAL_REPRESENTATION('',(#4464),#4467);
#4464 = B_SPLINE_CURVE_WITH_KNOTS('',1,(#4465,#4466),.UNSPECIFIED.,.F.,
  .F.,(2,2),(0.4999996,15.0000004),.PIECEWISE_BEZIER_KNOTS.);
#4465 = CARTESIAN_POINT('',(0.4999996,0.951810103008));
#4466 = CARTESIAN_POINT('',(15.0000004,0.951810103008));
#4467 = ( GEOMETRIC_REPRESENTATION_CONTEXT(2) 
PARAMETRIC_REPRESENTATION_CONTEXT() REPRESENTATION_CONTEXT('2D SPACE',''
  ) );
#4468 = ORIENTED_EDGE('',*,*,#4015,.F.);
#4469 = ADVANCED_FACE('',(#4470),#4003,.F.);
#4470 = FACE_BOUND('',#4471,.F.);
#4471 = EDGE_LOOP('',(#4472,#4497,#4525,#4526,#4527,#4528,#4549));
#4472 = ORIENTED_EDGE('',*,*,#4473,.F.);
#4473 = EDGE_CURVE('',#4474,#4476,#4478,.T.);
#4474 = VERTEX_POINT('',#4475);
#4475 = CARTESIAN_POINT('',(-10.5148704224,4.,0.E+000));
#4476 = VERTEX_POINT('',#4477);
#4477 = CARTESIAN_POINT('',(-6.,4.,0.E+000));
#4478 = SURFACE_CURVE('',#4479,(#4483,#4490),.PCURVE_S1.);
#4479 = LINE('',#4480,#4481);
#4480 = CARTESIAN_POINT('',(-12.,4.,0.E+000));
#4481 = VECTOR('',#4482,1.);
#4482 = DIRECTION('',(1.,0.E+000,0.E+000));
#4483 = PCURVE('',#4003,#4484);
#4484 = DEFINITIONAL_REPRESENTATION('',(#4485),#4489);
#4485 = LINE('',#4486,#4487);
#4486 = CARTESIAN_POINT('',(0.E+000,0.E+000));
#4487 = VECTOR('',#4488,1.);
#4488 = DIRECTION('',(0.E+000,1.));
#4489 = ( GEOMETRIC_REPRESENTATION_CONTEXT(2) 
PARAMETRIC_REPRESENTATION_CONTEXT() REPRESENTATION_CONTEXT('2D SPACE',''
  ) );
#4490 = PCURVE('',#4307,#4491);
#4491 = DEFINITIONAL_REPRESENTATION('',(#4492),#4496);
#4492 = LINE('',#4493,#4494);
#4493 = CARTESIAN_POINT('',(-22.8426242211,1.));
#4494 = VECTOR('',#4495,1.);
#4495 = DIRECTION('',(1.,0.E+000));
#4496 = ( GEOMETRIC_REPRESENTATION_CONTEXT(2) 
PARAMETRIC_REPRESENTATION_CONTEXT() REPRESENTATION_CONTEXT('2D SPACE',''
  ) );
#4497 = ORIENTED_EDGE('',*,*,#4498,.F.);
#4498 = EDGE_CURVE('',#4427,#4474,#4499,.T.);
#4499 = SURFACE_CURVE('',#4500,(#4505,#4512),.PCURVE_S1.);
#4500 = HYPERBOLA('',#4501,4.,4.);
#4501 = AXIS2_PLACEMENT_3D('',#4502,#4503,#4504);
#4502 = CARTESIAN_POINT('',(0.E+000,4.,-11.25));
#4503 = DIRECTION('',(0.E+000,1.,0.E+000));
#4504 = DIRECTION('',(0.E+000,0.E+000,1.));
#4505 = PCURVE('',#4003,#4506);
#4506 = DEFINITIONAL_REPRESENTATION('',(#4507),#4511);
#4507 = ( BOUNDED_CURVE() B_SPLINE_CURVE(2,(#4508,#4509,#4510),
.UNSPECIFIED.,.F.,.F.) B_SPLINE_CURVE_WITH_KNOTS((3,3),(-1.740386781206,
-1.694002860382),.PIECEWISE_BEZIER_KNOTS.) CURVE() 
GEOMETRIC_REPRESENTATION_ITEM() RATIONAL_B_SPLINE_CURVE((1.,
1.000268945568,1.)) REPRESENTATION_ITEM('') );
#4508 = CARTESIAN_POINT('',(0.5,0.951810103008));
#4509 = CARTESIAN_POINT('',(0.243816746479,1.224266791111));
#4510 = CARTESIAN_POINT('',(0.E+000,1.485129577593));
#4511 = ( GEOMETRIC_REPRESENTATION_CONTEXT(2) 
PARAMETRIC_REPRESENTATION_CONTEXT() REPRESENTATION_CONTEXT('2D SPACE',''
  ) );
#4512 = PCURVE('',#4404,#4513);
#4513 = DEFINITIONAL_REPRESENTATION('',(#4514),#4524);
#4514 = B_SPLINE_CURVE_WITH_KNOTS('',8,(#4515,#4516,#4517,#4518,#4519,
    #4520,#4521,#4522,#4523),.UNSPECIFIED.,.F.,.F.,(9,9),(
    -1.740386781206,-1.694002860382),.PIECEWISE_BEZIER_KNOTS.);
#4515 = CARTESIAN_POINT('',(2.794223230295,-3.164305423618E-015));
#4516 = CARTESIAN_POINT('',(2.792249446173,-6.405730389701E-002));
#4517 = CARTESIAN_POINT('',(2.790263364737,-0.127663172672));
#4518 = CARTESIAN_POINT('',(2.788264907967,-0.190820898738));
#4519 = CARTESIAN_POINT('',(2.786253997951,-0.253533731077));
#4520 = CARTESIAN_POINT('',(2.784230556437,-0.315804886665));
#4521 = CARTESIAN_POINT('',(2.78219450504,-0.377637550786));
#4522 = CARTESIAN_POINT('',(2.780145765034,-0.439034877405));
#4523 = CARTESIAN_POINT('',(2.778084257177,-0.5));
#4524 = ( GEOMETRIC_REPRESENTATION_CONTEXT(2) 
PARAMETRIC_REPRESENTATION_CONTEXT() REPRESENTATION_CONTEXT('2D SPACE',''
  ) );
#4525 = ORIENTED_EDGE('',*,*,#4450,.T.);
#4526 = ORIENTED_EDGE('',*,*,#3987,.T.);
#4527 = ORIENTED_EDGE('',*,*,#4202,.F.);
#4528 = ORIENTED_EDGE('',*,*,#4529,.T.);
#4529 = EDGE_CURVE('',#4174,#4530,#4532,.T.);
#4530 = VERTEX_POINT('',#4531);
#4531 = CARTESIAN_POINT('',(-6.,4.,3.));
#4532 = SURFACE_CURVE('',#4533,(#4537,#4543),.PCURVE_S1.);
#4533 = LINE('',#4534,#4535);
#4534 = CARTESIAN_POINT('',(-6.,4.,3.));
#4535 = VECTOR('',#4536,1.);
#4536 = DIRECTION('',(1.,0.E+000,0.E+000));
#4537 = PCURVE('',#4003,#4538);
#4538 = DEFINITIONAL_REPRESENTATION('',(#4539),#4542);
#4539 = B_SPLINE_CURVE_WITH_KNOTS('',1,(#4540,#4541),.UNSPECIFIED.,.F.,
  .F.,(2,2),(-5.553008886691,0.504818989699),.PIECEWISE_BEZIER_KNOTS.);
#4540 = CARTESIAN_POINT('',(3.,0.446991113309));
#4541 = CARTESIAN_POINT('',(3.,6.504818989699));
#4542 = ( GEOMETRIC_REPRESENTATION_CONTEXT(2) 
PARAMETRIC_REPRESENTATION_CONTEXT() REPRESENTATION_CONTEXT('2D SPACE',''
  ) );
#4543 = PCURVE('',#4190,#4544);
#4544 = DEFINITIONAL_REPRESENTATION('',(#4545),#4548);
#4545 = B_SPLINE_CURVE_WITH_KNOTS('',1,(#4546,#4547),.UNSPECIFIED.,.F.,
  .F.,(2,2),(-5.553008886691,0.504818989699),.PIECEWISE_BEZIER_KNOTS.);
#4546 = CARTESIAN_POINT('',(-11.55300888669,4.));
#4547 = CARTESIAN_POINT('',(-5.495181010301,4.));
#4548 = ( GEOMETRIC_REPRESENTATION_CONTEXT(2) 
PARAMETRIC_REPRESENTATION_CONTEXT() REPRESENTATION_CONTEXT('2D SPACE',''
  ) );
#4549 = ORIENTED_EDGE('',*,*,#4550,.F.);
#4550 = EDGE_CURVE('',#4476,#4530,#4551,.T.);
#4551 = SURFACE_CURVE('',#4552,(#4556,#4563),.PCURVE_S1.);
#4552 = LINE('',#4553,#4554);
#4553 = CARTESIAN_POINT('',(-6.,4.,0.E+000));
#4554 = VECTOR('',#4555,1.);
#4555 = DIRECTION('',(0.E+000,0.E+000,1.));
#4556 = PCURVE('',#4003,#4557);
#4557 = DEFINITIONAL_REPRESENTATION('',(#4558),#4562);
#4558 = LINE('',#4559,#4560);
#4559 = CARTESIAN_POINT('',(0.E+000,6.));
#4560 = VECTOR('',#4561,1.);
#4561 = DIRECTION('',(1.,0.E+000));
#4562 = ( GEOMETRIC_REPRESENTATION_CONTEXT(2) 
PARAMETRIC_REPRESENTATION_CONTEXT() REPRESENTATION_CONTEXT('2D SPACE',''
  ) );
#4563 = PCURVE('',#4564,#4569);
#4564 = PLANE('',#4565);
#4565 = AXIS2_PLACEMENT_3D('',#4566,#4567,#4568);
#4566 = CARTESIAN_POINT('',(-6.,-4.,0.E+000));
#4567 = DIRECTION('',(1.,0.E+000,0.E+000));
#4568 = DIRECTION('',(0.E+000,0.E+000,1.));
#4569 = DEFINITIONAL_REPRESENTATION('',(#4570),#4574);
#4570 = LINE('',#4571,#4572);
#4571 = CARTESIAN_POINT('',(0.E+000,-8.));
#4572 = VECTOR('',#4573,1.);
#4573 = DIRECTION('',(1.,0.E+000));
#4574 = ( GEOMETRIC_REPRESENTATION_CONTEXT(2) 
PARAMETRIC_REPRESENTATION_CONTEXT() REPRESENTATION_CONTEXT('2D SPACE',''
  ) );
#4575 = ADVANCED_FACE('',(#4576),#3951,.T.);
#4576 = FACE_BOUND('',#4577,.T.);
#4577 = EDGE_LOOP('',(#4578,#4603,#4638,#4657,#4658,#4659,#4680));
#4578 = ORIENTED_EDGE('',*,*,#4579,.F.);
#4579 = EDGE_CURVE('',#4580,#4582,#4584,.T.);
#4580 = VERTEX_POINT('',#4581);
#4581 = CARTESIAN_POINT('',(-10.5148704224,-4.,0.E+000));
#4582 = VERTEX_POINT('',#4583);
#4583 = CARTESIAN_POINT('',(-6.,-4.,0.E+000));
#4584 = SURFACE_CURVE('',#4585,(#4589,#4596),.PCURVE_S1.);
#4585 = LINE('',#4586,#4587);
#4586 = CARTESIAN_POINT('',(-12.,-4.,0.E+000));
#4587 = VECTOR('',#4588,1.);
#4588 = DIRECTION('',(1.,0.E+000,0.E+000));
#4589 = PCURVE('',#3951,#4590);
#4590 = DEFINITIONAL_REPRESENTATION('',(#4591),#4595);
#4591 = LINE('',#4592,#4593);
#4592 = CARTESIAN_POINT('',(0.E+000,0.E+000));
#4593 = VECTOR('',#4594,1.);
#4594 = DIRECTION('',(0.E+000,1.));
#4595 = ( GEOMETRIC_REPRESENTATION_CONTEXT(2) 
PARAMETRIC_REPRESENTATION_CONTEXT() REPRESENTATION_CONTEXT('2D SPACE',''
  ) );
#4596 = PCURVE('',#4307,#4597);
#4597 = DEFINITIONAL_REPRESENTATION('',(#4598),#4602);
#4598 = LINE('',#4599,#4600);
#4599 = CARTESIAN_POINT('',(-22.8426242211,-7.));
#4600 = VECTOR('',#4601,1.);
#4601 = DIRECTION('',(1.,0.E+000));
#4602 = ( GEOMETRIC_REPRESENTATION_CONTEXT(2) 
PARAMETRIC_REPRESENTATION_CONTEXT() REPRESENTATION_CONTEXT('2D SPACE',''
  ) );
#4603 = ORIENTED_EDGE('',*,*,#4604,.F.);
#4604 = EDGE_CURVE('',#4605,#4580,#4607,.T.);
#4605 = VERTEX_POINT('',#4606);
#4606 = CARTESIAN_POINT('',(-11.04818989699,-4.,0.5));
#4607 = SURFACE_CURVE('',#4608,(#4613,#4620),.PCURVE_S1.);
#4608 = HYPERBOLA('',#4609,4.,4.);
#4609 = AXIS2_PLACEMENT_3D('',#4610,#4611,#4612);
#4610 = CARTESIAN_POINT('',(0.E+000,-4.,-11.25));
#4611 = DIRECTION('',(0.E+000,1.,0.E+000));
#4612 = DIRECTION('',(0.E+000,0.E+000,1.));
#4613 = PCURVE('',#3951,#4614);
#4614 = DEFINITIONAL_REPRESENTATION('',(#4615),#4619);
#4615 = ( BOUNDED_CURVE() B_SPLINE_CURVE(2,(#4616,#4617,#4618),
.UNSPECIFIED.,.F.,.F.) B_SPLINE_CURVE_WITH_KNOTS((3,3),(-1.740386781206,
-1.694002860382),.PIECEWISE_BEZIER_KNOTS.) CURVE() 
GEOMETRIC_REPRESENTATION_ITEM() RATIONAL_B_SPLINE_CURVE((1.,
1.000268945568,1.)) REPRESENTATION_ITEM('') );
#4616 = CARTESIAN_POINT('',(0.5,0.951810103008));
#4617 = CARTESIAN_POINT('',(0.243816746479,1.224266791111));
#4618 = CARTESIAN_POINT('',(0.E+000,1.485129577593));
#4619 = ( GEOMETRIC_REPRESENTATION_CONTEXT(2) 
PARAMETRIC_REPRESENTATION_CONTEXT() REPRESENTATION_CONTEXT('2D SPACE',''
  ) );
#4620 = PCURVE('',#4621,#4626);
#4621 = CONICAL_SURFACE('',#4622,11.75,0.785398163397);
#4622 = AXIS2_PLACEMENT_3D('',#4623,#4624,#4625);
#4623 = CARTESIAN_POINT('',(0.E+000,0.E+000,0.5));
#4624 = DIRECTION('',(0.E+000,0.E+000,1.));
#4625 = DIRECTION('',(1.,0.E+000,0.E+000));
#4626 = DEFINITIONAL_REPRESENTATION('',(#4627),#4637);
#4627 = B_SPLINE_CURVE_WITH_KNOTS('',8,(#4628,#4629,#4630,#4631,#4632,
    #4633,#4634,#4635,#4636),.UNSPECIFIED.,.F.,.F.,(9,9),(
    -1.740386781206,-1.694002860382),.PIECEWISE_BEZIER_KNOTS.);
#4628 = CARTESIAN_POINT('',(3.488962076884,3.884083098996E-016));
#4629 = CARTESIAN_POINT('',(3.490935861006,-6.4057303897E-002));
#4630 = CARTESIAN_POINT('',(3.49292194244,-0.127663172672));
#4631 = CARTESIAN_POINT('',(3.4949203992,-0.190820898738));
#4632 = CARTESIAN_POINT('',(3.496931309233,-0.253533731077));
#4633 = CARTESIAN_POINT('',(3.498954750728,-0.315804886664));
#4634 = CARTESIAN_POINT('',(3.500990802138,-0.377637550786));
#4635 = CARTESIAN_POINT('',(3.503039542145,-0.439034877405));
#4636 = CARTESIAN_POINT('',(3.505101050002,-0.5));
#4637 = ( GEOMETRIC_REPRESENTATION_CONTEXT(2) 
PARAMETRIC_REPRESENTATION_CONTEXT() REPRESENTATION_CONTEXT('2D SPACE',''
  ) );
#4638 = ORIENTED_EDGE('',*,*,#4639,.T.);
#4639 = EDGE_CURVE('',#4605,#3907,#4640,.T.);
#4640 = SURFACE_CURVE('',#4641,(#4645,#4651),.PCURVE_S1.);
#4641 = LINE('',#4642,#4643);
#4642 = CARTESIAN_POINT('',(-11.04818989699,-4.,0.E+000));
#4643 = VECTOR('',#4644,1.);
#4644 = DIRECTION('',(0.E+000,0.E+000,1.));
#4645 = PCURVE('',#3951,#4646);
#4646 = DEFINITIONAL_REPRESENTATION('',(#4647),#4650);
#4647 = B_SPLINE_CURVE_WITH_KNOTS('',1,(#4648,#4649),.UNSPECIFIED.,.F.,
  .F.,(2,2),(0.4999996,15.0000004),.PIECEWISE_BEZIER_KNOTS.);
#4648 = CARTESIAN_POINT('',(0.4999996,0.951810103008));
#4649 = CARTESIAN_POINT('',(15.0000004,0.951810103008));
#4650 = ( GEOMETRIC_REPRESENTATION_CONTEXT(2) 
PARAMETRIC_REPRESENTATION_CONTEXT() REPRESENTATION_CONTEXT('2D SPACE',''
  ) );
#4651 = PCURVE('',#3923,#4652);
#4652 = DEFINITIONAL_REPRESENTATION('',(#4653),#4656);
#4653 = B_SPLINE_CURVE_WITH_KNOTS('',1,(#4654,#4655),.UNSPECIFIED.,.F.,
  .F.,(2,2),(0.4999996,15.0000004),.PIECEWISE_BEZIER_KNOTS.);
#4654 = CARTESIAN_POINT('',(3.488962076884,0.4999996));
#4655 = CARTESIAN_POINT('',(3.488962076884,15.0000004));
#4656 = ( GEOMETRIC_REPRESENTATION_CONTEXT(2) 
PARAMETRIC_REPRESENTATION_CONTEXT() REPRESENTATION_CONTEXT('2D SPACE',''
  ) );
#4657 = ORIENTED_EDGE('',*,*,#3935,.T.);
#4658 = ORIENTED_EDGE('',*,*,#4222,.F.);
#4659 = ORIENTED_EDGE('',*,*,#4660,.T.);
#4660 = EDGE_CURVE('',#4223,#4661,#4663,.T.);
#4661 = VERTEX_POINT('',#4662);
#4662 = CARTESIAN_POINT('',(-6.,-4.,3.));
#4663 = SURFACE_CURVE('',#4664,(#4668,#4674),.PCURVE_S1.);
#4664 = LINE('',#4665,#4666);
#4665 = CARTESIAN_POINT('',(-6.,-4.,3.));
#4666 = VECTOR('',#4667,1.);
#4667 = DIRECTION('',(1.,0.E+000,0.E+000));
#4668 = PCURVE('',#3951,#4669);
#4669 = DEFINITIONAL_REPRESENTATION('',(#4670),#4673);
#4670 = B_SPLINE_CURVE_WITH_KNOTS('',1,(#4671,#4672),.UNSPECIFIED.,.F.,
  .F.,(2,2),(-5.553008886691,0.504818989699),.PIECEWISE_BEZIER_KNOTS.);
#4671 = CARTESIAN_POINT('',(3.,0.446991113309));
#4672 = CARTESIAN_POINT('',(3.,6.504818989699));
#4673 = ( GEOMETRIC_REPRESENTATION_CONTEXT(2) 
PARAMETRIC_REPRESENTATION_CONTEXT() REPRESENTATION_CONTEXT('2D SPACE',''
  ) );
#4674 = PCURVE('',#4190,#4675);
#4675 = DEFINITIONAL_REPRESENTATION('',(#4676),#4679);
#4676 = B_SPLINE_CURVE_WITH_KNOTS('',1,(#4677,#4678),.UNSPECIFIED.,.F.,
  .F.,(2,2),(-5.553008886691,0.504818989699),.PIECEWISE_BEZIER_KNOTS.);
#4677 = CARTESIAN_POINT('',(-11.55300888669,-4.));
#4678 = CARTESIAN_POINT('',(-5.495181010301,-4.));
#4679 = ( GEOMETRIC_REPRESENTATION_CONTEXT(2) 
PARAMETRIC_REPRESENTATION_CONTEXT() REPRESENTATION_CONTEXT('2D SPACE',''
  ) );
#4680 = ORIENTED_EDGE('',*,*,#4681,.F.);
#4681 = EDGE_CURVE('',#4582,#4661,#4682,.T.);
#4682 = SURFACE_CURVE('',#4683,(#4687,#4694),.PCURVE_S1.);
#4683 = LINE('',#4684,#4685);
#4684 = CARTESIAN_POINT('',(-6.,-4.,0.E+000));
#4685 = VECTOR('',#4686,1.);
#4686 = DIRECTION('',(0.E+000,0.E+000,1.));
#4687 = PCURVE('',#3951,#4688);
#4688 = DEFINITIONAL_REPRESENTATION('',(#4689),#4693);
#4689 = LINE('',#4690,#4691);
#4690 = CARTESIAN_POINT('',(0.E+000,6.));
#4691 = VECTOR('',#4692,1.);
#4692 = DIRECTION('',(1.,0.E+000));
#4693 = ( GEOMETRIC_REPRESENTATION_CONTEXT(2) 
PARAMETRIC_REPRESENTATION_CONTEXT() REPRESENTATION_CONTEXT('2D SPACE',''
  ) );
#4694 = PCURVE('',#4695,#4700);
#4695 = PLANE('',#4696);
#4696 = AXIS2_PLACEMENT_3D('',#4697,#4698,#4699);
#4697 = CARTESIAN_POINT('',(-6.,-4.,0.E+000));
#4698 = DIRECTION('',(1.,0.E+000,0.E+000));
#4699 = DIRECTION('',(0.E+000,0.E+000,1.));
#4700 = DEFINITIONAL_REPRESENTATION('',(#4701),#4705);
#4701 = LINE('',#4702,#4703);
#4702 = CARTESIAN_POINT('',(0.E+000,0.E+000));
#4703 = VECTOR('',#4704,1.);
#4704 = DIRECTION('',(1.,0.E+000));
#4705 = ( GEOMETRIC_REPRESENTATION_CONTEXT(2) 
PARAMETRIC_REPRESENTATION_CONTEXT() REPRESENTATION_CONTEXT('2D SPACE',''
  ) );
#4706 = ADVANCED_FACE('',(#4707),#3923,.T.);
#4707 = FACE_BOUND('',#4708,.T.);
#4708 = EDGE_LOOP('',(#4709,#4733,#4752,#4753));
#4709 = ORIENTED_EDGE('',*,*,#4710,.T.);
#4710 = EDGE_CURVE('',#4605,#4711,#4713,.T.);
#4711 = VERTEX_POINT('',#4712);
#4712 = CARTESIAN_POINT('',(11.048189896992,-4.,0.5));
#4713 = SURFACE_CURVE('',#4714,(#4719,#4726),.PCURVE_S1.);
#4714 = CIRCLE('',#4715,11.75);
#4715 = AXIS2_PLACEMENT_3D('',#4716,#4717,#4718);
#4716 = CARTESIAN_POINT('',(0.E+000,0.E+000,0.5));
#4717 = DIRECTION('',(0.E+000,0.E+000,1.));
#4718 = DIRECTION('',(1.,0.E+000,0.E+000));
#4719 = PCURVE('',#3923,#4720);
#4720 = DEFINITIONAL_REPRESENTATION('',(#4721),#4725);
#4721 = LINE('',#4722,#4723);
#4722 = CARTESIAN_POINT('',(0.E+000,0.5));
#4723 = VECTOR('',#4724,1.);
#4724 = DIRECTION('',(1.,0.E+000));
#4725 = ( GEOMETRIC_REPRESENTATION_CONTEXT(2) 
PARAMETRIC_REPRESENTATION_CONTEXT() REPRESENTATION_CONTEXT('2D SPACE',''
  ) );
#4726 = PCURVE('',#4621,#4727);
#4727 = DEFINITIONAL_REPRESENTATION('',(#4728),#4732);
#4728 = LINE('',#4729,#4730);
#4729 = CARTESIAN_POINT('',(0.E+000,-0.E+000));
#4730 = VECTOR('',#4731,1.);
#4731 = DIRECTION('',(1.,-0.E+000));
#4732 = ( GEOMETRIC_REPRESENTATION_CONTEXT(2) 
PARAMETRIC_REPRESENTATION_CONTEXT() REPRESENTATION_CONTEXT('2D SPACE',''
  ) );
#4733 = ORIENTED_EDGE('',*,*,#4734,.T.);
#4734 = EDGE_CURVE('',#4711,#3879,#4735,.T.);
#4735 = SURFACE_CURVE('',#4736,(#4740,#4746),.PCURVE_S1.);
#4736 = LINE('',#4737,#4738);
#4737 = CARTESIAN_POINT('',(11.048189896992,-4.,0.E+000));
#4738 = VECTOR('',#4739,1.);
#4739 = DIRECTION('',(0.E+000,0.E+000,1.));
#4740 = PCURVE('',#3923,#4741);
#4741 = DEFINITIONAL_REPRESENTATION('',(#4742),#4745);
#4742 = B_SPLINE_CURVE_WITH_KNOTS('',1,(#4743,#4744),.UNSPECIFIED.,.F.,
  .F.,(2,2),(0.4999996,15.0000004),.PIECEWISE_BEZIER_KNOTS.);
#4743 = CARTESIAN_POINT('',(5.935815883885,0.4999996));
#4744 = CARTESIAN_POINT('',(5.935815883885,15.0000004));
#4745 = ( GEOMETRIC_REPRESENTATION_CONTEXT(2) 
PARAMETRIC_REPRESENTATION_CONTEXT() REPRESENTATION_CONTEXT('2D SPACE',''
  ) );
#4746 = PCURVE('',#3894,#4747);
#4747 = DEFINITIONAL_REPRESENTATION('',(#4748),#4751);
#4748 = B_SPLINE_CURVE_WITH_KNOTS('',1,(#4749,#4750),.UNSPECIFIED.,.F.,
  .F.,(2,2),(0.4999996,15.0000004),.PIECEWISE_BEZIER_KNOTS.);
#4749 = CARTESIAN_POINT('',(0.4999996,5.048189896992));
#4750 = CARTESIAN_POINT('',(15.0000004,5.048189896992));
#4751 = ( GEOMETRIC_REPRESENTATION_CONTEXT(2) 
PARAMETRIC_REPRESENTATION_CONTEXT() REPRESENTATION_CONTEXT('2D SPACE',''
  ) );
#4752 = ORIENTED_EDGE('',*,*,#3906,.F.);
#4753 = ORIENTED_EDGE('',*,*,#4639,.F.);
#4754 = ADVANCED_FACE('',(#4755),#3894,.T.);
#4755 = FACE_BOUND('',#4756,.T.);
#4756 = EDGE_LOOP('',(#4757,#4782,#4810,#4829,#4830,#4831,#4832));
#4757 = ORIENTED_EDGE('',*,*,#4758,.F.);
#4758 = EDGE_CURVE('',#4759,#4761,#4763,.T.);
#4759 = VERTEX_POINT('',#4760);
#4760 = CARTESIAN_POINT('',(6.,-4.,0.E+000));
#4761 = VERTEX_POINT('',#4762);
#4762 = CARTESIAN_POINT('',(10.514870422407,-4.,0.E+000));
#4763 = SURFACE_CURVE('',#4764,(#4768,#4775),.PCURVE_S1.);
#4764 = LINE('',#4765,#4766);
#4765 = CARTESIAN_POINT('',(6.,-4.,0.E+000));
#4766 = VECTOR('',#4767,1.);
#4767 = DIRECTION('',(1.,0.E+000,0.E+000));
#4768 = PCURVE('',#3894,#4769);
#4769 = DEFINITIONAL_REPRESENTATION('',(#4770),#4774);
#4770 = LINE('',#4771,#4772);
#4771 = CARTESIAN_POINT('',(0.E+000,0.E+000));
#4772 = VECTOR('',#4773,1.);
#4773 = DIRECTION('',(0.E+000,1.));
#4774 = ( GEOMETRIC_REPRESENTATION_CONTEXT(2) 
PARAMETRIC_REPRESENTATION_CONTEXT() REPRESENTATION_CONTEXT('2D SPACE',''
  ) );
#4775 = PCURVE('',#4307,#4776);
#4776 = DEFINITIONAL_REPRESENTATION('',(#4777),#4781);
#4777 = LINE('',#4778,#4779);
#4778 = CARTESIAN_POINT('',(-4.842624221101,-7.));
#4779 = VECTOR('',#4780,1.);
#4780 = DIRECTION('',(1.,0.E+000));
#4781 = ( GEOMETRIC_REPRESENTATION_CONTEXT(2) 
PARAMETRIC_REPRESENTATION_CONTEXT() REPRESENTATION_CONTEXT('2D SPACE',''
  ) );
#4782 = ORIENTED_EDGE('',*,*,#4783,.T.);
#4783 = EDGE_CURVE('',#4759,#4784,#4786,.T.);
#4784 = VERTEX_POINT('',#4785);
#4785 = CARTESIAN_POINT('',(6.,-4.,3.));
#4786 = SURFACE_CURVE('',#4787,(#4791,#4798),.PCURVE_S1.);
#4787 = LINE('',#4788,#4789);
#4788 = CARTESIAN_POINT('',(6.,-4.,0.E+000));
#4789 = VECTOR('',#4790,1.);
#4790 = DIRECTION('',(0.E+000,0.E+000,1.));
#4791 = PCURVE('',#3894,#4792);
#4792 = DEFINITIONAL_REPRESENTATION('',(#4793),#4797);
#4793 = LINE('',#4794,#4795);
#4794 = CARTESIAN_POINT('',(0.E+000,0.E+000));
#4795 = VECTOR('',#4796,1.);
#4796 = DIRECTION('',(1.,0.E+000));
#4797 = ( GEOMETRIC_REPRESENTATION_CONTEXT(2) 
PARAMETRIC_REPRESENTATION_CONTEXT() REPRESENTATION_CONTEXT('2D SPACE',''
  ) );
#4798 = PCURVE('',#4799,#4804);
#4799 = PLANE('',#4800);
#4800 = AXIS2_PLACEMENT_3D('',#4801,#4802,#4803);
#4801 = CARTESIAN_POINT('',(6.,-4.,0.E+000));
#4802 = DIRECTION('',(1.,0.E+000,0.E+000));
#4803 = DIRECTION('',(0.E+000,0.E+000,1.));
#4804 = DEFINITIONAL_REPRESENTATION('',(#4805),#4809);
#4805 = LINE('',#4806,#4807);
#4806 = CARTESIAN_POINT('',(0.E+000,0.E+000));
#4807 = VECTOR('',#4808,1.);
#4808 = DIRECTION('',(1.,0.E+000));
#4809 = ( GEOMETRIC_REPRESENTATION_CONTEXT(2) 
PARAMETRIC_REPRESENTATION_CONTEXT() REPRESENTATION_CONTEXT('2D SPACE',''
  ) );
#4810 = ORIENTED_EDGE('',*,*,#4811,.T.);
#4811 = EDGE_CURVE('',#4784,#4244,#4812,.T.);
#4812 = SURFACE_CURVE('',#4813,(#4817,#4823),.PCURVE_S1.);
#4813 = LINE('',#4814,#4815);
#4814 = CARTESIAN_POINT('',(3.,-4.,3.));
#4815 = VECTOR('',#4816,1.);
#4816 = DIRECTION('',(1.,0.E+000,0.E+000));
#4817 = PCURVE('',#3894,#4818);
#4818 = DEFINITIONAL_REPRESENTATION('',(#4819),#4822);
#4819 = B_SPLINE_CURVE_WITH_KNOTS('',1,(#4820,#4821),.UNSPECIFIED.,.F.,
  .F.,(2,2),(2.495181010301,8.553008886692),.PIECEWISE_BEZIER_KNOTS.);
#4820 = CARTESIAN_POINT('',(3.,-0.504818989699));
#4821 = CARTESIAN_POINT('',(3.,5.553008886692));
#4822 = ( GEOMETRIC_REPRESENTATION_CONTEXT(2) 
PARAMETRIC_REPRESENTATION_CONTEXT() REPRESENTATION_CONTEXT('2D SPACE',''
  ) );
#4823 = PCURVE('',#4190,#4824);
#4824 = DEFINITIONAL_REPRESENTATION('',(#4825),#4828);
#4825 = B_SPLINE_CURVE_WITH_KNOTS('',1,(#4826,#4827),.UNSPECIFIED.,.F.,
  .F.,(2,2),(2.495181010301,8.553008886692),.PIECEWISE_BEZIER_KNOTS.);
#4826 = CARTESIAN_POINT('',(5.495181010301,-4.));
#4827 = CARTESIAN_POINT('',(11.553008886692,-4.));
#4828 = ( GEOMETRIC_REPRESENTATION_CONTEXT(2) 
PARAMETRIC_REPRESENTATION_CONTEXT() REPRESENTATION_CONTEXT('2D SPACE',''
  ) );
#4829 = ORIENTED_EDGE('',*,*,#4267,.T.);
#4830 = ORIENTED_EDGE('',*,*,#3878,.T.);
#4831 = ORIENTED_EDGE('',*,*,#4734,.F.);
#4832 = ORIENTED_EDGE('',*,*,#4833,.F.);
#4833 = EDGE_CURVE('',#4761,#4711,#4834,.T.);
#4834 = SURFACE_CURVE('',#4835,(#4840,#4847),.PCURVE_S1.);
#4835 = HYPERBOLA('',#4836,4.,4.);
#4836 = AXIS2_PLACEMENT_3D('',#4837,#4838,#4839);
#4837 = CARTESIAN_POINT('',(0.E+000,-4.,-11.25));
#4838 = DIRECTION('',(0.E+000,1.,0.E+000));
#4839 = DIRECTION('',(0.E+000,0.E+000,1.));
#4840 = PCURVE('',#3894,#4841);
#4841 = DEFINITIONAL_REPRESENTATION('',(#4842),#4846);
#4842 = ( BOUNDED_CURVE() B_SPLINE_CURVE(2,(#4843,#4844,#4845),
.UNSPECIFIED.,.F.,.F.) B_SPLINE_CURVE_WITH_KNOTS((3,3),(1.694002860382,
1.740386781206),.PIECEWISE_BEZIER_KNOTS.) CURVE() 
GEOMETRIC_REPRESENTATION_ITEM() RATIONAL_B_SPLINE_CURVE((1.,
1.000268945568,1.)) REPRESENTATION_ITEM('') );
#4843 = CARTESIAN_POINT('',(0.E+000,4.514870422407));
#4844 = CARTESIAN_POINT('',(0.243816746479,4.775733208889));
#4845 = CARTESIAN_POINT('',(0.5,5.048189896992));
#4846 = ( GEOMETRIC_REPRESENTATION_CONTEXT(2) 
PARAMETRIC_REPRESENTATION_CONTEXT() REPRESENTATION_CONTEXT('2D SPACE',''
  ) );
#4847 = PCURVE('',#4621,#4848);
#4848 = DEFINITIONAL_REPRESENTATION('',(#4849),#4859);
#4849 = B_SPLINE_CURVE_WITH_KNOTS('',8,(#4850,#4851,#4852,#4853,#4854,
    #4855,#4856,#4857,#4858),.UNSPECIFIED.,.F.,.F.,(9,9),(1.694002860382
    ,1.740386781206),.PIECEWISE_BEZIER_KNOTS.);
#4850 = CARTESIAN_POINT('',(5.919676910767,-0.5));
#4851 = CARTESIAN_POINT('',(5.921738418624,-0.439034877405));
#4852 = CARTESIAN_POINT('',(5.923787158628,-0.377637550786));
#4853 = CARTESIAN_POINT('',(5.925823210026,-0.315804886664));
#4854 = CARTESIAN_POINT('',(5.927846651546,-0.253533731078));
#4855 = CARTESIAN_POINT('',(5.92985756155,-0.190820898737));
#4856 = CARTESIAN_POINT('',(5.93185601833,-0.127663172672));
#4857 = CARTESIAN_POINT('',(5.933842099763,-6.4057303897E-002));
#4858 = CARTESIAN_POINT('',(5.935815883885,-4.777934913156E-016));
#4859 = ( GEOMETRIC_REPRESENTATION_CONTEXT(2) 
PARAMETRIC_REPRESENTATION_CONTEXT() REPRESENTATION_CONTEXT('2D SPACE',''
  ) );
#4860 = ADVANCED_FACE('',(#4861),#4190,.T.);
#4861 = FACE_BOUND('',#4862,.T.);
#4862 = EDGE_LOOP('',(#4863,#4916,#4962,#4988,#5007,#5008,#5009,#5010,
    #5031,#5057,#5086,#5112,#5131,#5132,#5133,#5134,#5155));
#4863 = ORIENTED_EDGE('',*,*,#4864,.T.);
#4864 = EDGE_CURVE('',#4865,#4867,#4869,.T.);
#4865 = VERTEX_POINT('',#4866);
#4866 = CARTESIAN_POINT('',(9.198131603755,-3.,3.));
#4867 = VERTEX_POINT('',#4868);
#4868 = CARTESIAN_POINT('',(9.675,-2.36969155635E-015,3.));
#4869 = SURFACE_CURVE('',#4870,(#4875,#4882),.PCURVE_S1.);
#4870 = CIRCLE('',#4871,9.675);
#4871 = AXIS2_PLACEMENT_3D('',#4872,#4873,#4874);
#4872 = CARTESIAN_POINT('',(0.E+000,0.E+000,3.));
#4873 = DIRECTION('',(0.E+000,0.E+000,1.));
#4874 = DIRECTION('',(1.,0.E+000,0.E+000));
#4875 = PCURVE('',#4190,#4876);
#4876 = DEFINITIONAL_REPRESENTATION('',(#4877),#4881);
#4877 = CIRCLE('',#4878,9.675);
#4878 = AXIS2_PLACEMENT_2D('',#4879,#4880);
#4879 = CARTESIAN_POINT('',(0.E+000,0.E+000));
#4880 = DIRECTION('',(1.,0.E+000));
#4881 = ( GEOMETRIC_REPRESENTATION_CONTEXT(2) 
PARAMETRIC_REPRESENTATION_CONTEXT() REPRESENTATION_CONTEXT('2D SPACE',''
  ) );
#4882 = PCURVE('',#4883,#4888);
#4883 = CYLINDRICAL_SURFACE('',#4884,9.675);
#4884 = AXIS2_PLACEMENT_3D('',#4885,#4886,#4887);
#4885 = CARTESIAN_POINT('',(0.E+000,0.E+000,3.));
#4886 = DIRECTION('',(0.E+000,0.E+000,1.));
#4887 = DIRECTION('',(1.,0.E+000,0.E+000));
#4888 = DEFINITIONAL_REPRESENTATION('',(#4889),#4915);
#4889 = B_SPLINE_CURVE_WITH_KNOTS('',3,(#4890,#4891,#4892,#4893,#4894,
    #4895,#4896,#4897,#4898,#4899,#4900,#4901,#4902,#4903,#4904,#4905,
    #4906,#4907,#4908,#4909,#4910,#4911,#4912,#4913,#4914),
  .UNSPECIFIED.,.F.,.F.,(4,1,1,1,1,1,1,1,1,1,1,1,1,1,1,1,1,1,1,1,1,1,4),
  (5.967910737524,5.982241399782,5.996572062039,6.010902724296,
    6.025233386553,6.03956404881,6.053894711067,6.068225373324,
    6.082556035581,6.096886697838,6.111217360095,6.125548022352,
    6.139878684609,6.154209346866,6.168540009123,6.18287067138,
    6.197201333637,6.211531995894,6.225862658151,6.240193320408,
    6.254523982665,6.268854644923,6.28318530718),.QUASI_UNIFORM_KNOTS.);
#4890 = CARTESIAN_POINT('',(5.967910737524,0.E+000));
#4891 = CARTESIAN_POINT('',(5.972687624944,0.E+000));
#4892 = CARTESIAN_POINT('',(5.982241399782,0.E+000));
#4893 = CARTESIAN_POINT('',(5.996572062039,0.E+000));
#4894 = CARTESIAN_POINT('',(6.010902724296,0.E+000));
#4895 = CARTESIAN_POINT('',(6.025233386553,0.E+000));
#4896 = CARTESIAN_POINT('',(6.03956404881,0.E+000));
#4897 = CARTESIAN_POINT('',(6.053894711067,0.E+000));
#4898 = CARTESIAN_POINT('',(6.068225373324,0.E+000));
#4899 = CARTESIAN_POINT('',(6.082556035581,0.E+000));
#4900 = CARTESIAN_POINT('',(6.096886697838,0.E+000));
#4901 = CARTESIAN_POINT('',(6.111217360095,0.E+000));
#4902 = CARTESIAN_POINT('',(6.125548022352,0.E+000));
#4903 = CARTESIAN_POINT('',(6.139878684609,0.E+000));
#4904 = CARTESIAN_POINT('',(6.154209346866,0.E+000));
#4905 = CARTESIAN_POINT('',(6.168540009123,0.E+000));
#4906 = CARTESIAN_POINT('',(6.18287067138,0.E+000));
#4907 = CARTESIAN_POINT('',(6.197201333637,0.E+000));
#4908 = CARTESIAN_POINT('',(6.211531995894,0.E+000));
#4909 = CARTESIAN_POINT('',(6.225862658151,0.E+000));
#4910 = CARTESIAN_POINT('',(6.240193320408,0.E+000));
#4911 = CARTESIAN_POINT('',(6.254523982665,0.E+000));
#4912 = CARTESIAN_POINT('',(6.268854644923,0.E+000));
#4913 = CARTESIAN_POINT('',(6.278408419761,0.E+000));
#4914 = CARTESIAN_POINT('',(6.28318530718,0.E+000));
#4915 = ( GEOMETRIC_REPRESENTATION_CONTEXT(2) 
PARAMETRIC_REPRESENTATION_CONTEXT() REPRESENTATION_CONTEXT('2D SPACE',''
  ) );
#4916 = ORIENTED_EDGE('',*,*,#4917,.T.);
#4917 = EDGE_CURVE('',#4867,#4918,#4920,.T.);
#4918 = VERTEX_POINT('',#4919);
#4919 = CARTESIAN_POINT('',(9.198131603755,3.,3.));
#4920 = SURFACE_CURVE('',#4921,(#4926,#4933),.PCURVE_S1.);
#4921 = CIRCLE('',#4922,9.675);
#4922 = AXIS2_PLACEMENT_3D('',#4923,#4924,#4925);
#4923 = CARTESIAN_POINT('',(0.E+000,0.E+000,3.));
#4924 = DIRECTION('',(0.E+000,0.E+000,1.));
#4925 = DIRECTION('',(1.,0.E+000,0.E+000));
#4926 = PCURVE('',#4190,#4927);
#4927 = DEFINITIONAL_REPRESENTATION('',(#4928),#4932);
#4928 = CIRCLE('',#4929,9.675);
#4929 = AXIS2_PLACEMENT_2D('',#4930,#4931);
#4930 = CARTESIAN_POINT('',(0.E+000,0.E+000));
#4931 = DIRECTION('',(1.,0.E+000));
#4932 = ( GEOMETRIC_REPRESENTATION_CONTEXT(2) 
PARAMETRIC_REPRESENTATION_CONTEXT() REPRESENTATION_CONTEXT('2D SPACE',''
  ) );
#4933 = PCURVE('',#4883,#4934);
#4934 = DEFINITIONAL_REPRESENTATION('',(#4935),#4961);
#4935 = B_SPLINE_CURVE_WITH_KNOTS('',3,(#4936,#4937,#4938,#4939,#4940,
    #4941,#4942,#4943,#4944,#4945,#4946,#4947,#4948,#4949,#4950,#4951,
    #4952,#4953,#4954,#4955,#4956,#4957,#4958,#4959,#4960),
  .UNSPECIFIED.,.F.,.F.,(4,1,1,1,1,1,1,1,1,1,1,1,1,1,1,1,1,1,1,1,1,1,4),
  (0.E+000,1.433066225705E-002,2.86613245141E-002,4.299198677115E-002,
    5.73226490282E-002,7.165331128525E-002,8.59839735423E-002,
    0.100314635799,0.114645298056,0.128975960313,0.14330662257,
    0.157637284828,0.171967947085,0.186298609342,0.200629271599,
    0.214959933856,0.229290596113,0.24362125837,0.257951920627,
    0.272282582884,0.286613245141,0.300943907398,0.315274569655),
  .QUASI_UNIFORM_KNOTS.);
#4936 = CARTESIAN_POINT('',(6.28318530718,0.E+000));
#4937 = CARTESIAN_POINT('',(6.287962194599,0.E+000));
#4938 = CARTESIAN_POINT('',(6.297515969437,0.E+000));
#4939 = CARTESIAN_POINT('',(6.311846631694,0.E+000));
#4940 = CARTESIAN_POINT('',(6.326177293951,0.E+000));
#4941 = CARTESIAN_POINT('',(6.340507956208,0.E+000));
#4942 = CARTESIAN_POINT('',(6.354838618465,0.E+000));
#4943 = CARTESIAN_POINT('',(6.369169280722,0.E+000));
#4944 = CARTESIAN_POINT('',(6.383499942979,0.E+000));
#4945 = CARTESIAN_POINT('',(6.397830605236,0.E+000));
#4946 = CARTESIAN_POINT('',(6.412161267493,0.E+000));
#4947 = CARTESIAN_POINT('',(6.42649192975,0.E+000));
#4948 = CARTESIAN_POINT('',(6.440822592007,0.E+000));
#4949 = CARTESIAN_POINT('',(6.455153254264,0.E+000));
#4950 = CARTESIAN_POINT('',(6.469483916521,0.E+000));
#4951 = CARTESIAN_POINT('',(6.483814578778,0.E+000));
#4952 = CARTESIAN_POINT('',(6.498145241035,0.E+000));
#4953 = CARTESIAN_POINT('',(6.512475903292,0.E+000));
#4954 = CARTESIAN_POINT('',(6.526806565549,0.E+000));
#4955 = CARTESIAN_POINT('',(6.541137227806,0.E+000));
#4956 = CARTESIAN_POINT('',(6.555467890064,0.E+000));
#4957 = CARTESIAN_POINT('',(6.569798552321,0.E+000));
#4958 = CARTESIAN_POINT('',(6.584129214578,0.E+000));
#4959 = CARTESIAN_POINT('',(6.593682989416,0.E+000));
#4960 = CARTESIAN_POINT('',(6.598459876835,0.E+000));
#4961 = ( GEOMETRIC_REPRESENTATION_CONTEXT(2) 
PARAMETRIC_REPRESENTATION_CONTEXT() REPRESENTATION_CONTEXT('2D SPACE',''
  ) );
#4962 = ORIENTED_EDGE('',*,*,#4963,.F.);
#4963 = EDGE_CURVE('',#4964,#4918,#4966,.T.);
#4964 = VERTEX_POINT('',#4965);
#4965 = CARTESIAN_POINT('',(6.,3.,3.));
#4966 = SURFACE_CURVE('',#4967,(#4971,#4977),.PCURVE_S1.);
#4967 = LINE('',#4968,#4969);
#4968 = CARTESIAN_POINT('',(5.42131211055,3.,3.));
#4969 = VECTOR('',#4970,1.);
#4970 = DIRECTION('',(1.,0.E+000,0.E+000));
#4971 = PCURVE('',#4190,#4972);
#4972 = DEFINITIONAL_REPRESENTATION('',(#4973),#4976);
#4973 = B_SPLINE_CURVE_WITH_KNOTS('',1,(#4974,#4975),.UNSPECIFIED.,.F.,
  .F.,(2,2),(-0.188791543668,6.18868788945),.PIECEWISE_BEZIER_KNOTS.);
#4974 = CARTESIAN_POINT('',(5.232520566882,3.));
#4975 = CARTESIAN_POINT('',(11.61,3.));
#4976 = ( GEOMETRIC_REPRESENTATION_CONTEXT(2) 
PARAMETRIC_REPRESENTATION_CONTEXT() REPRESENTATION_CONTEXT('2D SPACE',''
  ) );
#4977 = PCURVE('',#4978,#4983);
#4978 = PLANE('',#4979);
#4979 = AXIS2_PLACEMENT_3D('',#4980,#4981,#4982);
#4980 = CARTESIAN_POINT('',(10.842624221101,3.,0.E+000));
#4981 = DIRECTION('',(0.E+000,1.,0.E+000));
#4982 = DIRECTION('',(0.E+000,0.E+000,1.));
#4983 = DEFINITIONAL_REPRESENTATION('',(#4984),#4987);
#4984 = B_SPLINE_CURVE_WITH_KNOTS('',1,(#4985,#4986),.UNSPECIFIED.,.F.,
  .F.,(2,2),(-0.188791543668,6.18868788945),.PIECEWISE_BEZIER_KNOTS.);
#4985 = CARTESIAN_POINT('',(3.,-5.610103654218));
#4986 = CARTESIAN_POINT('',(3.,0.767375778899));
#4987 = ( GEOMETRIC_REPRESENTATION_CONTEXT(2) 
PARAMETRIC_REPRESENTATION_CONTEXT() REPRESENTATION_CONTEXT('2D SPACE',''
  ) );
#4988 = ORIENTED_EDGE('',*,*,#4989,.F.);
#4989 = EDGE_CURVE('',#4320,#4964,#4990,.T.);
#4990 = SURFACE_CURVE('',#4991,(#4995,#5001),.PCURVE_S1.);
#4991 = LINE('',#4992,#4993);
#4992 = CARTESIAN_POINT('',(6.,-2.,3.));
#4993 = VECTOR('',#4994,1.);
#4994 = DIRECTION('',(0.E+000,-1.,0.E+000));
#4995 = PCURVE('',#4190,#4996);
#4996 = DEFINITIONAL_REPRESENTATION('',(#4997),#5000);
#4997 = B_SPLINE_CURVE_WITH_KNOTS('',1,(#4998,#4999),.UNSPECIFIED.,.F.,
  .F.,(2,2),(-6.8,2.8),.PIECEWISE_BEZIER_KNOTS.);
#4998 = CARTESIAN_POINT('',(6.,4.8));
#4999 = CARTESIAN_POINT('',(6.,-4.8));
#5000 = ( GEOMETRIC_REPRESENTATION_CONTEXT(2) 
PARAMETRIC_REPRESENTATION_CONTEXT() REPRESENTATION_CONTEXT('2D SPACE',''
  ) );
#5001 = PCURVE('',#4335,#5002);
#5002 = DEFINITIONAL_REPRESENTATION('',(#5003),#5006);
#5003 = B_SPLINE_CURVE_WITH_KNOTS('',1,(#5004,#5005),.UNSPECIFIED.,.F.,
  .F.,(2,2),(-6.8,2.8),.PIECEWISE_BEZIER_KNOTS.);
#5004 = CARTESIAN_POINT('',(3.,-8.8));
#5005 = CARTESIAN_POINT('',(3.,0.8));
#5006 = ( GEOMETRIC_REPRESENTATION_CONTEXT(2) 
PARAMETRIC_REPRESENTATION_CONTEXT() REPRESENTATION_CONTEXT('2D SPACE',''
  ) );
#5007 = ORIENTED_EDGE('',*,*,#4347,.T.);
#5008 = ORIENTED_EDGE('',*,*,#4173,.T.);
#5009 = ORIENTED_EDGE('',*,*,#4529,.T.);
#5010 = ORIENTED_EDGE('',*,*,#5011,.T.);
#5011 = EDGE_CURVE('',#4530,#5012,#5014,.T.);
#5012 = VERTEX_POINT('',#5013);
#5013 = CARTESIAN_POINT('',(-6.,3.,3.));
#5014 = SURFACE_CURVE('',#5015,(#5019,#5025),.PCURVE_S1.);
#5015 = LINE('',#5016,#5017);
#5016 = CARTESIAN_POINT('',(-6.,-2.,3.));
#5017 = VECTOR('',#5018,1.);
#5018 = DIRECTION('',(0.E+000,-1.,0.E+000));
#5019 = PCURVE('',#4190,#5020);
#5020 = DEFINITIONAL_REPRESENTATION('',(#5021),#5024);
#5021 = B_SPLINE_CURVE_WITH_KNOTS('',1,(#5022,#5023),.UNSPECIFIED.,.F.,
  .F.,(2,2),(-6.8,2.8),.PIECEWISE_BEZIER_KNOTS.);
#5022 = CARTESIAN_POINT('',(-6.,4.8));
#5023 = CARTESIAN_POINT('',(-6.,-4.8));
#5024 = ( GEOMETRIC_REPRESENTATION_CONTEXT(2) 
PARAMETRIC_REPRESENTATION_CONTEXT() REPRESENTATION_CONTEXT('2D SPACE',''
  ) );
#5025 = PCURVE('',#4564,#5026);
#5026 = DEFINITIONAL_REPRESENTATION('',(#5027),#5030);
#5027 = B_SPLINE_CURVE_WITH_KNOTS('',1,(#5028,#5029),.UNSPECIFIED.,.F.,
  .F.,(2,2),(-6.8,2.8),.PIECEWISE_BEZIER_KNOTS.);
#5028 = CARTESIAN_POINT('',(3.,-8.8));
#5029 = CARTESIAN_POINT('',(3.,0.8));
#5030 = ( GEOMETRIC_REPRESENTATION_CONTEXT(2) 
PARAMETRIC_REPRESENTATION_CONTEXT() REPRESENTATION_CONTEXT('2D SPACE',''
  ) );
#5031 = ORIENTED_EDGE('',*,*,#5032,.F.);
#5032 = EDGE_CURVE('',#5033,#5012,#5035,.T.);
#5033 = VERTEX_POINT('',#5034);
#5034 = CARTESIAN_POINT('',(-9.198131603755,3.,3.));
#5035 = SURFACE_CURVE('',#5036,(#5040,#5046),.PCURVE_S1.);
#5036 = LINE('',#5037,#5038);
#5037 = CARTESIAN_POINT('',(-5.,3.,3.));
#5038 = VECTOR('',#5039,1.);
#5039 = DIRECTION('',(1.,0.E+000,0.E+000));
#5040 = PCURVE('',#4190,#5041);
#5041 = DEFINITIONAL_REPRESENTATION('',(#5042),#5045);
#5042 = B_SPLINE_CURVE_WITH_KNOTS('',1,(#5043,#5044),.UNSPECIFIED.,.F.,
  .F.,(2,2),(-6.61,-0.232520566882),.PIECEWISE_BEZIER_KNOTS.);
#5043 = CARTESIAN_POINT('',(-11.61,3.));
#5044 = CARTESIAN_POINT('',(-5.232520566882,3.));
#5045 = ( GEOMETRIC_REPRESENTATION_CONTEXT(2) 
PARAMETRIC_REPRESENTATION_CONTEXT() REPRESENTATION_CONTEXT('2D SPACE',''
  ) );
#5046 = PCURVE('',#5047,#5052);
#5047 = PLANE('',#5048);
#5048 = AXIS2_PLACEMENT_3D('',#5049,#5050,#5051);
#5049 = CARTESIAN_POINT('',(-10.,3.,0.E+000));
#5050 = DIRECTION('',(0.E+000,1.,0.E+000));
#5051 = DIRECTION('',(0.E+000,0.E+000,1.));
#5052 = DEFINITIONAL_REPRESENTATION('',(#5053),#5056);
#5053 = B_SPLINE_CURVE_WITH_KNOTS('',1,(#5054,#5055),.UNSPECIFIED.,.F.,
  .F.,(2,2),(-6.61,-0.232520566882),.PIECEWISE_BEZIER_KNOTS.);
#5054 = CARTESIAN_POINT('',(3.,-1.61));
#5055 = CARTESIAN_POINT('',(3.,4.767479433118));
#5056 = ( GEOMETRIC_REPRESENTATION_CONTEXT(2) 
PARAMETRIC_REPRESENTATION_CONTEXT() REPRESENTATION_CONTEXT('2D SPACE',''
  ) );
#5057 = ORIENTED_EDGE('',*,*,#5058,.T.);
#5058 = EDGE_CURVE('',#5033,#5059,#5061,.T.);
#5059 = VERTEX_POINT('',#5060);
#5060 = CARTESIAN_POINT('',(-9.198131603755,-3.,3.));
#5061 = SURFACE_CURVE('',#5062,(#5067,#5074),.PCURVE_S1.);
#5062 = CIRCLE('',#5063,9.675);
#5063 = AXIS2_PLACEMENT_3D('',#5064,#5065,#5066);
#5064 = CARTESIAN_POINT('',(0.E+000,0.E+000,3.));
#5065 = DIRECTION('',(0.E+000,0.E+000,1.));
#5066 = DIRECTION('',(1.,0.E+000,0.E+000));
#5067 = PCURVE('',#4190,#5068);
#5068 = DEFINITIONAL_REPRESENTATION('',(#5069),#5073);
#5069 = CIRCLE('',#5070,9.675);
#5070 = AXIS2_PLACEMENT_2D('',#5071,#5072);
#5071 = CARTESIAN_POINT('',(0.E+000,0.E+000));
#5072 = DIRECTION('',(1.,0.E+000));
#5073 = ( GEOMETRIC_REPRESENTATION_CONTEXT(2) 
PARAMETRIC_REPRESENTATION_CONTEXT() REPRESENTATION_CONTEXT('2D SPACE',''
  ) );
#5074 = PCURVE('',#5075,#5080);
#5075 = CYLINDRICAL_SURFACE('',#5076,9.675);
#5076 = AXIS2_PLACEMENT_3D('',#5077,#5078,#5079);
#5077 = CARTESIAN_POINT('',(0.E+000,0.E+000,3.));
#5078 = DIRECTION('',(0.E+000,0.E+000,1.));
#5079 = DIRECTION('',(1.,0.E+000,0.E+000));
#5080 = DEFINITIONAL_REPRESENTATION('',(#5081),#5085);
#5081 = LINE('',#5082,#5083);
#5082 = CARTESIAN_POINT('',(0.E+000,0.E+000));
#5083 = VECTOR('',#5084,1.);
#5084 = DIRECTION('',(1.,0.E+000));
#5085 = ( GEOMETRIC_REPRESENTATION_CONTEXT(2) 
PARAMETRIC_REPRESENTATION_CONTEXT() REPRESENTATION_CONTEXT('2D SPACE',''
  ) );
#5086 = ORIENTED_EDGE('',*,*,#5087,.T.);
#5087 = EDGE_CURVE('',#5059,#5088,#5090,.T.);
#5088 = VERTEX_POINT('',#5089);
#5089 = CARTESIAN_POINT('',(-6.,-3.,3.));
#5090 = SURFACE_CURVE('',#5091,(#5095,#5101),.PCURVE_S1.);
#5091 = LINE('',#5092,#5093);
#5092 = CARTESIAN_POINT('',(-5.,-3.,3.));
#5093 = VECTOR('',#5094,1.);
#5094 = DIRECTION('',(1.,0.E+000,0.E+000));
#5095 = PCURVE('',#4190,#5096);
#5096 = DEFINITIONAL_REPRESENTATION('',(#5097),#5100);
#5097 = B_SPLINE_CURVE_WITH_KNOTS('',1,(#5098,#5099),.UNSPECIFIED.,.F.,
  .F.,(2,2),(-6.61,-0.232520566882),.PIECEWISE_BEZIER_KNOTS.);
#5098 = CARTESIAN_POINT('',(-11.61,-3.));
#5099 = CARTESIAN_POINT('',(-5.232520566882,-3.));
#5100 = ( GEOMETRIC_REPRESENTATION_CONTEXT(2) 
PARAMETRIC_REPRESENTATION_CONTEXT() REPRESENTATION_CONTEXT('2D SPACE',''
  ) );
#5101 = PCURVE('',#5102,#5107);
#5102 = PLANE('',#5103);
#5103 = AXIS2_PLACEMENT_3D('',#5104,#5105,#5106);
#5104 = CARTESIAN_POINT('',(-10.,-3.,0.E+000));
#5105 = DIRECTION('',(0.E+000,1.,0.E+000));
#5106 = DIRECTION('',(0.E+000,0.E+000,1.));
#5107 = DEFINITIONAL_REPRESENTATION('',(#5108),#5111);
#5108 = B_SPLINE_CURVE_WITH_KNOTS('',1,(#5109,#5110),.UNSPECIFIED.,.F.,
  .F.,(2,2),(-6.61,-0.232520566882),.PIECEWISE_BEZIER_KNOTS.);
#5109 = CARTESIAN_POINT('',(3.,-1.61));
#5110 = CARTESIAN_POINT('',(3.,4.767479433118));
#5111 = ( GEOMETRIC_REPRESENTATION_CONTEXT(2) 
PARAMETRIC_REPRESENTATION_CONTEXT() REPRESENTATION_CONTEXT('2D SPACE',''
  ) );
#5112 = ORIENTED_EDGE('',*,*,#5113,.T.);
#5113 = EDGE_CURVE('',#5088,#4661,#5114,.T.);
#5114 = SURFACE_CURVE('',#5115,(#5119,#5125),.PCURVE_S1.);
#5115 = LINE('',#5116,#5117);
#5116 = CARTESIAN_POINT('',(-6.,-2.,3.));
#5117 = VECTOR('',#5118,1.);
#5118 = DIRECTION('',(0.E+000,-1.,0.E+000));
#5119 = PCURVE('',#4190,#5120);
#5120 = DEFINITIONAL_REPRESENTATION('',(#5121),#5124);
#5121 = B_SPLINE_CURVE_WITH_KNOTS('',1,(#5122,#5123),.UNSPECIFIED.,.F.,
  .F.,(2,2),(-6.8,2.8),.PIECEWISE_BEZIER_KNOTS.);
#5122 = CARTESIAN_POINT('',(-6.,4.8));
#5123 = CARTESIAN_POINT('',(-6.,-4.8));
#5124 = ( GEOMETRIC_REPRESENTATION_CONTEXT(2) 
PARAMETRIC_REPRESENTATION_CONTEXT() REPRESENTATION_CONTEXT('2D SPACE',''
  ) );
#5125 = PCURVE('',#4695,#5126);
#5126 = DEFINITIONAL_REPRESENTATION('',(#5127),#5130);
#5127 = B_SPLINE_CURVE_WITH_KNOTS('',1,(#5128,#5129),.UNSPECIFIED.,.F.,
  .F.,(2,2),(-6.8,2.8),.PIECEWISE_BEZIER_KNOTS.);
#5128 = CARTESIAN_POINT('',(3.,-8.8));
#5129 = CARTESIAN_POINT('',(3.,0.8));
#5130 = ( GEOMETRIC_REPRESENTATION_CONTEXT(2) 
PARAMETRIC_REPRESENTATION_CONTEXT() REPRESENTATION_CONTEXT('2D SPACE',''
  ) );
#5131 = ORIENTED_EDGE('',*,*,#4660,.F.);
#5132 = ORIENTED_EDGE('',*,*,#4243,.T.);
#5133 = ORIENTED_EDGE('',*,*,#4811,.F.);
#5134 = ORIENTED_EDGE('',*,*,#5135,.F.);
#5135 = EDGE_CURVE('',#5136,#4784,#5138,.T.);
#5136 = VERTEX_POINT('',#5137);
#5137 = CARTESIAN_POINT('',(6.,-3.,3.));
#5138 = SURFACE_CURVE('',#5139,(#5143,#5149),.PCURVE_S1.);
#5139 = LINE('',#5140,#5141);
#5140 = CARTESIAN_POINT('',(6.,-2.,3.));
#5141 = VECTOR('',#5142,1.);
#5142 = DIRECTION('',(0.E+000,-1.,0.E+000));
#5143 = PCURVE('',#4190,#5144);
#5144 = DEFINITIONAL_REPRESENTATION('',(#5145),#5148);
#5145 = B_SPLINE_CURVE_WITH_KNOTS('',1,(#5146,#5147),.UNSPECIFIED.,.F.,
  .F.,(2,2),(-6.8,2.8),.PIECEWISE_BEZIER_KNOTS.);
#5146 = CARTESIAN_POINT('',(6.,4.8));
#5147 = CARTESIAN_POINT('',(6.,-4.8));
#5148 = ( GEOMETRIC_REPRESENTATION_CONTEXT(2) 
PARAMETRIC_REPRESENTATION_CONTEXT() REPRESENTATION_CONTEXT('2D SPACE',''
  ) );
#5149 = PCURVE('',#4799,#5150);
#5150 = DEFINITIONAL_REPRESENTATION('',(#5151),#5154);
#5151 = B_SPLINE_CURVE_WITH_KNOTS('',1,(#5152,#5153),.UNSPECIFIED.,.F.,
  .F.,(2,2),(-6.8,2.8),.PIECEWISE_BEZIER_KNOTS.);
#5152 = CARTESIAN_POINT('',(3.,-8.8));
#5153 = CARTESIAN_POINT('',(3.,0.8));
#5154 = ( GEOMETRIC_REPRESENTATION_CONTEXT(2) 
PARAMETRIC_REPRESENTATION_CONTEXT() REPRESENTATION_CONTEXT('2D SPACE',''
  ) );
#5155 = ORIENTED_EDGE('',*,*,#5156,.F.);
#5156 = EDGE_CURVE('',#4865,#5136,#5157,.T.);
#5157 = SURFACE_CURVE('',#5158,(#5162,#5168),.PCURVE_S1.);
#5158 = LINE('',#5159,#5160);
#5159 = CARTESIAN_POINT('',(5.680283883751,-3.,3.));
#5160 = VECTOR('',#5161,1.);
#5161 = DIRECTION('',(-1.,0.E+000,0.E+000));
#5162 = PCURVE('',#4190,#5163);
#5163 = DEFINITIONAL_REPRESENTATION('',(#5164),#5167);
#5164 = B_SPLINE_CURVE_WITH_KNOTS('',1,(#5165,#5166),.UNSPECIFIED.,.F.,
  .F.,(2,2),(-5.929716116249,0.447763316869),.PIECEWISE_BEZIER_KNOTS.);
#5165 = CARTESIAN_POINT('',(11.61,-3.));
#5166 = CARTESIAN_POINT('',(5.232520566882,-3.));
#5167 = ( GEOMETRIC_REPRESENTATION_CONTEXT(2) 
PARAMETRIC_REPRESENTATION_CONTEXT() REPRESENTATION_CONTEXT('2D SPACE',''
  ) );
#5168 = PCURVE('',#5169,#5174);
#5169 = PLANE('',#5170);
#5170 = AXIS2_PLACEMENT_3D('',#5171,#5172,#5173);
#5171 = CARTESIAN_POINT('',(11.360567767502,-3.,14.));
#5172 = DIRECTION('',(0.E+000,-1.,0.E+000));
#5173 = DIRECTION('',(0.E+000,0.E+000,-1.));
#5174 = DEFINITIONAL_REPRESENTATION('',(#5175),#5178);
#5175 = B_SPLINE_CURVE_WITH_KNOTS('',1,(#5176,#5177),.UNSPECIFIED.,.F.,
  .F.,(2,2),(-5.929716116249,0.447763316869),.PIECEWISE_BEZIER_KNOTS.);
#5176 = CARTESIAN_POINT('',(11.,0.249432232498));
#5177 = CARTESIAN_POINT('',(11.,-6.128047200619));
#5178 = ( GEOMETRIC_REPRESENTATION_CONTEXT(2) 
PARAMETRIC_REPRESENTATION_CONTEXT() REPRESENTATION_CONTEXT('2D SPACE',''
  ) );
#5179 = ADVANCED_FACE('',(#5180),#4307,.F.);
#5180 = FACE_BOUND('',#5181,.F.);
#5181 = EDGE_LOOP('',(#5182,#5212,#5235,#5256,#5257,#5279,#5280,#5303,
    #5326,#5354,#5377,#5398,#5399,#5421,#5422,#5445));
#5182 = ORIENTED_EDGE('',*,*,#5183,.T.);
#5183 = EDGE_CURVE('',#5184,#5186,#5188,.T.);
#5184 = VERTEX_POINT('',#5185);
#5185 = CARTESIAN_POINT('',(11.,-3.,0.E+000));
#5186 = VERTEX_POINT('',#5187);
#5187 = CARTESIAN_POINT('',(11.,3.,0.E+000));
#5188 = SURFACE_CURVE('',#5189,(#5193,#5200),.PCURVE_S1.);
#5189 = LINE('',#5190,#5191);
#5190 = CARTESIAN_POINT('',(11.,-5.,0.E+000));
#5191 = VECTOR('',#5192,1.);
#5192 = DIRECTION('',(0.E+000,1.,0.E+000));
#5193 = PCURVE('',#4307,#5194);
#5194 = DEFINITIONAL_REPRESENTATION('',(#5195),#5199);
#5195 = LINE('',#5196,#5197);
#5196 = CARTESIAN_POINT('',(0.157375778899,-8.));
#5197 = VECTOR('',#5198,1.);
#5198 = DIRECTION('',(0.E+000,1.));
#5199 = ( GEOMETRIC_REPRESENTATION_CONTEXT(2) 
PARAMETRIC_REPRESENTATION_CONTEXT() REPRESENTATION_CONTEXT('2D SPACE',''
  ) );
#5200 = PCURVE('',#5201,#5206);
#5201 = PLANE('',#5202);
#5202 = AXIS2_PLACEMENT_3D('',#5203,#5204,#5205);
#5203 = CARTESIAN_POINT('',(11.,-5.,0.E+000));
#5204 = DIRECTION('',(0.970295726276,0.E+000,-0.2419218956));
#5205 = DIRECTION('',(0.2419218956,0.E+000,0.970295726276));
#5206 = DEFINITIONAL_REPRESENTATION('',(#5207),#5211);
#5207 = LINE('',#5208,#5209);
#5208 = CARTESIAN_POINT('',(0.E+000,0.E+000));
#5209 = VECTOR('',#5210,1.);
#5210 = DIRECTION('',(0.E+000,-1.));
#5211 = ( GEOMETRIC_REPRESENTATION_CONTEXT(2) 
PARAMETRIC_REPRESENTATION_CONTEXT() REPRESENTATION_CONTEXT('2D SPACE',''
  ) );
#5212 = ORIENTED_EDGE('',*,*,#5213,.F.);
#5213 = EDGE_CURVE('',#5214,#5186,#5216,.T.);
#5214 = VERTEX_POINT('',#5215);
#5215 = CARTESIAN_POINT('',(6.,3.,0.E+000));
#5216 = SURFACE_CURVE('',#5217,(#5221,#5228),.PCURVE_S1.);
#5217 = LINE('',#5218,#5219);
#5218 = CARTESIAN_POINT('',(6.,3.,0.E+000));
#5219 = VECTOR('',#5220,1.);
#5220 = DIRECTION('',(1.,0.E+000,0.E+000));
#5221 = PCURVE('',#4307,#5222);
#5222 = DEFINITIONAL_REPRESENTATION('',(#5223),#5227);
#5223 = LINE('',#5224,#5225);
#5224 = CARTESIAN_POINT('',(-4.842624221101,0.E+000));
#5225 = VECTOR('',#5226,1.);
#5226 = DIRECTION('',(1.,0.E+000));
#5227 = ( GEOMETRIC_REPRESENTATION_CONTEXT(2) 
PARAMETRIC_REPRESENTATION_CONTEXT() REPRESENTATION_CONTEXT('2D SPACE',''
  ) );
#5228 = PCURVE('',#4978,#5229);
#5229 = DEFINITIONAL_REPRESENTATION('',(#5230),#5234);
#5230 = LINE('',#5231,#5232);
#5231 = CARTESIAN_POINT('',(0.E+000,-4.842624221101));
#5232 = VECTOR('',#5233,1.);
#5233 = DIRECTION('',(0.E+000,1.));
#5234 = ( GEOMETRIC_REPRESENTATION_CONTEXT(2) 
PARAMETRIC_REPRESENTATION_CONTEXT() REPRESENTATION_CONTEXT('2D SPACE',''
  ) );
#5235 = ORIENTED_EDGE('',*,*,#5236,.T.);
#5236 = EDGE_CURVE('',#5214,#4290,#5237,.T.);
#5237 = SURFACE_CURVE('',#5238,(#5242,#5249),.PCURVE_S1.);
#5238 = LINE('',#5239,#5240);
#5239 = CARTESIAN_POINT('',(6.,-4.,0.E+000));
#5240 = VECTOR('',#5241,1.);
#5241 = DIRECTION('',(0.E+000,1.,0.E+000));
#5242 = PCURVE('',#4307,#5243);
#5243 = DEFINITIONAL_REPRESENTATION('',(#5244),#5248);
#5244 = LINE('',#5245,#5246);
#5245 = CARTESIAN_POINT('',(-4.842624221101,-7.));
#5246 = VECTOR('',#5247,1.);
#5247 = DIRECTION('',(0.E+000,1.));
#5248 = ( GEOMETRIC_REPRESENTATION_CONTEXT(2) 
PARAMETRIC_REPRESENTATION_CONTEXT() REPRESENTATION_CONTEXT('2D SPACE',''
  ) );
#5249 = PCURVE('',#4335,#5250);
#5250 = DEFINITIONAL_REPRESENTATION('',(#5251),#5255);
#5251 = LINE('',#5252,#5253);
#5252 = CARTESIAN_POINT('',(0.E+000,0.E+000));
#5253 = VECTOR('',#5254,1.);
#5254 = DIRECTION('',(0.E+000,-1.));
#5255 = ( GEOMETRIC_REPRESENTATION_CONTEXT(2) 
PARAMETRIC_REPRESENTATION_CONTEXT() REPRESENTATION_CONTEXT('2D SPACE',''
  ) );
#5256 = ORIENTED_EDGE('',*,*,#4289,.T.);
#5257 = ORIENTED_EDGE('',*,*,#5258,.T.);
#5258 = EDGE_CURVE('',#4292,#4474,#5259,.T.);
#5259 = SURFACE_CURVE('',#5260,(#5265,#5272),.PCURVE_S1.);
#5260 = CIRCLE('',#5261,11.25);
#5261 = AXIS2_PLACEMENT_3D('',#5262,#5263,#5264);
#5262 = CARTESIAN_POINT('',(0.E+000,0.E+000,0.E+000));
#5263 = DIRECTION('',(0.E+000,0.E+000,1.));
#5264 = DIRECTION('',(1.,0.E+000,0.E+000));
#5265 = PCURVE('',#4307,#5266);
#5266 = DEFINITIONAL_REPRESENTATION('',(#5267),#5271);
#5267 = CIRCLE('',#5268,11.25);
#5268 = AXIS2_PLACEMENT_2D('',#5269,#5270);
#5269 = CARTESIAN_POINT('',(-10.8426242211,-3.));
#5270 = DIRECTION('',(1.,0.E+000));
#5271 = ( GEOMETRIC_REPRESENTATION_CONTEXT(2) 
PARAMETRIC_REPRESENTATION_CONTEXT() REPRESENTATION_CONTEXT('2D SPACE',''
  ) );
#5272 = PCURVE('',#4404,#5273);
#5273 = DEFINITIONAL_REPRESENTATION('',(#5274),#5278);
#5274 = LINE('',#5275,#5276);
#5275 = CARTESIAN_POINT('',(0.E+000,-0.5));
#5276 = VECTOR('',#5277,1.);
#5277 = DIRECTION('',(1.,-0.E+000));
#5278 = ( GEOMETRIC_REPRESENTATION_CONTEXT(2) 
PARAMETRIC_REPRESENTATION_CONTEXT() REPRESENTATION_CONTEXT('2D SPACE',''
  ) );
#5279 = ORIENTED_EDGE('',*,*,#4473,.T.);
#5280 = ORIENTED_EDGE('',*,*,#5281,.F.);
#5281 = EDGE_CURVE('',#5282,#4476,#5284,.T.);
#5282 = VERTEX_POINT('',#5283);
#5283 = CARTESIAN_POINT('',(-6.,3.,0.E+000));
#5284 = SURFACE_CURVE('',#5285,(#5289,#5296),.PCURVE_S1.);
#5285 = LINE('',#5286,#5287);
#5286 = CARTESIAN_POINT('',(-6.,-4.,0.E+000));
#5287 = VECTOR('',#5288,1.);
#5288 = DIRECTION('',(0.E+000,1.,0.E+000));
#5289 = PCURVE('',#4307,#5290);
#5290 = DEFINITIONAL_REPRESENTATION('',(#5291),#5295);
#5291 = LINE('',#5292,#5293);
#5292 = CARTESIAN_POINT('',(-16.8426242211,-7.));
#5293 = VECTOR('',#5294,1.);
#5294 = DIRECTION('',(0.E+000,1.));
#5295 = ( GEOMETRIC_REPRESENTATION_CONTEXT(2) 
PARAMETRIC_REPRESENTATION_CONTEXT() REPRESENTATION_CONTEXT('2D SPACE',''
  ) );
#5296 = PCURVE('',#4564,#5297);
#5297 = DEFINITIONAL_REPRESENTATION('',(#5298),#5302);
#5298 = LINE('',#5299,#5300);
#5299 = CARTESIAN_POINT('',(0.E+000,0.E+000));
#5300 = VECTOR('',#5301,1.);
#5301 = DIRECTION('',(0.E+000,-1.));
#5302 = ( GEOMETRIC_REPRESENTATION_CONTEXT(2) 
PARAMETRIC_REPRESENTATION_CONTEXT() REPRESENTATION_CONTEXT('2D SPACE',''
  ) );
#5303 = ORIENTED_EDGE('',*,*,#5304,.F.);
#5304 = EDGE_CURVE('',#5305,#5282,#5307,.T.);
#5305 = VERTEX_POINT('',#5306);
#5306 = CARTESIAN_POINT('',(-11.,3.,-5.527796276844E-033));
#5307 = SURFACE_CURVE('',#5308,(#5312,#5319),.PCURVE_S1.);
#5308 = LINE('',#5309,#5310);
#5309 = CARTESIAN_POINT('',(-14.,3.,0.E+000));
#5310 = VECTOR('',#5311,1.);
#5311 = DIRECTION('',(1.,0.E+000,0.E+000));
#5312 = PCURVE('',#4307,#5313);
#5313 = DEFINITIONAL_REPRESENTATION('',(#5314),#5318);
#5314 = LINE('',#5315,#5316);
#5315 = CARTESIAN_POINT('',(-24.8426242211,0.E+000));
#5316 = VECTOR('',#5317,1.);
#5317 = DIRECTION('',(1.,0.E+000));
#5318 = ( GEOMETRIC_REPRESENTATION_CONTEXT(2) 
PARAMETRIC_REPRESENTATION_CONTEXT() REPRESENTATION_CONTEXT('2D SPACE',''
  ) );
#5319 = PCURVE('',#5047,#5320);
#5320 = DEFINITIONAL_REPRESENTATION('',(#5321),#5325);
#5321 = LINE('',#5322,#5323);
#5322 = CARTESIAN_POINT('',(0.E+000,-4.));
#5323 = VECTOR('',#5324,1.);
#5324 = DIRECTION('',(0.E+000,1.));
#5325 = ( GEOMETRIC_REPRESENTATION_CONTEXT(2) 
PARAMETRIC_REPRESENTATION_CONTEXT() REPRESENTATION_CONTEXT('2D SPACE',''
  ) );
#5326 = ORIENTED_EDGE('',*,*,#5327,.T.);
#5327 = EDGE_CURVE('',#5305,#5328,#5330,.T.);
#5328 = VERTEX_POINT('',#5329);
#5329 = CARTESIAN_POINT('',(-11.,-3.,-2.211118510738E-032));
#5330 = SURFACE_CURVE('',#5331,(#5335,#5342),.PCURVE_S1.);
#5331 = LINE('',#5332,#5333);
#5332 = CARTESIAN_POINT('',(-11.,5.,0.E+000));
#5333 = VECTOR('',#5334,1.);
#5334 = DIRECTION('',(-1.224646799147E-016,-1.,-1.781554953814E-031));
#5335 = PCURVE('',#4307,#5336);
#5336 = DEFINITIONAL_REPRESENTATION('',(#5337),#5341);
#5337 = LINE('',#5338,#5339);
#5338 = CARTESIAN_POINT('',(-21.8426242211,2.));
#5339 = VECTOR('',#5340,1.);
#5340 = DIRECTION('',(-1.224646799147E-016,-1.));
#5341 = ( GEOMETRIC_REPRESENTATION_CONTEXT(2) 
PARAMETRIC_REPRESENTATION_CONTEXT() REPRESENTATION_CONTEXT('2D SPACE',''
  ) );
#5342 = PCURVE('',#5343,#5348);
#5343 = PLANE('',#5344);
#5344 = AXIS2_PLACEMENT_3D('',#5345,#5346,#5347);
#5345 = CARTESIAN_POINT('',(-11.,5.,0.E+000));
#5346 = DIRECTION('',(-0.970295726276,1.18826955541E-016,-0.2419218956)
  );
#5347 = DIRECTION('',(-0.2419218956,2.962688750898E-017,0.970295726276)
  );
#5348 = DEFINITIONAL_REPRESENTATION('',(#5349),#5353);
#5349 = LINE('',#5350,#5351);
#5350 = CARTESIAN_POINT('',(0.E+000,0.E+000));
#5351 = VECTOR('',#5352,1.);
#5352 = DIRECTION('',(0.E+000,-1.));
#5353 = ( GEOMETRIC_REPRESENTATION_CONTEXT(2) 
PARAMETRIC_REPRESENTATION_CONTEXT() REPRESENTATION_CONTEXT('2D SPACE',''
  ) );
#5354 = ORIENTED_EDGE('',*,*,#5355,.T.);
#5355 = EDGE_CURVE('',#5328,#5356,#5358,.T.);
#5356 = VERTEX_POINT('',#5357);
#5357 = CARTESIAN_POINT('',(-6.,-3.,0.E+000));
#5358 = SURFACE_CURVE('',#5359,(#5363,#5370),.PCURVE_S1.);
#5359 = LINE('',#5360,#5361);
#5360 = CARTESIAN_POINT('',(-12.,-3.,0.E+000));
#5361 = VECTOR('',#5362,1.);
#5362 = DIRECTION('',(1.,0.E+000,0.E+000));
#5363 = PCURVE('',#4307,#5364);
#5364 = DEFINITIONAL_REPRESENTATION('',(#5365),#5369);
#5365 = LINE('',#5366,#5367);
#5366 = CARTESIAN_POINT('',(-22.8426242211,-6.));
#5367 = VECTOR('',#5368,1.);
#5368 = DIRECTION('',(1.,0.E+000));
#5369 = ( GEOMETRIC_REPRESENTATION_CONTEXT(2) 
PARAMETRIC_REPRESENTATION_CONTEXT() REPRESENTATION_CONTEXT('2D SPACE',''
  ) );
#5370 = PCURVE('',#5102,#5371);
#5371 = DEFINITIONAL_REPRESENTATION('',(#5372),#5376);
#5372 = LINE('',#5373,#5374);
#5373 = CARTESIAN_POINT('',(0.E+000,-2.));
#5374 = VECTOR('',#5375,1.);
#5375 = DIRECTION('',(0.E+000,1.));
#5376 = ( GEOMETRIC_REPRESENTATION_CONTEXT(2) 
PARAMETRIC_REPRESENTATION_CONTEXT() REPRESENTATION_CONTEXT('2D SPACE',''
  ) );
#5377 = ORIENTED_EDGE('',*,*,#5378,.F.);
#5378 = EDGE_CURVE('',#4582,#5356,#5379,.T.);
#5379 = SURFACE_CURVE('',#5380,(#5384,#5391),.PCURVE_S1.);
#5380 = LINE('',#5381,#5382);
#5381 = CARTESIAN_POINT('',(-6.,-4.,0.E+000));
#5382 = VECTOR('',#5383,1.);
#5383 = DIRECTION('',(0.E+000,1.,0.E+000));
#5384 = PCURVE('',#4307,#5385);
#5385 = DEFINITIONAL_REPRESENTATION('',(#5386),#5390);
#5386 = LINE('',#5387,#5388);
#5387 = CARTESIAN_POINT('',(-16.8426242211,-7.));
#5388 = VECTOR('',#5389,1.);
#5389 = DIRECTION('',(0.E+000,1.));
#5390 = ( GEOMETRIC_REPRESENTATION_CONTEXT(2) 
PARAMETRIC_REPRESENTATION_CONTEXT() REPRESENTATION_CONTEXT('2D SPACE',''
  ) );
#5391 = PCURVE('',#4695,#5392);
#5392 = DEFINITIONAL_REPRESENTATION('',(#5393),#5397);
#5393 = LINE('',#5394,#5395);
#5394 = CARTESIAN_POINT('',(0.E+000,0.E+000));
#5395 = VECTOR('',#5396,1.);
#5396 = DIRECTION('',(0.E+000,-1.));
#5397 = ( GEOMETRIC_REPRESENTATION_CONTEXT(2) 
PARAMETRIC_REPRESENTATION_CONTEXT() REPRESENTATION_CONTEXT('2D SPACE',''
  ) );
#5398 = ORIENTED_EDGE('',*,*,#4579,.F.);
#5399 = ORIENTED_EDGE('',*,*,#5400,.T.);
#5400 = EDGE_CURVE('',#4580,#4761,#5401,.T.);
#5401 = SURFACE_CURVE('',#5402,(#5407,#5414),.PCURVE_S1.);
#5402 = CIRCLE('',#5403,11.25);
#5403 = AXIS2_PLACEMENT_3D('',#5404,#5405,#5406);
#5404 = CARTESIAN_POINT('',(0.E+000,0.E+000,0.E+000));
#5405 = DIRECTION('',(0.E+000,0.E+000,1.));
#5406 = DIRECTION('',(1.,0.E+000,0.E+000));
#5407 = PCURVE('',#4307,#5408);
#5408 = DEFINITIONAL_REPRESENTATION('',(#5409),#5413);
#5409 = CIRCLE('',#5410,11.25);
#5410 = AXIS2_PLACEMENT_2D('',#5411,#5412);
#5411 = CARTESIAN_POINT('',(-10.8426242211,-3.));
#5412 = DIRECTION('',(1.,0.E+000));
#5413 = ( GEOMETRIC_REPRESENTATION_CONTEXT(2) 
PARAMETRIC_REPRESENTATION_CONTEXT() REPRESENTATION_CONTEXT('2D SPACE',''
  ) );
#5414 = PCURVE('',#4621,#5415);
#5415 = DEFINITIONAL_REPRESENTATION('',(#5416),#5420);
#5416 = LINE('',#5417,#5418);
#5417 = CARTESIAN_POINT('',(0.E+000,-0.5));
#5418 = VECTOR('',#5419,1.);
#5419 = DIRECTION('',(1.,-0.E+000));
#5420 = ( GEOMETRIC_REPRESENTATION_CONTEXT(2) 
PARAMETRIC_REPRESENTATION_CONTEXT() REPRESENTATION_CONTEXT('2D SPACE',''
  ) );
#5421 = ORIENTED_EDGE('',*,*,#4758,.F.);
#5422 = ORIENTED_EDGE('',*,*,#5423,.T.);
#5423 = EDGE_CURVE('',#4759,#5424,#5426,.T.);
#5424 = VERTEX_POINT('',#5425);
#5425 = CARTESIAN_POINT('',(6.,-3.,0.E+000));
#5426 = SURFACE_CURVE('',#5427,(#5431,#5438),.PCURVE_S1.);
#5427 = LINE('',#5428,#5429);
#5428 = CARTESIAN_POINT('',(6.,-4.,0.E+000));
#5429 = VECTOR('',#5430,1.);
#5430 = DIRECTION('',(0.E+000,1.,0.E+000));
#5431 = PCURVE('',#4307,#5432);
#5432 = DEFINITIONAL_REPRESENTATION('',(#5433),#5437);
#5433 = LINE('',#5434,#5435);
#5434 = CARTESIAN_POINT('',(-4.842624221101,-7.));
#5435 = VECTOR('',#5436,1.);
#5436 = DIRECTION('',(0.E+000,1.));
#5437 = ( GEOMETRIC_REPRESENTATION_CONTEXT(2) 
PARAMETRIC_REPRESENTATION_CONTEXT() REPRESENTATION_CONTEXT('2D SPACE',''
  ) );
#5438 = PCURVE('',#4799,#5439);
#5439 = DEFINITIONAL_REPRESENTATION('',(#5440),#5444);
#5440 = LINE('',#5441,#5442);
#5441 = CARTESIAN_POINT('',(0.E+000,0.E+000));
#5442 = VECTOR('',#5443,1.);
#5443 = DIRECTION('',(0.E+000,-1.));
#5444 = ( GEOMETRIC_REPRESENTATION_CONTEXT(2) 
PARAMETRIC_REPRESENTATION_CONTEXT() REPRESENTATION_CONTEXT('2D SPACE',''
  ) );
#5445 = ORIENTED_EDGE('',*,*,#5446,.T.);
#5446 = EDGE_CURVE('',#5424,#5184,#5447,.T.);
#5447 = SURFACE_CURVE('',#5448,(#5452,#5459),.PCURVE_S1.);
#5448 = LINE('',#5449,#5450);
#5449 = CARTESIAN_POINT('',(10.,-3.,0.E+000));
#5450 = VECTOR('',#5451,1.);
#5451 = DIRECTION('',(1.,0.E+000,0.E+000));
#5452 = PCURVE('',#4307,#5453);
#5453 = DEFINITIONAL_REPRESENTATION('',(#5454),#5458);
#5454 = LINE('',#5455,#5456);
#5455 = CARTESIAN_POINT('',(-0.842624221101,-6.));
#5456 = VECTOR('',#5457,1.);
#5457 = DIRECTION('',(1.,0.E+000));
#5458 = ( GEOMETRIC_REPRESENTATION_CONTEXT(2) 
PARAMETRIC_REPRESENTATION_CONTEXT() REPRESENTATION_CONTEXT('2D SPACE',''
  ) );
#5459 = PCURVE('',#5169,#5460);
#5460 = DEFINITIONAL_REPRESENTATION('',(#5461),#5465);
#5461 = LINE('',#5462,#5463);
#5462 = CARTESIAN_POINT('',(14.,-1.360567767502));
#5463 = VECTOR('',#5464,1.);
#5464 = DIRECTION('',(0.E+000,1.));
#5465 = ( GEOMETRIC_REPRESENTATION_CONTEXT(2) 
PARAMETRIC_REPRESENTATION_CONTEXT() REPRESENTATION_CONTEXT('2D SPACE',''
  ) );
#5466 = ADVANCED_FACE('',(#5467),#4404,.T.);
#5467 = FACE_BOUND('',#5468,.F.);
#5468 = EDGE_LOOP('',(#5469,#5470,#5471,#5472));
#5469 = ORIENTED_EDGE('',*,*,#4389,.T.);
#5470 = ORIENTED_EDGE('',*,*,#4426,.T.);
#5471 = ORIENTED_EDGE('',*,*,#4498,.T.);
#5472 = ORIENTED_EDGE('',*,*,#5258,.F.);
#5473 = ADVANCED_FACE('',(#5474),#4335,.T.);
#5474 = FACE_BOUND('',#5475,.T.);
#5475 = EDGE_LOOP('',(#5476,#5477,#5478,#5499));
#5476 = ORIENTED_EDGE('',*,*,#4319,.T.);
#5477 = ORIENTED_EDGE('',*,*,#4989,.T.);
#5478 = ORIENTED_EDGE('',*,*,#5479,.F.);
#5479 = EDGE_CURVE('',#5214,#4964,#5480,.T.);
#5480 = SURFACE_CURVE('',#5481,(#5485,#5492),.PCURVE_S1.);
#5481 = LINE('',#5482,#5483);
#5482 = CARTESIAN_POINT('',(6.,3.,0.E+000));
#5483 = VECTOR('',#5484,1.);
#5484 = DIRECTION('',(0.E+000,0.E+000,1.));
#5485 = PCURVE('',#4335,#5486);
#5486 = DEFINITIONAL_REPRESENTATION('',(#5487),#5491);
#5487 = LINE('',#5488,#5489);
#5488 = CARTESIAN_POINT('',(0.E+000,-7.));
#5489 = VECTOR('',#5490,1.);
#5490 = DIRECTION('',(1.,0.E+000));
#5491 = ( GEOMETRIC_REPRESENTATION_CONTEXT(2) 
PARAMETRIC_REPRESENTATION_CONTEXT() REPRESENTATION_CONTEXT('2D SPACE',''
  ) );
#5492 = PCURVE('',#4978,#5493);
#5493 = DEFINITIONAL_REPRESENTATION('',(#5494),#5498);
#5494 = LINE('',#5495,#5496);
#5495 = CARTESIAN_POINT('',(0.E+000,-4.842624221101));
#5496 = VECTOR('',#5497,1.);
#5497 = DIRECTION('',(1.,0.E+000));
#5498 = ( GEOMETRIC_REPRESENTATION_CONTEXT(2) 
PARAMETRIC_REPRESENTATION_CONTEXT() REPRESENTATION_CONTEXT('2D SPACE',''
  ) );
#5499 = ORIENTED_EDGE('',*,*,#5236,.T.);
#5500 = ADVANCED_FACE('',(#5501),#4564,.F.);
#5501 = FACE_BOUND('',#5502,.F.);
#5502 = EDGE_LOOP('',(#5503,#5504,#5505,#5526));
#5503 = ORIENTED_EDGE('',*,*,#4550,.T.);
#5504 = ORIENTED_EDGE('',*,*,#5011,.T.);
#5505 = ORIENTED_EDGE('',*,*,#5506,.F.);
#5506 = EDGE_CURVE('',#5282,#5012,#5507,.T.);
#5507 = SURFACE_CURVE('',#5508,(#5512,#5519),.PCURVE_S1.);
#5508 = LINE('',#5509,#5510);
#5509 = CARTESIAN_POINT('',(-6.,3.,0.E+000));
#5510 = VECTOR('',#5511,1.);
#5511 = DIRECTION('',(0.E+000,0.E+000,1.));
#5512 = PCURVE('',#4564,#5513);
#5513 = DEFINITIONAL_REPRESENTATION('',(#5514),#5518);
#5514 = LINE('',#5515,#5516);
#5515 = CARTESIAN_POINT('',(0.E+000,-7.));
#5516 = VECTOR('',#5517,1.);
#5517 = DIRECTION('',(1.,0.E+000));
#5518 = ( GEOMETRIC_REPRESENTATION_CONTEXT(2) 
PARAMETRIC_REPRESENTATION_CONTEXT() REPRESENTATION_CONTEXT('2D SPACE',''
  ) );
#5519 = PCURVE('',#5047,#5520);
#5520 = DEFINITIONAL_REPRESENTATION('',(#5521),#5525);
#5521 = LINE('',#5522,#5523);
#5522 = CARTESIAN_POINT('',(0.E+000,4.));
#5523 = VECTOR('',#5524,1.);
#5524 = DIRECTION('',(1.,0.E+000));
#5525 = ( GEOMETRIC_REPRESENTATION_CONTEXT(2) 
PARAMETRIC_REPRESENTATION_CONTEXT() REPRESENTATION_CONTEXT('2D SPACE',''
  ) );
#5526 = ORIENTED_EDGE('',*,*,#5281,.T.);
#5527 = ADVANCED_FACE('',(#5528),#4695,.F.);
#5528 = FACE_BOUND('',#5529,.F.);
#5529 = EDGE_LOOP('',(#5530,#5531,#5532,#5533));
#5530 = ORIENTED_EDGE('',*,*,#5113,.T.);
#5531 = ORIENTED_EDGE('',*,*,#4681,.F.);
#5532 = ORIENTED_EDGE('',*,*,#5378,.T.);
#5533 = ORIENTED_EDGE('',*,*,#5534,.T.);
#5534 = EDGE_CURVE('',#5356,#5088,#5535,.T.);
#5535 = SURFACE_CURVE('',#5536,(#5540,#5547),.PCURVE_S1.);
#5536 = LINE('',#5537,#5538);
#5537 = CARTESIAN_POINT('',(-6.,-3.,0.E+000));
#5538 = VECTOR('',#5539,1.);
#5539 = DIRECTION('',(0.E+000,0.E+000,1.));
#5540 = PCURVE('',#4695,#5541);
#5541 = DEFINITIONAL_REPRESENTATION('',(#5542),#5546);
#5542 = LINE('',#5543,#5544);
#5543 = CARTESIAN_POINT('',(0.E+000,-1.));
#5544 = VECTOR('',#5545,1.);
#5545 = DIRECTION('',(1.,0.E+000));
#5546 = ( GEOMETRIC_REPRESENTATION_CONTEXT(2) 
PARAMETRIC_REPRESENTATION_CONTEXT() REPRESENTATION_CONTEXT('2D SPACE',''
  ) );
#5547 = PCURVE('',#5102,#5548);
#5548 = DEFINITIONAL_REPRESENTATION('',(#5549),#5553);
#5549 = LINE('',#5550,#5551);
#5550 = CARTESIAN_POINT('',(0.E+000,4.));
#5551 = VECTOR('',#5552,1.);
#5552 = DIRECTION('',(1.,0.E+000));
#5553 = ( GEOMETRIC_REPRESENTATION_CONTEXT(2) 
PARAMETRIC_REPRESENTATION_CONTEXT() REPRESENTATION_CONTEXT('2D SPACE',''
  ) );
#5554 = ADVANCED_FACE('',(#5555),#4621,.T.);
#5555 = FACE_BOUND('',#5556,.F.);
#5556 = EDGE_LOOP('',(#5557,#5558,#5559,#5560));
#5557 = ORIENTED_EDGE('',*,*,#4710,.T.);
#5558 = ORIENTED_EDGE('',*,*,#4833,.F.);
#5559 = ORIENTED_EDGE('',*,*,#5400,.F.);
#5560 = ORIENTED_EDGE('',*,*,#4604,.F.);
#5561 = ADVANCED_FACE('',(#5562),#4799,.T.);
#5562 = FACE_BOUND('',#5563,.T.);
#5563 = EDGE_LOOP('',(#5564,#5565,#5566,#5567));
#5564 = ORIENTED_EDGE('',*,*,#5135,.T.);
#5565 = ORIENTED_EDGE('',*,*,#4783,.F.);
#5566 = ORIENTED_EDGE('',*,*,#5423,.T.);
#5567 = ORIENTED_EDGE('',*,*,#5568,.T.);
#5568 = EDGE_CURVE('',#5424,#5136,#5569,.T.);
#5569 = SURFACE_CURVE('',#5570,(#5574,#5581),.PCURVE_S1.);
#5570 = LINE('',#5571,#5572);
#5571 = CARTESIAN_POINT('',(6.,-3.,0.E+000));
#5572 = VECTOR('',#5573,1.);
#5573 = DIRECTION('',(0.E+000,0.E+000,1.));
#5574 = PCURVE('',#4799,#5575);
#5575 = DEFINITIONAL_REPRESENTATION('',(#5576),#5580);
#5576 = LINE('',#5577,#5578);
#5577 = CARTESIAN_POINT('',(0.E+000,-1.));
#5578 = VECTOR('',#5579,1.);
#5579 = DIRECTION('',(1.,0.E+000));
#5580 = ( GEOMETRIC_REPRESENTATION_CONTEXT(2) 
PARAMETRIC_REPRESENTATION_CONTEXT() REPRESENTATION_CONTEXT('2D SPACE',''
  ) );
#5581 = PCURVE('',#5169,#5582);
#5582 = DEFINITIONAL_REPRESENTATION('',(#5583),#5587);
#5583 = LINE('',#5584,#5585);
#5584 = CARTESIAN_POINT('',(14.,-5.360567767502));
#5585 = VECTOR('',#5586,1.);
#5586 = DIRECTION('',(-1.,0.E+000));
#5587 = ( GEOMETRIC_REPRESENTATION_CONTEXT(2) 
PARAMETRIC_REPRESENTATION_CONTEXT() REPRESENTATION_CONTEXT('2D SPACE',''
  ) );
#5588 = ADVANCED_FACE('',(#5589),#5169,.T.);
#5589 = FACE_BOUND('',#5590,.T.);
#5590 = EDGE_LOOP('',(#5591,#5621,#5663,#5664,#5665,#5666,#5687,#5736,
    #5762,#5811,#5837));
#5591 = ORIENTED_EDGE('',*,*,#5592,.F.);
#5592 = EDGE_CURVE('',#5593,#5595,#5597,.T.);
#5593 = VERTEX_POINT('',#5594);
#5594 = CARTESIAN_POINT('',(9.198131603755,-3.,14.));
#5595 = VERTEX_POINT('',#5596);
#5596 = CARTESIAN_POINT('',(11.618950038622,-3.,14.));
#5597 = SURFACE_CURVE('',#5598,(#5602,#5609),.PCURVE_S1.);
#5598 = LINE('',#5599,#5600);
#5599 = CARTESIAN_POINT('',(6.,-3.,14.));
#5600 = VECTOR('',#5601,1.);
#5601 = DIRECTION('',(1.,0.E+000,0.E+000));
#5602 = PCURVE('',#5169,#5603);
#5603 = DEFINITIONAL_REPRESENTATION('',(#5604),#5608);
#5604 = LINE('',#5605,#5606);
#5605 = CARTESIAN_POINT('',(0.E+000,-5.360567767502));
#5606 = VECTOR('',#5607,1.);
#5607 = DIRECTION('',(0.E+000,1.));
#5608 = ( GEOMETRIC_REPRESENTATION_CONTEXT(2) 
PARAMETRIC_REPRESENTATION_CONTEXT() REPRESENTATION_CONTEXT('2D SPACE',''
  ) );
#5609 = PCURVE('',#5610,#5615);
#5610 = PLANE('',#5611);
#5611 = AXIS2_PLACEMENT_3D('',#5612,#5613,#5614);
#5612 = CARTESIAN_POINT('',(11.360567767502,3.,14.));
#5613 = DIRECTION('',(0.E+000,0.E+000,1.));
#5614 = DIRECTION('',(1.,0.E+000,0.E+000));
#5615 = DEFINITIONAL_REPRESENTATION('',(#5616),#5620);
#5616 = LINE('',#5617,#5618);
#5617 = CARTESIAN_POINT('',(-5.360567767502,-6.));
#5618 = VECTOR('',#5619,1.);
#5619 = DIRECTION('',(1.,0.E+000));
#5620 = ( GEOMETRIC_REPRESENTATION_CONTEXT(2) 
PARAMETRIC_REPRESENTATION_CONTEXT() REPRESENTATION_CONTEXT('2D SPACE',''
  ) );
#5621 = ORIENTED_EDGE('',*,*,#5622,.F.);
#5622 = EDGE_CURVE('',#4865,#5593,#5623,.T.);
#5623 = SURFACE_CURVE('',#5624,(#5628,#5634),.PCURVE_S1.);
#5624 = LINE('',#5625,#5626);
#5625 = CARTESIAN_POINT('',(9.198131603755,-3.,3.));
#5626 = VECTOR('',#5627,1.);
#5627 = DIRECTION('',(0.E+000,0.E+000,1.));
#5628 = PCURVE('',#5169,#5629);
#5629 = DEFINITIONAL_REPRESENTATION('',(#5630),#5633);
#5630 = B_SPLINE_CURVE_WITH_KNOTS('',1,(#5631,#5632),.UNSPECIFIED.,.F.,
  .F.,(2,2),(-3.999999997895E-007,12.4),.PIECEWISE_BEZIER_KNOTS.);
#5631 = CARTESIAN_POINT('',(11.0000004,-2.162436163747));
#5632 = CARTESIAN_POINT('',(-1.4,-2.162436163747));
#5633 = ( GEOMETRIC_REPRESENTATION_CONTEXT(2) 
PARAMETRIC_REPRESENTATION_CONTEXT() REPRESENTATION_CONTEXT('2D SPACE',''
  ) );
#5634 = PCURVE('',#4883,#5635);
#5635 = DEFINITIONAL_REPRESENTATION('',(#5636),#5662);
#5636 = B_SPLINE_CURVE_WITH_KNOTS('',3,(#5637,#5638,#5639,#5640,#5641,
    #5642,#5643,#5644,#5645,#5646,#5647,#5648,#5649,#5650,#5651,#5652,
    #5653,#5654,#5655,#5656,#5657,#5658,#5659,#5660,#5661),
  .UNSPECIFIED.,.F.,.F.,(4,1,1,1,1,1,1,1,1,1,1,1,1,1,1,1,1,1,1,1,1,1,4),
  (0.E+000,0.5,1.,1.5,2.,2.5,3.,3.5,4.,4.5,5.,5.5,6.,6.5,7.,7.5,8.,8.5,
    9.,9.5,10.,10.5,11.),.QUASI_UNIFORM_KNOTS.);
#5637 = CARTESIAN_POINT('',(5.967910737524,0.E+000));
#5638 = CARTESIAN_POINT('',(5.967910737524,0.166666666667));
#5639 = CARTESIAN_POINT('',(5.967910737524,0.5));
#5640 = CARTESIAN_POINT('',(5.967910737524,1.));
#5641 = CARTESIAN_POINT('',(5.967910737524,1.5));
#5642 = CARTESIAN_POINT('',(5.967910737524,2.));
#5643 = CARTESIAN_POINT('',(5.967910737524,2.5));
#5644 = CARTESIAN_POINT('',(5.967910737524,3.));
#5645 = CARTESIAN_POINT('',(5.967910737524,3.5));
#5646 = CARTESIAN_POINT('',(5.967910737524,4.));
#5647 = CARTESIAN_POINT('',(5.967910737524,4.5));
#5648 = CARTESIAN_POINT('',(5.967910737524,5.));
#5649 = CARTESIAN_POINT('',(5.967910737524,5.5));
#5650 = CARTESIAN_POINT('',(5.967910737524,6.));
#5651 = CARTESIAN_POINT('',(5.967910737524,6.5));
#5652 = CARTESIAN_POINT('',(5.967910737524,7.));
#5653 = CARTESIAN_POINT('',(5.967910737524,7.5));
#5654 = CARTESIAN_POINT('',(5.967910737524,8.));
#5655 = CARTESIAN_POINT('',(5.967910737524,8.5));
#5656 = CARTESIAN_POINT('',(5.967910737524,9.));
#5657 = CARTESIAN_POINT('',(5.967910737524,9.5));
#5658 = CARTESIAN_POINT('',(5.967910737524,10.));
#5659 = CARTESIAN_POINT('',(5.967910737524,10.5));
#5660 = CARTESIAN_POINT('',(5.967910737524,10.833333333333));
#5661 = CARTESIAN_POINT('',(5.967910737524,11.));
#5662 = ( GEOMETRIC_REPRESENTATION_CONTEXT(2) 
PARAMETRIC_REPRESENTATION_CONTEXT() REPRESENTATION_CONTEXT('2D SPACE',''
  ) );
#5663 = ORIENTED_EDGE('',*,*,#5156,.T.);
#5664 = ORIENTED_EDGE('',*,*,#5568,.F.);
#5665 = ORIENTED_EDGE('',*,*,#5446,.T.);
#5666 = ORIENTED_EDGE('',*,*,#5667,.T.);
#5667 = EDGE_CURVE('',#5184,#5668,#5670,.T.);
#5668 = VERTEX_POINT('',#5669);
#5669 = CARTESIAN_POINT('',(13.674794331177,-3.,10.728014104616));
#5670 = SURFACE_CURVE('',#5671,(#5675,#5681),.PCURVE_S1.);
#5671 = LINE('',#5672,#5673);
#5672 = CARTESIAN_POINT('',(12.653701801032,-3.,6.632635653331));
#5673 = VECTOR('',#5674,1.);
#5674 = DIRECTION('',(0.2419218956,0.E+000,0.970295726276));
#5675 = PCURVE('',#5169,#5676);
#5676 = DEFINITIONAL_REPRESENTATION('',(#5677),#5680);
#5677 = B_SPLINE_CURVE_WITH_KNOTS('',1,(#5678,#5679),.UNSPECIFIED.,.F.,
  .F.,(2,2),(-8.278543783925,8.871864176032),.PIECEWISE_BEZIER_KNOTS.);
#5678 = CARTESIAN_POINT('',(15.4,-0.709626971482));
#5679 = CARTESIAN_POINT('',(-1.240967547436,3.439432232498));
#5680 = ( GEOMETRIC_REPRESENTATION_CONTEXT(2) 
PARAMETRIC_REPRESENTATION_CONTEXT() REPRESENTATION_CONTEXT('2D SPACE',''
  ) );
#5681 = PCURVE('',#5201,#5682);
#5682 = DEFINITIONAL_REPRESENTATION('',(#5683),#5686);
#5683 = B_SPLINE_CURVE_WITH_KNOTS('',1,(#5684,#5685),.UNSPECIFIED.,.F.,
  .F.,(2,2),(-8.278543783925,8.871864176032),.PIECEWISE_BEZIER_KNOTS.);
#5684 = CARTESIAN_POINT('',(-1.44285908109,-2.));
#5685 = CARTESIAN_POINT('',(15.707548878867,-2.));
#5686 = ( GEOMETRIC_REPRESENTATION_CONTEXT(2) 
PARAMETRIC_REPRESENTATION_CONTEXT() REPRESENTATION_CONTEXT('2D SPACE',''
  ) );
#5687 = ORIENTED_EDGE('',*,*,#5688,.T.);
#5688 = EDGE_CURVE('',#5668,#5689,#5691,.T.);
#5689 = VERTEX_POINT('',#5690);
#5690 = CARTESIAN_POINT('',(13.674794331177,-3.,12.));
#5691 = SURFACE_CURVE('',#5692,(#5696,#5702),.PCURVE_S1.);
#5692 = LINE('',#5693,#5694);
#5693 = CARTESIAN_POINT('',(13.674794331177,-3.,1.));
#5694 = VECTOR('',#5695,1.);
#5695 = DIRECTION('',(0.E+000,0.E+000,1.));
#5696 = PCURVE('',#5169,#5697);
#5697 = DEFINITIONAL_REPRESENTATION('',(#5698),#5701);
#5698 = B_SPLINE_CURVE_WITH_KNOTS('',1,(#5699,#5700),.UNSPECIFIED.,.F.,
  .F.,(2,2),(-4.000000000115E-007,11.0000004),.PIECEWISE_BEZIER_KNOTS.);
#5699 = CARTESIAN_POINT('',(13.0000004,2.314226563676));
#5700 = CARTESIAN_POINT('',(1.9999996,2.314226563676));
#5701 = ( GEOMETRIC_REPRESENTATION_CONTEXT(2) 
PARAMETRIC_REPRESENTATION_CONTEXT() REPRESENTATION_CONTEXT('2D SPACE',''
  ) );
#5702 = PCURVE('',#5703,#5708);
#5703 = CYLINDRICAL_SURFACE('',#5704,14.);
#5704 = AXIS2_PLACEMENT_3D('',#5705,#5706,#5707);
#5705 = CARTESIAN_POINT('',(0.E+000,0.E+000,1.));
#5706 = DIRECTION('',(0.E+000,0.E+000,1.));
#5707 = DIRECTION('',(1.,0.E+000,0.E+000));
#5708 = DEFINITIONAL_REPRESENTATION('',(#5709),#5735);
#5709 = B_SPLINE_CURVE_WITH_KNOTS('',3,(#5710,#5711,#5712,#5713,#5714,
    #5715,#5716,#5717,#5718,#5719,#5720,#5721,#5722,#5723,#5724,#5725,
    #5726,#5727,#5728,#5729,#5730,#5731,#5732,#5733,#5734),
  .UNSPECIFIED.,.F.,.F.,(4,1,1,1,1,1,1,1,1,1,1,1,1,1,1,1,1,1,1,1,1,1,4),
  (0.E+000,0.5,1.,1.5,2.,2.5,3.,3.5,4.,4.5,5.,5.5,6.,6.5,7.,7.5,8.,8.5,
    9.,9.5,10.,10.5,11.),.QUASI_UNIFORM_KNOTS.);
#5710 = CARTESIAN_POINT('',(6.067224808495,0.E+000));
#5711 = CARTESIAN_POINT('',(6.067224808495,0.166666666667));
#5712 = CARTESIAN_POINT('',(6.067224808495,0.5));
#5713 = CARTESIAN_POINT('',(6.067224808495,1.));
#5714 = CARTESIAN_POINT('',(6.067224808495,1.5));
#5715 = CARTESIAN_POINT('',(6.067224808495,2.));
#5716 = CARTESIAN_POINT('',(6.067224808495,2.5));
#5717 = CARTESIAN_POINT('',(6.067224808495,3.));
#5718 = CARTESIAN_POINT('',(6.067224808495,3.5));
#5719 = CARTESIAN_POINT('',(6.067224808495,4.));
#5720 = CARTESIAN_POINT('',(6.067224808495,4.5));
#5721 = CARTESIAN_POINT('',(6.067224808495,5.));
#5722 = CARTESIAN_POINT('',(6.067224808495,5.5));
#5723 = CARTESIAN_POINT('',(6.067224808495,6.));
#5724 = CARTESIAN_POINT('',(6.067224808495,6.5));
#5725 = CARTESIAN_POINT('',(6.067224808495,7.));
#5726 = CARTESIAN_POINT('',(6.067224808495,7.5));
#5727 = CARTESIAN_POINT('',(6.067224808495,8.));
#5728 = CARTESIAN_POINT('',(6.067224808495,8.5));
#5729 = CARTESIAN_POINT('',(6.067224808495,9.));
#5730 = CARTESIAN_POINT('',(6.067224808495,9.5));
#5731 = CARTESIAN_POINT('',(6.067224808495,10.));
#5732 = CARTESIAN_POINT('',(6.067224808495,10.5));
#5733 = CARTESIAN_POINT('',(6.067224808495,10.833333333333));
#5734 = CARTESIAN_POINT('',(6.067224808495,11.));
#5735 = ( GEOMETRIC_REPRESENTATION_CONTEXT(2) 
PARAMETRIC_REPRESENTATION_CONTEXT() REPRESENTATION_CONTEXT('2D SPACE',''
  ) );
#5736 = ORIENTED_EDGE('',*,*,#5737,.T.);
#5737 = EDGE_CURVE('',#5689,#5738,#5740,.T.);
#5738 = VERTEX_POINT('',#5739);
#5739 = CARTESIAN_POINT('',(12.649110640674,-3.,12.));
#5740 = SURFACE_CURVE('',#5741,(#5745,#5751),.PCURVE_S1.);
#5741 = LINE('',#5742,#5743);
#5742 = CARTESIAN_POINT('',(5.680283883751,-3.,12.));
#5743 = VECTOR('',#5744,1.);
#5744 = DIRECTION('',(-1.,0.E+000,0.E+000));
#5745 = PCURVE('',#5169,#5746);
#5746 = DEFINITIONAL_REPRESENTATION('',(#5747),#5750);
#5747 = B_SPLINE_CURVE_WITH_KNOTS('',1,(#5748,#5749),.UNSPECIFIED.,.F.,
  .F.,(2,2),(-9.119716116249,0.480283883751),.PIECEWISE_BEZIER_KNOTS.);
#5748 = CARTESIAN_POINT('',(2.,3.439432232498));
#5749 = CARTESIAN_POINT('',(2.,-6.160567767502));
#5750 = ( GEOMETRIC_REPRESENTATION_CONTEXT(2) 
PARAMETRIC_REPRESENTATION_CONTEXT() REPRESENTATION_CONTEXT('2D SPACE',''
  ) );
#5751 = PCURVE('',#5752,#5757);
#5752 = PLANE('',#5753);
#5753 = AXIS2_PLACEMENT_3D('',#5754,#5755,#5756);
#5754 = CARTESIAN_POINT('',(0.E+000,0.E+000,12.));
#5755 = DIRECTION('',(0.E+000,0.E+000,1.));
#5756 = DIRECTION('',(1.,0.E+000,0.E+000));
#5757 = DEFINITIONAL_REPRESENTATION('',(#5758),#5761);
#5758 = B_SPLINE_CURVE_WITH_KNOTS('',1,(#5759,#5760),.UNSPECIFIED.,.F.,
  .F.,(2,2),(-9.119716116249,0.480283883751),.PIECEWISE_BEZIER_KNOTS.);
#5759 = CARTESIAN_POINT('',(14.8,-3.));
#5760 = CARTESIAN_POINT('',(5.2,-3.));
#5761 = ( GEOMETRIC_REPRESENTATION_CONTEXT(2) 
PARAMETRIC_REPRESENTATION_CONTEXT() REPRESENTATION_CONTEXT('2D SPACE',''
  ) );
#5762 = ORIENTED_EDGE('',*,*,#5763,.T.);
#5763 = EDGE_CURVE('',#5738,#5764,#5766,.T.);
#5764 = VERTEX_POINT('',#5765);
#5765 = CARTESIAN_POINT('',(12.649110640674,-3.,13.));
#5766 = SURFACE_CURVE('',#5767,(#5771,#5777),.PCURVE_S1.);
#5767 = LINE('',#5768,#5769);
#5768 = CARTESIAN_POINT('',(12.649110640674,-3.,11.));
#5769 = VECTOR('',#5770,1.);
#5770 = DIRECTION('',(0.E+000,0.E+000,1.));
#5771 = PCURVE('',#5169,#5772);
#5772 = DEFINITIONAL_REPRESENTATION('',(#5773),#5776);
#5773 = B_SPLINE_CURVE_WITH_KNOTS('',1,(#5774,#5775),.UNSPECIFIED.,.F.,
  .F.,(2,2),(0.9999996,2.0000004),.PIECEWISE_BEZIER_KNOTS.);
#5774 = CARTESIAN_POINT('',(2.0000004,1.288542873172));
#5775 = CARTESIAN_POINT('',(0.9999996,1.288542873172));
#5776 = ( GEOMETRIC_REPRESENTATION_CONTEXT(2) 
PARAMETRIC_REPRESENTATION_CONTEXT() REPRESENTATION_CONTEXT('2D SPACE',''
  ) );
#5777 = PCURVE('',#5778,#5783);
#5778 = CYLINDRICAL_SURFACE('',#5779,13.);
#5779 = AXIS2_PLACEMENT_3D('',#5780,#5781,#5782);
#5780 = CARTESIAN_POINT('',(0.E+000,0.E+000,11.));
#5781 = DIRECTION('',(0.E+000,0.E+000,1.));
#5782 = DIRECTION('',(1.,0.E+000,0.E+000));
#5783 = DEFINITIONAL_REPRESENTATION('',(#5784),#5810);
#5784 = B_SPLINE_CURVE_WITH_KNOTS('',3,(#5785,#5786,#5787,#5788,#5789,
    #5790,#5791,#5792,#5793,#5794,#5795,#5796,#5797,#5798,#5799,#5800,
    #5801,#5802,#5803,#5804,#5805,#5806,#5807,#5808,#5809),
  .UNSPECIFIED.,.F.,.F.,(4,1,1,1,1,1,1,1,1,1,1,1,1,1,1,1,1,1,1,1,1,1,4),
  (1.,1.045454545455,1.090909090909,1.136363636364,1.181818181818,
    1.227272727273,1.272727272727,1.318181818182,1.363636363636,
    1.409090909091,1.454545454545,1.5,1.545454545455,1.590909090909,
    1.636363636364,1.681818181818,1.727272727273,1.772727272727,
    1.818181818182,1.863636363636,1.909090909091,1.954545454545,2.),
  .QUASI_UNIFORM_KNOTS.);
#5785 = CARTESIAN_POINT('',(6.050317128922,1.));
#5786 = CARTESIAN_POINT('',(6.050317128922,1.015151515152));
#5787 = CARTESIAN_POINT('',(6.050317128922,1.045454545455));
#5788 = CARTESIAN_POINT('',(6.050317128922,1.090909090909));
#5789 = CARTESIAN_POINT('',(6.050317128922,1.136363636364));
#5790 = CARTESIAN_POINT('',(6.050317128922,1.181818181818));
#5791 = CARTESIAN_POINT('',(6.050317128922,1.227272727273));
#5792 = CARTESIAN_POINT('',(6.050317128922,1.272727272727));
#5793 = CARTESIAN_POINT('',(6.050317128922,1.318181818182));
#5794 = CARTESIAN_POINT('',(6.050317128922,1.363636363636));
#5795 = CARTESIAN_POINT('',(6.050317128922,1.409090909091));
#5796 = CARTESIAN_POINT('',(6.050317128922,1.454545454545));
#5797 = CARTESIAN_POINT('',(6.050317128922,1.5));
#5798 = CARTESIAN_POINT('',(6.050317128922,1.545454545455));
#5799 = CARTESIAN_POINT('',(6.050317128922,1.590909090909));
#5800 = CARTESIAN_POINT('',(6.050317128922,1.636363636364));
#5801 = CARTESIAN_POINT('',(6.050317128922,1.681818181818));
#5802 = CARTESIAN_POINT('',(6.050317128922,1.727272727273));
#5803 = CARTESIAN_POINT('',(6.050317128922,1.772727272727));
#5804 = CARTESIAN_POINT('',(6.050317128922,1.818181818182));
#5805 = CARTESIAN_POINT('',(6.050317128922,1.863636363636));
#5806 = CARTESIAN_POINT('',(6.050317128922,1.909090909091));
#5807 = CARTESIAN_POINT('',(6.050317128922,1.954545454545));
#5808 = CARTESIAN_POINT('',(6.050317128922,1.984848484848));
#5809 = CARTESIAN_POINT('',(6.050317128922,2.));
#5810 = ( GEOMETRIC_REPRESENTATION_CONTEXT(2) 
PARAMETRIC_REPRESENTATION_CONTEXT() REPRESENTATION_CONTEXT('2D SPACE',''
  ) );
#5811 = ORIENTED_EDGE('',*,*,#5812,.T.);
#5812 = EDGE_CURVE('',#5764,#5813,#5815,.T.);
#5813 = VERTEX_POINT('',#5814);
#5814 = CARTESIAN_POINT('',(11.618950038622,-3.,13.));
#5815 = SURFACE_CURVE('',#5816,(#5820,#5826),.PCURVE_S1.);
#5816 = LINE('',#5817,#5818);
#5817 = CARTESIAN_POINT('',(5.680283883751,-3.,13.));
#5818 = VECTOR('',#5819,1.);
#5819 = DIRECTION('',(-1.,0.E+000,0.E+000));
#5820 = PCURVE('',#5169,#5821);
#5821 = DEFINITIONAL_REPRESENTATION('',(#5822),#5825);
#5822 = B_SPLINE_CURVE_WITH_KNOTS('',1,(#5823,#5824),.UNSPECIFIED.,.F.,
  .F.,(2,2),(-9.119716116249,0.480283883751),.PIECEWISE_BEZIER_KNOTS.);
#5823 = CARTESIAN_POINT('',(1.,3.439432232498));
#5824 = CARTESIAN_POINT('',(1.,-6.160567767502));
#5825 = ( GEOMETRIC_REPRESENTATION_CONTEXT(2) 
PARAMETRIC_REPRESENTATION_CONTEXT() REPRESENTATION_CONTEXT('2D SPACE',''
  ) );
#5826 = PCURVE('',#5827,#5832);
#5827 = PLANE('',#5828);
#5828 = AXIS2_PLACEMENT_3D('',#5829,#5830,#5831);
#5829 = CARTESIAN_POINT('',(0.E+000,0.E+000,13.));
#5830 = DIRECTION('',(0.E+000,0.E+000,1.));
#5831 = DIRECTION('',(1.,0.E+000,0.E+000));
#5832 = DEFINITIONAL_REPRESENTATION('',(#5833),#5836);
#5833 = B_SPLINE_CURVE_WITH_KNOTS('',1,(#5834,#5835),.UNSPECIFIED.,.F.,
  .F.,(2,2),(-9.119716116249,0.480283883751),.PIECEWISE_BEZIER_KNOTS.);
#5834 = CARTESIAN_POINT('',(14.8,-3.));
#5835 = CARTESIAN_POINT('',(5.2,-3.));
#5836 = ( GEOMETRIC_REPRESENTATION_CONTEXT(2) 
PARAMETRIC_REPRESENTATION_CONTEXT() REPRESENTATION_CONTEXT('2D SPACE',''
  ) );
#5837 = ORIENTED_EDGE('',*,*,#5838,.T.);
#5838 = EDGE_CURVE('',#5813,#5595,#5839,.T.);
#5839 = SURFACE_CURVE('',#5840,(#5844,#5850),.PCURVE_S1.);
#5840 = LINE('',#5841,#5842);
#5841 = CARTESIAN_POINT('',(11.618950038622,-3.,11.));
#5842 = VECTOR('',#5843,1.);
#5843 = DIRECTION('',(0.E+000,0.E+000,1.));
#5844 = PCURVE('',#5169,#5845);
#5845 = DEFINITIONAL_REPRESENTATION('',(#5846),#5849);
#5846 = B_SPLINE_CURVE_WITH_KNOTS('',1,(#5847,#5848),.UNSPECIFIED.,.F.,
  .F.,(2,2),(2.,4.),.PIECEWISE_BEZIER_KNOTS.);
#5847 = CARTESIAN_POINT('',(1.,0.25838227112));
#5848 = CARTESIAN_POINT('',(-1.,0.25838227112));
#5849 = ( GEOMETRIC_REPRESENTATION_CONTEXT(2) 
PARAMETRIC_REPRESENTATION_CONTEXT() REPRESENTATION_CONTEXT('2D SPACE',''
  ) );
#5850 = PCURVE('',#5851,#5856);
#5851 = CYLINDRICAL_SURFACE('',#5852,12.);
#5852 = AXIS2_PLACEMENT_3D('',#5853,#5854,#5855);
#5853 = CARTESIAN_POINT('',(0.E+000,0.E+000,11.));
#5854 = DIRECTION('',(0.E+000,0.E+000,1.));
#5855 = DIRECTION('',(1.,0.E+000,0.E+000));
#5856 = DEFINITIONAL_REPRESENTATION('',(#5857),#5860);
#5857 = B_SPLINE_CURVE_WITH_KNOTS('',1,(#5858,#5859),.UNSPECIFIED.,.F.,
  .F.,(2,2),(2.,4.),.PIECEWISE_BEZIER_KNOTS.);
#5858 = CARTESIAN_POINT('',(6.030505052038,2.));
#5859 = CARTESIAN_POINT('',(6.030505052038,4.));
#5860 = ( GEOMETRIC_REPRESENTATION_CONTEXT(2) 
PARAMETRIC_REPRESENTATION_CONTEXT() REPRESENTATION_CONTEXT('2D SPACE',''
  ) );
#5861 = ADVANCED_FACE('',(#5862),#5102,.F.);
#5862 = FACE_BOUND('',#5863,.F.);
#5863 = EDGE_LOOP('',(#5864,#5865,#5886,#5935,#5961,#5987,#6013,#6039,
    #6067,#6086,#6087));
#5864 = ORIENTED_EDGE('',*,*,#5355,.F.);
#5865 = ORIENTED_EDGE('',*,*,#5866,.T.);
#5866 = EDGE_CURVE('',#5328,#5867,#5869,.T.);
#5867 = VERTEX_POINT('',#5868);
#5868 = CARTESIAN_POINT('',(-13.67479433117,-3.,10.728014104616));
#5869 = SURFACE_CURVE('',#5870,(#5874,#5880),.PCURVE_S1.);
#5870 = LINE('',#5871,#5872);
#5871 = CARTESIAN_POINT('',(-10.97073689821,-3.,-0.117367890696));
#5872 = VECTOR('',#5873,1.);
#5873 = DIRECTION('',(-0.2419218956,0.E+000,0.970295726276));
#5874 = PCURVE('',#5102,#5875);
#5875 = DEFINITIONAL_REPRESENTATION('',(#5876),#5879);
#5876 = B_SPLINE_CURVE_WITH_KNOTS('',1,(#5877,#5878),.UNSPECIFIED.,.F.,
  .F.,(2,2),(-1.32189813329,15.828509826667),.PIECEWISE_BEZIER_KNOTS.);
#5877 = CARTESIAN_POINT('',(-1.4,-0.65094079602));
#5878 = CARTESIAN_POINT('',(15.240967547436,-4.8));
#5879 = ( GEOMETRIC_REPRESENTATION_CONTEXT(2) 
PARAMETRIC_REPRESENTATION_CONTEXT() REPRESENTATION_CONTEXT('2D SPACE',''
  ) );
#5880 = PCURVE('',#5343,#5881);
#5881 = DEFINITIONAL_REPRESENTATION('',(#5882),#5885);
#5882 = B_SPLINE_CURVE_WITH_KNOTS('',1,(#5883,#5884),.UNSPECIFIED.,.F.,
  .F.,(2,2),(-1.32189813329,15.828509826667),.PIECEWISE_BEZIER_KNOTS.);
#5883 = CARTESIAN_POINT('',(-1.44285908109,-8.));
#5884 = CARTESIAN_POINT('',(15.707548878867,-8.));
#5885 = ( GEOMETRIC_REPRESENTATION_CONTEXT(2) 
PARAMETRIC_REPRESENTATION_CONTEXT() REPRESENTATION_CONTEXT('2D SPACE',''
  ) );
#5886 = ORIENTED_EDGE('',*,*,#5887,.T.);
#5887 = EDGE_CURVE('',#5867,#5888,#5890,.T.);
#5888 = VERTEX_POINT('',#5889);
#5889 = CARTESIAN_POINT('',(-13.67479433117,-3.,12.));
#5890 = SURFACE_CURVE('',#5891,(#5895,#5901),.PCURVE_S1.);
#5891 = LINE('',#5892,#5893);
#5892 = CARTESIAN_POINT('',(-13.67479433117,-3.,1.));
#5893 = VECTOR('',#5894,1.);
#5894 = DIRECTION('',(0.E+000,0.E+000,1.));
#5895 = PCURVE('',#5102,#5896);
#5896 = DEFINITIONAL_REPRESENTATION('',(#5897),#5900);
#5897 = B_SPLINE_CURVE_WITH_KNOTS('',1,(#5898,#5899),.UNSPECIFIED.,.F.,
  .F.,(2,2),(-4.000000000115E-007,11.0000004),.PIECEWISE_BEZIER_KNOTS.);
#5898 = CARTESIAN_POINT('',(0.9999996,-3.674794331177));
#5899 = CARTESIAN_POINT('',(12.0000004,-3.674794331177));
#5900 = ( GEOMETRIC_REPRESENTATION_CONTEXT(2) 
PARAMETRIC_REPRESENTATION_CONTEXT() REPRESENTATION_CONTEXT('2D SPACE',''
  ) );
#5901 = PCURVE('',#5902,#5907);
#5902 = CYLINDRICAL_SURFACE('',#5903,14.);
#5903 = AXIS2_PLACEMENT_3D('',#5904,#5905,#5906);
#5904 = CARTESIAN_POINT('',(0.E+000,0.E+000,1.));
#5905 = DIRECTION('',(0.E+000,0.E+000,1.));
#5906 = DIRECTION('',(1.,0.E+000,0.E+000));
#5907 = DEFINITIONAL_REPRESENTATION('',(#5908),#5934);
#5908 = B_SPLINE_CURVE_WITH_KNOTS('',3,(#5909,#5910,#5911,#5912,#5913,
    #5914,#5915,#5916,#5917,#5918,#5919,#5920,#5921,#5922,#5923,#5924,
    #5925,#5926,#5927,#5928,#5929,#5930,#5931,#5932,#5933),
  .UNSPECIFIED.,.F.,.F.,(4,1,1,1,1,1,1,1,1,1,1,1,1,1,1,1,1,1,1,1,1,1,4),
  (0.E+000,0.5,1.,1.5,2.,2.5,3.,3.5,4.,4.5,5.,5.5,6.,6.5,7.,7.5,8.,8.5,
    9.,9.5,10.,10.5,11.),.QUASI_UNIFORM_KNOTS.);
#5909 = CARTESIAN_POINT('',(3.357553152275,0.E+000));
#5910 = CARTESIAN_POINT('',(3.357553152275,0.166666666667));
#5911 = CARTESIAN_POINT('',(3.357553152275,0.5));
#5912 = CARTESIAN_POINT('',(3.357553152275,1.));
#5913 = CARTESIAN_POINT('',(3.357553152275,1.5));
#5914 = CARTESIAN_POINT('',(3.357553152275,2.));
#5915 = CARTESIAN_POINT('',(3.357553152275,2.5));
#5916 = CARTESIAN_POINT('',(3.357553152275,3.));
#5917 = CARTESIAN_POINT('',(3.357553152275,3.5));
#5918 = CARTESIAN_POINT('',(3.357553152275,4.));
#5919 = CARTESIAN_POINT('',(3.357553152275,4.5));
#5920 = CARTESIAN_POINT('',(3.357553152275,5.));
#5921 = CARTESIAN_POINT('',(3.357553152275,5.5));
#5922 = CARTESIAN_POINT('',(3.357553152275,6.));
#5923 = CARTESIAN_POINT('',(3.357553152275,6.5));
#5924 = CARTESIAN_POINT('',(3.357553152275,7.));
#5925 = CARTESIAN_POINT('',(3.357553152275,7.5));
#5926 = CARTESIAN_POINT('',(3.357553152275,8.));
#5927 = CARTESIAN_POINT('',(3.357553152275,8.5));
#5928 = CARTESIAN_POINT('',(3.357553152275,9.));
#5929 = CARTESIAN_POINT('',(3.357553152275,9.5));
#5930 = CARTESIAN_POINT('',(3.357553152275,10.));
#5931 = CARTESIAN_POINT('',(3.357553152275,10.5));
#5932 = CARTESIAN_POINT('',(3.357553152275,10.833333333333));
#5933 = CARTESIAN_POINT('',(3.357553152275,11.));
#5934 = ( GEOMETRIC_REPRESENTATION_CONTEXT(2) 
PARAMETRIC_REPRESENTATION_CONTEXT() REPRESENTATION_CONTEXT('2D SPACE',''
  ) );
#5935 = ORIENTED_EDGE('',*,*,#5936,.T.);
#5936 = EDGE_CURVE('',#5888,#5937,#5939,.T.);
#5937 = VERTEX_POINT('',#5938);
#5938 = CARTESIAN_POINT('',(-12.64911064067,-3.,12.));
#5939 = SURFACE_CURVE('',#5940,(#5944,#5950),.PCURVE_S1.);
#5940 = LINE('',#5941,#5942);
#5941 = CARTESIAN_POINT('',(-5.,-3.,12.));
#5942 = VECTOR('',#5943,1.);
#5943 = DIRECTION('',(1.,0.E+000,0.E+000));
#5944 = PCURVE('',#5102,#5945);
#5945 = DEFINITIONAL_REPRESENTATION('',(#5946),#5949);
#5946 = B_SPLINE_CURVE_WITH_KNOTS('',1,(#5947,#5948),.UNSPECIFIED.,.F.,
  .F.,(2,2),(-9.8,-0.2),.PIECEWISE_BEZIER_KNOTS.);
#5947 = CARTESIAN_POINT('',(12.,-4.8));
#5948 = CARTESIAN_POINT('',(12.,4.8));
#5949 = ( GEOMETRIC_REPRESENTATION_CONTEXT(2) 
PARAMETRIC_REPRESENTATION_CONTEXT() REPRESENTATION_CONTEXT('2D SPACE',''
  ) );
#5950 = PCURVE('',#5951,#5956);
#5951 = PLANE('',#5952);
#5952 = AXIS2_PLACEMENT_3D('',#5953,#5954,#5955);
#5953 = CARTESIAN_POINT('',(0.E+000,0.E+000,12.));
#5954 = DIRECTION('',(0.E+000,0.E+000,1.));
#5955 = DIRECTION('',(1.,0.E+000,0.E+000));
#5956 = DEFINITIONAL_REPRESENTATION('',(#5957),#5960);
#5957 = B_SPLINE_CURVE_WITH_KNOTS('',1,(#5958,#5959),.UNSPECIFIED.,.F.,
  .F.,(2,2),(-9.8,-0.2),.PIECEWISE_BEZIER_KNOTS.);
#5958 = CARTESIAN_POINT('',(-14.8,-3.));
#5959 = CARTESIAN_POINT('',(-5.2,-3.));
#5960 = ( GEOMETRIC_REPRESENTATION_CONTEXT(2) 
PARAMETRIC_REPRESENTATION_CONTEXT() REPRESENTATION_CONTEXT('2D SPACE',''
  ) );
#5961 = ORIENTED_EDGE('',*,*,#5962,.T.);
#5962 = EDGE_CURVE('',#5937,#5963,#5965,.T.);
#5963 = VERTEX_POINT('',#5964);
#5964 = CARTESIAN_POINT('',(-12.64911064067,-3.,13.));
#5965 = SURFACE_CURVE('',#5966,(#5970,#5976),.PCURVE_S1.);
#5966 = LINE('',#5967,#5968);
#5967 = CARTESIAN_POINT('',(-12.64911064067,-3.,11.));
#5968 = VECTOR('',#5969,1.);
#5969 = DIRECTION('',(0.E+000,0.E+000,1.));
#5970 = PCURVE('',#5102,#5971);
#5971 = DEFINITIONAL_REPRESENTATION('',(#5972),#5975);
#5972 = B_SPLINE_CURVE_WITH_KNOTS('',1,(#5973,#5974),.UNSPECIFIED.,.F.,
  .F.,(2,2),(0.9999996,2.0000004),.PIECEWISE_BEZIER_KNOTS.);
#5973 = CARTESIAN_POINT('',(11.9999996,-2.649110640674));
#5974 = CARTESIAN_POINT('',(13.0000004,-2.649110640674));
#5975 = ( GEOMETRIC_REPRESENTATION_CONTEXT(2) 
PARAMETRIC_REPRESENTATION_CONTEXT() REPRESENTATION_CONTEXT('2D SPACE',''
  ) );
#5976 = PCURVE('',#5977,#5982);
#5977 = CYLINDRICAL_SURFACE('',#5978,13.);
#5978 = AXIS2_PLACEMENT_3D('',#5979,#5980,#5981);
#5979 = CARTESIAN_POINT('',(0.E+000,0.E+000,11.));
#5980 = DIRECTION('',(0.E+000,0.E+000,1.));
#5981 = DIRECTION('',(1.,0.E+000,0.E+000));
#5982 = DEFINITIONAL_REPRESENTATION('',(#5983),#5986);
#5983 = B_SPLINE_CURVE_WITH_KNOTS('',1,(#5984,#5985),.UNSPECIFIED.,.F.,
  .F.,(2,2),(0.9999996,2.0000004),.PIECEWISE_BEZIER_KNOTS.);
#5984 = CARTESIAN_POINT('',(3.374460831848,0.9999996));
#5985 = CARTESIAN_POINT('',(3.374460831848,2.0000004));
#5986 = ( GEOMETRIC_REPRESENTATION_CONTEXT(2) 
PARAMETRIC_REPRESENTATION_CONTEXT() REPRESENTATION_CONTEXT('2D SPACE',''
  ) );
#5987 = ORIENTED_EDGE('',*,*,#5988,.T.);
#5988 = EDGE_CURVE('',#5963,#5989,#5991,.T.);
#5989 = VERTEX_POINT('',#5990);
#5990 = CARTESIAN_POINT('',(-11.61895003862,-3.,13.));
#5991 = SURFACE_CURVE('',#5992,(#5996,#6002),.PCURVE_S1.);
#5992 = LINE('',#5993,#5994);
#5993 = CARTESIAN_POINT('',(-5.,-3.,13.));
#5994 = VECTOR('',#5995,1.);
#5995 = DIRECTION('',(1.,0.E+000,0.E+000));
#5996 = PCURVE('',#5102,#5997);
#5997 = DEFINITIONAL_REPRESENTATION('',(#5998),#6001);
#5998 = B_SPLINE_CURVE_WITH_KNOTS('',1,(#5999,#6000),.UNSPECIFIED.,.F.,
  .F.,(2,2),(-9.8,-0.2),.PIECEWISE_BEZIER_KNOTS.);
#5999 = CARTESIAN_POINT('',(13.,-4.8));
#6000 = CARTESIAN_POINT('',(13.,4.8));
#6001 = ( GEOMETRIC_REPRESENTATION_CONTEXT(2) 
PARAMETRIC_REPRESENTATION_CONTEXT() REPRESENTATION_CONTEXT('2D SPACE',''
  ) );
#6002 = PCURVE('',#6003,#6008);
#6003 = PLANE('',#6004);
#6004 = AXIS2_PLACEMENT_3D('',#6005,#6006,#6007);
#6005 = CARTESIAN_POINT('',(0.E+000,0.E+000,13.));
#6006 = DIRECTION('',(0.E+000,0.E+000,1.));
#6007 = DIRECTION('',(1.,0.E+000,0.E+000));
#6008 = DEFINITIONAL_REPRESENTATION('',(#6009),#6012);
#6009 = B_SPLINE_CURVE_WITH_KNOTS('',1,(#6010,#6011),.UNSPECIFIED.,.F.,
  .F.,(2,2),(-9.8,-0.2),.PIECEWISE_BEZIER_KNOTS.);
#6010 = CARTESIAN_POINT('',(-14.8,-3.));
#6011 = CARTESIAN_POINT('',(-5.2,-3.));
#6012 = ( GEOMETRIC_REPRESENTATION_CONTEXT(2) 
PARAMETRIC_REPRESENTATION_CONTEXT() REPRESENTATION_CONTEXT('2D SPACE',''
  ) );
#6013 = ORIENTED_EDGE('',*,*,#6014,.T.);
#6014 = EDGE_CURVE('',#5989,#6015,#6017,.T.);
#6015 = VERTEX_POINT('',#6016);
#6016 = CARTESIAN_POINT('',(-11.61895003862,-3.,14.));
#6017 = SURFACE_CURVE('',#6018,(#6022,#6028),.PCURVE_S1.);
#6018 = LINE('',#6019,#6020);
#6019 = CARTESIAN_POINT('',(-11.61895003862,-3.,11.));
#6020 = VECTOR('',#6021,1.);
#6021 = DIRECTION('',(0.E+000,0.E+000,1.));
#6022 = PCURVE('',#5102,#6023);
#6023 = DEFINITIONAL_REPRESENTATION('',(#6024),#6027);
#6024 = B_SPLINE_CURVE_WITH_KNOTS('',1,(#6025,#6026),.UNSPECIFIED.,.F.,
  .F.,(2,2),(2.,4.),.PIECEWISE_BEZIER_KNOTS.);
#6025 = CARTESIAN_POINT('',(13.,-1.618950038622));
#6026 = CARTESIAN_POINT('',(15.,-1.618950038622));
#6027 = ( GEOMETRIC_REPRESENTATION_CONTEXT(2) 
PARAMETRIC_REPRESENTATION_CONTEXT() REPRESENTATION_CONTEXT('2D SPACE',''
  ) );
#6028 = PCURVE('',#6029,#6034);
#6029 = CYLINDRICAL_SURFACE('',#6030,12.);
#6030 = AXIS2_PLACEMENT_3D('',#6031,#6032,#6033);
#6031 = CARTESIAN_POINT('',(0.E+000,0.E+000,11.));
#6032 = DIRECTION('',(0.E+000,0.E+000,1.));
#6033 = DIRECTION('',(1.,0.E+000,0.E+000));
#6034 = DEFINITIONAL_REPRESENTATION('',(#6035),#6038);
#6035 = B_SPLINE_CURVE_WITH_KNOTS('',1,(#6036,#6037),.UNSPECIFIED.,.F.,
  .F.,(2,2),(2.,4.),.PIECEWISE_BEZIER_KNOTS.);
#6036 = CARTESIAN_POINT('',(3.394272908732,2.));
#6037 = CARTESIAN_POINT('',(3.394272908732,4.));
#6038 = ( GEOMETRIC_REPRESENTATION_CONTEXT(2) 
PARAMETRIC_REPRESENTATION_CONTEXT() REPRESENTATION_CONTEXT('2D SPACE',''
  ) );
#6039 = ORIENTED_EDGE('',*,*,#6040,.T.);
#6040 = EDGE_CURVE('',#6015,#6041,#6043,.T.);
#6041 = VERTEX_POINT('',#6042);
#6042 = CARTESIAN_POINT('',(-9.198131603755,-3.,14.));
#6043 = SURFACE_CURVE('',#6044,(#6048,#6055),.PCURVE_S1.);
#6044 = LINE('',#6045,#6046);
#6045 = CARTESIAN_POINT('',(-14.,-3.,14.));
#6046 = VECTOR('',#6047,1.);
#6047 = DIRECTION('',(1.,0.E+000,0.E+000));
#6048 = PCURVE('',#5102,#6049);
#6049 = DEFINITIONAL_REPRESENTATION('',(#6050),#6054);
#6050 = LINE('',#6051,#6052);
#6051 = CARTESIAN_POINT('',(14.,-4.));
#6052 = VECTOR('',#6053,1.);
#6053 = DIRECTION('',(0.E+000,1.));
#6054 = ( GEOMETRIC_REPRESENTATION_CONTEXT(2) 
PARAMETRIC_REPRESENTATION_CONTEXT() REPRESENTATION_CONTEXT('2D SPACE',''
  ) );
#6055 = PCURVE('',#6056,#6061);
#6056 = PLANE('',#6057);
#6057 = AXIS2_PLACEMENT_3D('',#6058,#6059,#6060);
#6058 = CARTESIAN_POINT('',(-10.,3.,14.));
#6059 = DIRECTION('',(0.E+000,0.E+000,1.));
#6060 = DIRECTION('',(1.,0.E+000,0.E+000));
#6061 = DEFINITIONAL_REPRESENTATION('',(#6062),#6066);
#6062 = LINE('',#6063,#6064);
#6063 = CARTESIAN_POINT('',(-4.,-6.));
#6064 = VECTOR('',#6065,1.);
#6065 = DIRECTION('',(1.,0.E+000));
#6066 = ( GEOMETRIC_REPRESENTATION_CONTEXT(2) 
PARAMETRIC_REPRESENTATION_CONTEXT() REPRESENTATION_CONTEXT('2D SPACE',''
  ) );
#6067 = ORIENTED_EDGE('',*,*,#6068,.F.);
#6068 = EDGE_CURVE('',#5059,#6041,#6069,.T.);
#6069 = SURFACE_CURVE('',#6070,(#6074,#6080),.PCURVE_S1.);
#6070 = LINE('',#6071,#6072);
#6071 = CARTESIAN_POINT('',(-9.198131603755,-3.,3.));
#6072 = VECTOR('',#6073,1.);
#6073 = DIRECTION('',(0.E+000,0.E+000,1.));
#6074 = PCURVE('',#5102,#6075);
#6075 = DEFINITIONAL_REPRESENTATION('',(#6076),#6079);
#6076 = B_SPLINE_CURVE_WITH_KNOTS('',1,(#6077,#6078),.UNSPECIFIED.,.F.,
  .F.,(2,2),(-3.999999997895E-007,12.4),.PIECEWISE_BEZIER_KNOTS.);
#6077 = CARTESIAN_POINT('',(2.9999996,0.801868396245));
#6078 = CARTESIAN_POINT('',(15.4,0.801868396245));
#6079 = ( GEOMETRIC_REPRESENTATION_CONTEXT(2) 
PARAMETRIC_REPRESENTATION_CONTEXT() REPRESENTATION_CONTEXT('2D SPACE',''
  ) );
#6080 = PCURVE('',#5075,#6081);
#6081 = DEFINITIONAL_REPRESENTATION('',(#6082),#6085);
#6082 = B_SPLINE_CURVE_WITH_KNOTS('',1,(#6083,#6084),.UNSPECIFIED.,.F.,
  .F.,(2,2),(-3.999999997895E-007,12.4),.PIECEWISE_BEZIER_KNOTS.);
#6083 = CARTESIAN_POINT('',(3.456867223245,-3.999999997895E-007));
#6084 = CARTESIAN_POINT('',(3.456867223245,12.4));
#6085 = ( GEOMETRIC_REPRESENTATION_CONTEXT(2) 
PARAMETRIC_REPRESENTATION_CONTEXT() REPRESENTATION_CONTEXT('2D SPACE',''
  ) );
#6086 = ORIENTED_EDGE('',*,*,#5087,.T.);
#6087 = ORIENTED_EDGE('',*,*,#5534,.F.);
#6088 = ADVANCED_FACE('',(#6089),#5075,.F.);
#6089 = FACE_BOUND('',#6090,.F.);
#6090 = EDGE_LOOP('',(#6091,#6112,#6113,#6114));
#6091 = ORIENTED_EDGE('',*,*,#6092,.F.);
#6092 = EDGE_CURVE('',#5033,#6093,#6095,.T.);
#6093 = VERTEX_POINT('',#6094);
#6094 = CARTESIAN_POINT('',(-9.198131603755,3.,14.));
#6095 = SURFACE_CURVE('',#6096,(#6100,#6106),.PCURVE_S1.);
#6096 = LINE('',#6097,#6098);
#6097 = CARTESIAN_POINT('',(-9.198131603755,3.,3.));
#6098 = VECTOR('',#6099,1.);
#6099 = DIRECTION('',(0.E+000,0.E+000,1.));
#6100 = PCURVE('',#5075,#6101);
#6101 = DEFINITIONAL_REPRESENTATION('',(#6102),#6105);
#6102 = B_SPLINE_CURVE_WITH_KNOTS('',1,(#6103,#6104),.UNSPECIFIED.,.F.,
  .F.,(2,2),(-3.999999997895E-007,12.4),.PIECEWISE_BEZIER_KNOTS.);
#6103 = CARTESIAN_POINT('',(2.826318083935,-3.999999997895E-007));
#6104 = CARTESIAN_POINT('',(2.826318083935,12.4));
#6105 = ( GEOMETRIC_REPRESENTATION_CONTEXT(2) 
PARAMETRIC_REPRESENTATION_CONTEXT() REPRESENTATION_CONTEXT('2D SPACE',''
  ) );
#6106 = PCURVE('',#5047,#6107);
#6107 = DEFINITIONAL_REPRESENTATION('',(#6108),#6111);
#6108 = B_SPLINE_CURVE_WITH_KNOTS('',1,(#6109,#6110),.UNSPECIFIED.,.F.,
  .F.,(2,2),(-3.999999997895E-007,12.4),.PIECEWISE_BEZIER_KNOTS.);
#6109 = CARTESIAN_POINT('',(2.9999996,0.801868396245));
#6110 = CARTESIAN_POINT('',(15.4,0.801868396245));
#6111 = ( GEOMETRIC_REPRESENTATION_CONTEXT(2) 
PARAMETRIC_REPRESENTATION_CONTEXT() REPRESENTATION_CONTEXT('2D SPACE',''
  ) );
#6112 = ORIENTED_EDGE('',*,*,#5058,.T.);
#6113 = ORIENTED_EDGE('',*,*,#6068,.T.);
#6114 = ORIENTED_EDGE('',*,*,#6115,.F.);
#6115 = EDGE_CURVE('',#6093,#6041,#6116,.T.);
#6116 = SURFACE_CURVE('',#6117,(#6122,#6129),.PCURVE_S1.);
#6117 = CIRCLE('',#6118,9.675);
#6118 = AXIS2_PLACEMENT_3D('',#6119,#6120,#6121);
#6119 = CARTESIAN_POINT('',(0.E+000,0.E+000,14.));
#6120 = DIRECTION('',(0.E+000,0.E+000,1.));
#6121 = DIRECTION('',(1.,0.E+000,0.E+000));
#6122 = PCURVE('',#5075,#6123);
#6123 = DEFINITIONAL_REPRESENTATION('',(#6124),#6128);
#6124 = LINE('',#6125,#6126);
#6125 = CARTESIAN_POINT('',(0.E+000,11.));
#6126 = VECTOR('',#6127,1.);
#6127 = DIRECTION('',(1.,0.E+000));
#6128 = ( GEOMETRIC_REPRESENTATION_CONTEXT(2) 
PARAMETRIC_REPRESENTATION_CONTEXT() REPRESENTATION_CONTEXT('2D SPACE',''
  ) );
#6129 = PCURVE('',#6056,#6130);
#6130 = DEFINITIONAL_REPRESENTATION('',(#6131),#6135);
#6131 = CIRCLE('',#6132,9.675);
#6132 = AXIS2_PLACEMENT_2D('',#6133,#6134);
#6133 = CARTESIAN_POINT('',(10.,-3.));
#6134 = DIRECTION('',(1.,0.E+000));
#6135 = ( GEOMETRIC_REPRESENTATION_CONTEXT(2) 
PARAMETRIC_REPRESENTATION_CONTEXT() REPRESENTATION_CONTEXT('2D SPACE',''
  ) );
#6136 = ADVANCED_FACE('',(#6137),#5047,.T.);
#6137 = FACE_BOUND('',#6138,.T.);
#6138 = EDGE_LOOP('',(#6139,#6140,#6161,#6210,#6231,#6252,#6273,#6294,
    #6315,#6316,#6317));
#6139 = ORIENTED_EDGE('',*,*,#5304,.F.);
#6140 = ORIENTED_EDGE('',*,*,#6141,.T.);
#6141 = EDGE_CURVE('',#5305,#6142,#6144,.T.);
#6142 = VERTEX_POINT('',#6143);
#6143 = CARTESIAN_POINT('',(-13.67479433117,3.,10.728014104616));
#6144 = SURFACE_CURVE('',#6145,(#6149,#6155),.PCURVE_S1.);
#6145 = LINE('',#6146,#6147);
#6146 = CARTESIAN_POINT('',(-10.97073689821,3.,-0.117367890696));
#6147 = VECTOR('',#6148,1.);
#6148 = DIRECTION('',(-0.2419218956,0.E+000,0.970295726276));
#6149 = PCURVE('',#5047,#6150);
#6150 = DEFINITIONAL_REPRESENTATION('',(#6151),#6154);
#6151 = B_SPLINE_CURVE_WITH_KNOTS('',1,(#6152,#6153),.UNSPECIFIED.,.F.,
  .F.,(2,2),(-1.32189813329,15.828509826667),.PIECEWISE_BEZIER_KNOTS.);
#6152 = CARTESIAN_POINT('',(-1.4,-0.65094079602));
#6153 = CARTESIAN_POINT('',(15.240967547436,-4.8));
#6154 = ( GEOMETRIC_REPRESENTATION_CONTEXT(2) 
PARAMETRIC_REPRESENTATION_CONTEXT() REPRESENTATION_CONTEXT('2D SPACE',''
  ) );
#6155 = PCURVE('',#5343,#6156);
#6156 = DEFINITIONAL_REPRESENTATION('',(#6157),#6160);
#6157 = B_SPLINE_CURVE_WITH_KNOTS('',1,(#6158,#6159),.UNSPECIFIED.,.F.,
  .F.,(2,2),(-1.32189813329,15.828509826667),.PIECEWISE_BEZIER_KNOTS.);
#6158 = CARTESIAN_POINT('',(-1.44285908109,-2.));
#6159 = CARTESIAN_POINT('',(15.707548878867,-2.));
#6160 = ( GEOMETRIC_REPRESENTATION_CONTEXT(2) 
PARAMETRIC_REPRESENTATION_CONTEXT() REPRESENTATION_CONTEXT('2D SPACE',''
  ) );
#6161 = ORIENTED_EDGE('',*,*,#6162,.T.);
#6162 = EDGE_CURVE('',#6142,#6163,#6165,.T.);
#6163 = VERTEX_POINT('',#6164);
#6164 = CARTESIAN_POINT('',(-13.67479433117,3.,12.));
#6165 = SURFACE_CURVE('',#6166,(#6170,#6176),.PCURVE_S1.);
#6166 = LINE('',#6167,#6168);
#6167 = CARTESIAN_POINT('',(-13.67479433117,3.,1.));
#6168 = VECTOR('',#6169,1.);
#6169 = DIRECTION('',(0.E+000,0.E+000,1.));
#6170 = PCURVE('',#5047,#6171);
#6171 = DEFINITIONAL_REPRESENTATION('',(#6172),#6175);
#6172 = B_SPLINE_CURVE_WITH_KNOTS('',1,(#6173,#6174),.UNSPECIFIED.,.F.,
  .F.,(2,2),(-4.000000000115E-007,11.0000004),.PIECEWISE_BEZIER_KNOTS.);
#6173 = CARTESIAN_POINT('',(0.9999996,-3.674794331177));
#6174 = CARTESIAN_POINT('',(12.0000004,-3.674794331177));
#6175 = ( GEOMETRIC_REPRESENTATION_CONTEXT(2) 
PARAMETRIC_REPRESENTATION_CONTEXT() REPRESENTATION_CONTEXT('2D SPACE',''
  ) );
#6176 = PCURVE('',#6177,#6182);
#6177 = CYLINDRICAL_SURFACE('',#6178,14.);
#6178 = AXIS2_PLACEMENT_3D('',#6179,#6180,#6181);
#6179 = CARTESIAN_POINT('',(0.E+000,0.E+000,1.));
#6180 = DIRECTION('',(0.E+000,0.E+000,1.));
#6181 = DIRECTION('',(1.,0.E+000,0.E+000));
#6182 = DEFINITIONAL_REPRESENTATION('',(#6183),#6209);
#6183 = B_SPLINE_CURVE_WITH_KNOTS('',3,(#6184,#6185,#6186,#6187,#6188,
    #6189,#6190,#6191,#6192,#6193,#6194,#6195,#6196,#6197,#6198,#6199,
    #6200,#6201,#6202,#6203,#6204,#6205,#6206,#6207,#6208),
  .UNSPECIFIED.,.F.,.F.,(4,1,1,1,1,1,1,1,1,1,1,1,1,1,1,1,1,1,1,1,1,1,4),
  (0.E+000,0.5,1.,1.5,2.,2.5,3.,3.5,4.,4.5,5.,5.5,6.,6.5,7.,7.5,8.,8.5,
    9.,9.5,10.,10.5,11.),.QUASI_UNIFORM_KNOTS.);
#6184 = CARTESIAN_POINT('',(2.925632154905,0.E+000));
#6185 = CARTESIAN_POINT('',(2.925632154905,0.166666666667));
#6186 = CARTESIAN_POINT('',(2.925632154905,0.5));
#6187 = CARTESIAN_POINT('',(2.925632154905,1.));
#6188 = CARTESIAN_POINT('',(2.925632154905,1.5));
#6189 = CARTESIAN_POINT('',(2.925632154905,2.));
#6190 = CARTESIAN_POINT('',(2.925632154905,2.5));
#6191 = CARTESIAN_POINT('',(2.925632154905,3.));
#6192 = CARTESIAN_POINT('',(2.925632154905,3.5));
#6193 = CARTESIAN_POINT('',(2.925632154905,4.));
#6194 = CARTESIAN_POINT('',(2.925632154905,4.5));
#6195 = CARTESIAN_POINT('',(2.925632154905,5.));
#6196 = CARTESIAN_POINT('',(2.925632154905,5.5));
#6197 = CARTESIAN_POINT('',(2.925632154905,6.));
#6198 = CARTESIAN_POINT('',(2.925632154905,6.5));
#6199 = CARTESIAN_POINT('',(2.925632154905,7.));
#6200 = CARTESIAN_POINT('',(2.925632154905,7.5));
#6201 = CARTESIAN_POINT('',(2.925632154905,8.));
#6202 = CARTESIAN_POINT('',(2.925632154905,8.5));
#6203 = CARTESIAN_POINT('',(2.925632154905,9.));
#6204 = CARTESIAN_POINT('',(2.925632154905,9.5));
#6205 = CARTESIAN_POINT('',(2.925632154905,10.));
#6206 = CARTESIAN_POINT('',(2.925632154905,10.5));
#6207 = CARTESIAN_POINT('',(2.925632154905,10.833333333333));
#6208 = CARTESIAN_POINT('',(2.925632154905,11.));
#6209 = ( GEOMETRIC_REPRESENTATION_CONTEXT(2) 
PARAMETRIC_REPRESENTATION_CONTEXT() REPRESENTATION_CONTEXT('2D SPACE',''
  ) );
#6210 = ORIENTED_EDGE('',*,*,#6211,.T.);
#6211 = EDGE_CURVE('',#6163,#6212,#6214,.T.);
#6212 = VERTEX_POINT('',#6213);
#6213 = CARTESIAN_POINT('',(-12.64911064067,3.,12.));
#6214 = SURFACE_CURVE('',#6215,(#6219,#6225),.PCURVE_S1.);
#6215 = LINE('',#6216,#6217);
#6216 = CARTESIAN_POINT('',(-5.,3.,12.));
#6217 = VECTOR('',#6218,1.);
#6218 = DIRECTION('',(1.,0.E+000,0.E+000));
#6219 = PCURVE('',#5047,#6220);
#6220 = DEFINITIONAL_REPRESENTATION('',(#6221),#6224);
#6221 = B_SPLINE_CURVE_WITH_KNOTS('',1,(#6222,#6223),.UNSPECIFIED.,.F.,
  .F.,(2,2),(-9.8,-0.2),.PIECEWISE_BEZIER_KNOTS.);
#6222 = CARTESIAN_POINT('',(12.,-4.8));
#6223 = CARTESIAN_POINT('',(12.,4.8));
#6224 = ( GEOMETRIC_REPRESENTATION_CONTEXT(2) 
PARAMETRIC_REPRESENTATION_CONTEXT() REPRESENTATION_CONTEXT('2D SPACE',''
  ) );
#6225 = PCURVE('',#5951,#6226);
#6226 = DEFINITIONAL_REPRESENTATION('',(#6227),#6230);
#6227 = B_SPLINE_CURVE_WITH_KNOTS('',1,(#6228,#6229),.UNSPECIFIED.,.F.,
  .F.,(2,2),(-9.8,-0.2),.PIECEWISE_BEZIER_KNOTS.);
#6228 = CARTESIAN_POINT('',(-14.8,3.));
#6229 = CARTESIAN_POINT('',(-5.2,3.));
#6230 = ( GEOMETRIC_REPRESENTATION_CONTEXT(2) 
PARAMETRIC_REPRESENTATION_CONTEXT() REPRESENTATION_CONTEXT('2D SPACE',''
  ) );
#6231 = ORIENTED_EDGE('',*,*,#6232,.T.);
#6232 = EDGE_CURVE('',#6212,#6233,#6235,.T.);
#6233 = VERTEX_POINT('',#6234);
#6234 = CARTESIAN_POINT('',(-12.64911064067,3.,13.));
#6235 = SURFACE_CURVE('',#6236,(#6240,#6246),.PCURVE_S1.);
#6236 = LINE('',#6237,#6238);
#6237 = CARTESIAN_POINT('',(-12.64911064067,3.,11.));
#6238 = VECTOR('',#6239,1.);
#6239 = DIRECTION('',(0.E+000,0.E+000,1.));
#6240 = PCURVE('',#5047,#6241);
#6241 = DEFINITIONAL_REPRESENTATION('',(#6242),#6245);
#6242 = B_SPLINE_CURVE_WITH_KNOTS('',1,(#6243,#6244),.UNSPECIFIED.,.F.,
  .F.,(2,2),(0.9999996,2.0000004),.PIECEWISE_BEZIER_KNOTS.);
#6243 = CARTESIAN_POINT('',(11.9999996,-2.649110640674));
#6244 = CARTESIAN_POINT('',(13.0000004,-2.649110640674));
#6245 = ( GEOMETRIC_REPRESENTATION_CONTEXT(2) 
PARAMETRIC_REPRESENTATION_CONTEXT() REPRESENTATION_CONTEXT('2D SPACE',''
  ) );
#6246 = PCURVE('',#5977,#6247);
#6247 = DEFINITIONAL_REPRESENTATION('',(#6248),#6251);
#6248 = B_SPLINE_CURVE_WITH_KNOTS('',1,(#6249,#6250),.UNSPECIFIED.,.F.,
  .F.,(2,2),(0.9999996,2.0000004),.PIECEWISE_BEZIER_KNOTS.);
#6249 = CARTESIAN_POINT('',(2.908724475332,0.9999996));
#6250 = CARTESIAN_POINT('',(2.908724475332,2.0000004));
#6251 = ( GEOMETRIC_REPRESENTATION_CONTEXT(2) 
PARAMETRIC_REPRESENTATION_CONTEXT() REPRESENTATION_CONTEXT('2D SPACE',''
  ) );
#6252 = ORIENTED_EDGE('',*,*,#6253,.T.);
#6253 = EDGE_CURVE('',#6233,#6254,#6256,.T.);
#6254 = VERTEX_POINT('',#6255);
#6255 = CARTESIAN_POINT('',(-11.61895003862,3.,13.));
#6256 = SURFACE_CURVE('',#6257,(#6261,#6267),.PCURVE_S1.);
#6257 = LINE('',#6258,#6259);
#6258 = CARTESIAN_POINT('',(-5.,3.,13.));
#6259 = VECTOR('',#6260,1.);
#6260 = DIRECTION('',(1.,0.E+000,0.E+000));
#6261 = PCURVE('',#5047,#6262);
#6262 = DEFINITIONAL_REPRESENTATION('',(#6263),#6266);
#6263 = B_SPLINE_CURVE_WITH_KNOTS('',1,(#6264,#6265),.UNSPECIFIED.,.F.,
  .F.,(2,2),(-9.8,-0.2),.PIECEWISE_BEZIER_KNOTS.);
#6264 = CARTESIAN_POINT('',(13.,-4.8));
#6265 = CARTESIAN_POINT('',(13.,4.8));
#6266 = ( GEOMETRIC_REPRESENTATION_CONTEXT(2) 
PARAMETRIC_REPRESENTATION_CONTEXT() REPRESENTATION_CONTEXT('2D SPACE',''
  ) );
#6267 = PCURVE('',#6003,#6268);
#6268 = DEFINITIONAL_REPRESENTATION('',(#6269),#6272);
#6269 = B_SPLINE_CURVE_WITH_KNOTS('',1,(#6270,#6271),.UNSPECIFIED.,.F.,
  .F.,(2,2),(-9.8,-0.2),.PIECEWISE_BEZIER_KNOTS.);
#6270 = CARTESIAN_POINT('',(-14.8,3.));
#6271 = CARTESIAN_POINT('',(-5.2,3.));
#6272 = ( GEOMETRIC_REPRESENTATION_CONTEXT(2) 
PARAMETRIC_REPRESENTATION_CONTEXT() REPRESENTATION_CONTEXT('2D SPACE',''
  ) );
#6273 = ORIENTED_EDGE('',*,*,#6274,.T.);
#6274 = EDGE_CURVE('',#6254,#6275,#6277,.T.);
#6275 = VERTEX_POINT('',#6276);
#6276 = CARTESIAN_POINT('',(-11.61895003862,3.,14.));
#6277 = SURFACE_CURVE('',#6278,(#6282,#6288),.PCURVE_S1.);
#6278 = LINE('',#6279,#6280);
#6279 = CARTESIAN_POINT('',(-11.61895003862,3.,11.));
#6280 = VECTOR('',#6281,1.);
#6281 = DIRECTION('',(0.E+000,0.E+000,1.));
#6282 = PCURVE('',#5047,#6283);
#6283 = DEFINITIONAL_REPRESENTATION('',(#6284),#6287);
#6284 = B_SPLINE_CURVE_WITH_KNOTS('',1,(#6285,#6286),.UNSPECIFIED.,.F.,
  .F.,(2,2),(2.,4.),.PIECEWISE_BEZIER_KNOTS.);
#6285 = CARTESIAN_POINT('',(13.,-1.618950038622));
#6286 = CARTESIAN_POINT('',(15.,-1.618950038622));
#6287 = ( GEOMETRIC_REPRESENTATION_CONTEXT(2) 
PARAMETRIC_REPRESENTATION_CONTEXT() REPRESENTATION_CONTEXT('2D SPACE',''
  ) );
#6288 = PCURVE('',#6029,#6289);
#6289 = DEFINITIONAL_REPRESENTATION('',(#6290),#6293);
#6290 = B_SPLINE_CURVE_WITH_KNOTS('',1,(#6291,#6292),.UNSPECIFIED.,.F.,
  .F.,(2,2),(2.,4.),.PIECEWISE_BEZIER_KNOTS.);
#6291 = CARTESIAN_POINT('',(2.888912398448,2.));
#6292 = CARTESIAN_POINT('',(2.888912398448,4.));
#6293 = ( GEOMETRIC_REPRESENTATION_CONTEXT(2) 
PARAMETRIC_REPRESENTATION_CONTEXT() REPRESENTATION_CONTEXT('2D SPACE',''
  ) );
#6294 = ORIENTED_EDGE('',*,*,#6295,.T.);
#6295 = EDGE_CURVE('',#6275,#6093,#6296,.T.);
#6296 = SURFACE_CURVE('',#6297,(#6301,#6308),.PCURVE_S1.);
#6297 = LINE('',#6298,#6299);
#6298 = CARTESIAN_POINT('',(-14.,3.,14.));
#6299 = VECTOR('',#6300,1.);
#6300 = DIRECTION('',(1.,0.E+000,0.E+000));
#6301 = PCURVE('',#5047,#6302);
#6302 = DEFINITIONAL_REPRESENTATION('',(#6303),#6307);
#6303 = LINE('',#6304,#6305);
#6304 = CARTESIAN_POINT('',(14.,-4.));
#6305 = VECTOR('',#6306,1.);
#6306 = DIRECTION('',(0.E+000,1.));
#6307 = ( GEOMETRIC_REPRESENTATION_CONTEXT(2) 
PARAMETRIC_REPRESENTATION_CONTEXT() REPRESENTATION_CONTEXT('2D SPACE',''
  ) );
#6308 = PCURVE('',#6056,#6309);
#6309 = DEFINITIONAL_REPRESENTATION('',(#6310),#6314);
#6310 = LINE('',#6311,#6312);
#6311 = CARTESIAN_POINT('',(-4.,0.E+000));
#6312 = VECTOR('',#6313,1.);
#6313 = DIRECTION('',(1.,0.E+000));
#6314 = ( GEOMETRIC_REPRESENTATION_CONTEXT(2) 
PARAMETRIC_REPRESENTATION_CONTEXT() REPRESENTATION_CONTEXT('2D SPACE',''
  ) );
#6315 = ORIENTED_EDGE('',*,*,#6092,.F.);
#6316 = ORIENTED_EDGE('',*,*,#5032,.T.);
#6317 = ORIENTED_EDGE('',*,*,#5506,.F.);
#6318 = ADVANCED_FACE('',(#6319),#4978,.T.);
#6319 = FACE_BOUND('',#6320,.T.);
#6320 = EDGE_LOOP('',(#6321,#6322,#6323,#6324,#6368,#6391,#6417,#6438,
    #6482,#6503,#6552));
#6321 = ORIENTED_EDGE('',*,*,#5213,.F.);
#6322 = ORIENTED_EDGE('',*,*,#5479,.T.);
#6323 = ORIENTED_EDGE('',*,*,#4963,.T.);
#6324 = ORIENTED_EDGE('',*,*,#6325,.T.);
#6325 = EDGE_CURVE('',#4918,#6326,#6328,.T.);
#6326 = VERTEX_POINT('',#6327);
#6327 = CARTESIAN_POINT('',(9.198131603755,3.,14.));
#6328 = SURFACE_CURVE('',#6329,(#6333,#6339),.PCURVE_S1.);
#6329 = LINE('',#6330,#6331);
#6330 = CARTESIAN_POINT('',(9.198131603755,3.,3.));
#6331 = VECTOR('',#6332,1.);
#6332 = DIRECTION('',(0.E+000,0.E+000,1.));
#6333 = PCURVE('',#4978,#6334);
#6334 = DEFINITIONAL_REPRESENTATION('',(#6335),#6338);
#6335 = B_SPLINE_CURVE_WITH_KNOTS('',1,(#6336,#6337),.UNSPECIFIED.,.F.,
  .F.,(2,2),(-3.999999997895E-007,12.4),.PIECEWISE_BEZIER_KNOTS.);
#6336 = CARTESIAN_POINT('',(2.9999996,-1.644492617346));
#6337 = CARTESIAN_POINT('',(15.4,-1.644492617346));
#6338 = ( GEOMETRIC_REPRESENTATION_CONTEXT(2) 
PARAMETRIC_REPRESENTATION_CONTEXT() REPRESENTATION_CONTEXT('2D SPACE',''
  ) );
#6339 = PCURVE('',#4883,#6340);
#6340 = DEFINITIONAL_REPRESENTATION('',(#6341),#6367);
#6341 = B_SPLINE_CURVE_WITH_KNOTS('',3,(#6342,#6343,#6344,#6345,#6346,
    #6347,#6348,#6349,#6350,#6351,#6352,#6353,#6354,#6355,#6356,#6357,
    #6358,#6359,#6360,#6361,#6362,#6363,#6364,#6365,#6366),
  .UNSPECIFIED.,.F.,.F.,(4,1,1,1,1,1,1,1,1,1,1,1,1,1,1,1,1,1,1,1,1,1,4),
  (0.E+000,0.5,1.,1.5,2.,2.5,3.,3.5,4.,4.5,5.,5.5,6.,6.5,7.,7.5,8.,8.5,
    9.,9.5,10.,10.5,11.),.QUASI_UNIFORM_KNOTS.);
#6342 = CARTESIAN_POINT('',(6.598459876835,0.E+000));
#6343 = CARTESIAN_POINT('',(6.598459876835,0.166666666667));
#6344 = CARTESIAN_POINT('',(6.598459876835,0.5));
#6345 = CARTESIAN_POINT('',(6.598459876835,1.));
#6346 = CARTESIAN_POINT('',(6.598459876835,1.5));
#6347 = CARTESIAN_POINT('',(6.598459876835,2.));
#6348 = CARTESIAN_POINT('',(6.598459876835,2.5));
#6349 = CARTESIAN_POINT('',(6.598459876835,3.));
#6350 = CARTESIAN_POINT('',(6.598459876835,3.5));
#6351 = CARTESIAN_POINT('',(6.598459876835,4.));
#6352 = CARTESIAN_POINT('',(6.598459876835,4.5));
#6353 = CARTESIAN_POINT('',(6.598459876835,5.));
#6354 = CARTESIAN_POINT('',(6.598459876835,5.5));
#6355 = CARTESIAN_POINT('',(6.598459876835,6.));
#6356 = CARTESIAN_POINT('',(6.598459876835,6.5));
#6357 = CARTESIAN_POINT('',(6.598459876835,7.));
#6358 = CARTESIAN_POINT('',(6.598459876835,7.5));
#6359 = CARTESIAN_POINT('',(6.598459876835,8.));
#6360 = CARTESIAN_POINT('',(6.598459876835,8.5));
#6361 = CARTESIAN_POINT('',(6.598459876835,9.));
#6362 = CARTESIAN_POINT('',(6.598459876835,9.5));
#6363 = CARTESIAN_POINT('',(6.598459876835,10.));
#6364 = CARTESIAN_POINT('',(6.598459876835,10.5));
#6365 = CARTESIAN_POINT('',(6.598459876835,10.833333333333));
#6366 = CARTESIAN_POINT('',(6.598459876835,11.));
#6367 = ( GEOMETRIC_REPRESENTATION_CONTEXT(2) 
PARAMETRIC_REPRESENTATION_CONTEXT() REPRESENTATION_CONTEXT('2D SPACE',''
  ) );
#6368 = ORIENTED_EDGE('',*,*,#6369,.T.);
#6369 = EDGE_CURVE('',#6326,#6370,#6372,.T.);
#6370 = VERTEX_POINT('',#6371);
#6371 = CARTESIAN_POINT('',(11.618950038622,3.,14.));
#6372 = SURFACE_CURVE('',#6373,(#6377,#6384),.PCURVE_S1.);
#6373 = LINE('',#6374,#6375);
#6374 = CARTESIAN_POINT('',(6.,3.,14.));
#6375 = VECTOR('',#6376,1.);
#6376 = DIRECTION('',(1.,0.E+000,0.E+000));
#6377 = PCURVE('',#4978,#6378);
#6378 = DEFINITIONAL_REPRESENTATION('',(#6379),#6383);
#6379 = LINE('',#6380,#6381);
#6380 = CARTESIAN_POINT('',(14.,-4.842624221101));
#6381 = VECTOR('',#6382,1.);
#6382 = DIRECTION('',(0.E+000,1.));
#6383 = ( GEOMETRIC_REPRESENTATION_CONTEXT(2) 
PARAMETRIC_REPRESENTATION_CONTEXT() REPRESENTATION_CONTEXT('2D SPACE',''
  ) );
#6384 = PCURVE('',#5610,#6385);
#6385 = DEFINITIONAL_REPRESENTATION('',(#6386),#6390);
#6386 = LINE('',#6387,#6388);
#6387 = CARTESIAN_POINT('',(-5.360567767502,0.E+000));
#6388 = VECTOR('',#6389,1.);
#6389 = DIRECTION('',(1.,0.E+000));
#6390 = ( GEOMETRIC_REPRESENTATION_CONTEXT(2) 
PARAMETRIC_REPRESENTATION_CONTEXT() REPRESENTATION_CONTEXT('2D SPACE',''
  ) );
#6391 = ORIENTED_EDGE('',*,*,#6392,.F.);
#6392 = EDGE_CURVE('',#6393,#6370,#6395,.T.);
#6393 = VERTEX_POINT('',#6394);
#6394 = CARTESIAN_POINT('',(11.618950038622,3.,13.));
#6395 = SURFACE_CURVE('',#6396,(#6400,#6406),.PCURVE_S1.);
#6396 = LINE('',#6397,#6398);
#6397 = CARTESIAN_POINT('',(11.618950038622,3.,11.));
#6398 = VECTOR('',#6399,1.);
#6399 = DIRECTION('',(0.E+000,0.E+000,1.));
#6400 = PCURVE('',#4978,#6401);
#6401 = DEFINITIONAL_REPRESENTATION('',(#6402),#6405);
#6402 = B_SPLINE_CURVE_WITH_KNOTS('',1,(#6403,#6404),.UNSPECIFIED.,.F.,
  .F.,(2,2),(2.,4.),.PIECEWISE_BEZIER_KNOTS.);
#6403 = CARTESIAN_POINT('',(13.,0.776325817522));
#6404 = CARTESIAN_POINT('',(15.,0.776325817522));
#6405 = ( GEOMETRIC_REPRESENTATION_CONTEXT(2) 
PARAMETRIC_REPRESENTATION_CONTEXT() REPRESENTATION_CONTEXT('2D SPACE',''
  ) );
#6406 = PCURVE('',#6407,#6412);
#6407 = CYLINDRICAL_SURFACE('',#6408,12.);
#6408 = AXIS2_PLACEMENT_3D('',#6409,#6410,#6411);
#6409 = CARTESIAN_POINT('',(0.E+000,0.E+000,11.));
#6410 = DIRECTION('',(0.E+000,0.E+000,1.));
#6411 = DIRECTION('',(1.,0.E+000,0.E+000));
#6412 = DEFINITIONAL_REPRESENTATION('',(#6413),#6416);
#6413 = B_SPLINE_CURVE_WITH_KNOTS('',1,(#6414,#6415),.UNSPECIFIED.,.F.,
  .F.,(2,2),(2.,4.),.PIECEWISE_BEZIER_KNOTS.);
#6414 = CARTESIAN_POINT('',(0.252680255142,2.));
#6415 = CARTESIAN_POINT('',(0.252680255142,4.));
#6416 = ( GEOMETRIC_REPRESENTATION_CONTEXT(2) 
PARAMETRIC_REPRESENTATION_CONTEXT() REPRESENTATION_CONTEXT('2D SPACE',''
  ) );
#6417 = ORIENTED_EDGE('',*,*,#6418,.T.);
#6418 = EDGE_CURVE('',#6393,#6419,#6421,.T.);
#6419 = VERTEX_POINT('',#6420);
#6420 = CARTESIAN_POINT('',(12.649110640674,3.,13.));
#6421 = SURFACE_CURVE('',#6422,(#6426,#6432),.PCURVE_S1.);
#6422 = LINE('',#6423,#6424);
#6423 = CARTESIAN_POINT('',(5.42131211055,3.,13.));
#6424 = VECTOR('',#6425,1.);
#6425 = DIRECTION('',(1.,0.E+000,0.E+000));
#6426 = PCURVE('',#4978,#6427);
#6427 = DEFINITIONAL_REPRESENTATION('',(#6428),#6431);
#6428 = B_SPLINE_CURVE_WITH_KNOTS('',1,(#6429,#6430),.UNSPECIFIED.,.F.,
  .F.,(2,2),(-0.22131211055,9.37868788945),.PIECEWISE_BEZIER_KNOTS.);
#6429 = CARTESIAN_POINT('',(13.,-5.642624221101));
#6430 = CARTESIAN_POINT('',(13.,3.957375778899));
#6431 = ( GEOMETRIC_REPRESENTATION_CONTEXT(2) 
PARAMETRIC_REPRESENTATION_CONTEXT() REPRESENTATION_CONTEXT('2D SPACE',''
  ) );
#6432 = PCURVE('',#5827,#6433);
#6433 = DEFINITIONAL_REPRESENTATION('',(#6434),#6437);
#6434 = B_SPLINE_CURVE_WITH_KNOTS('',1,(#6435,#6436),.UNSPECIFIED.,.F.,
  .F.,(2,2),(-0.22131211055,9.37868788945),.PIECEWISE_BEZIER_KNOTS.);
#6435 = CARTESIAN_POINT('',(5.2,3.));
#6436 = CARTESIAN_POINT('',(14.8,3.));
#6437 = ( GEOMETRIC_REPRESENTATION_CONTEXT(2) 
PARAMETRIC_REPRESENTATION_CONTEXT() REPRESENTATION_CONTEXT('2D SPACE',''
  ) );
#6438 = ORIENTED_EDGE('',*,*,#6439,.F.);
#6439 = EDGE_CURVE('',#6440,#6419,#6442,.T.);
#6440 = VERTEX_POINT('',#6441);
#6441 = CARTESIAN_POINT('',(12.649110640674,3.,12.));
#6442 = SURFACE_CURVE('',#6443,(#6447,#6453),.PCURVE_S1.);
#6443 = LINE('',#6444,#6445);
#6444 = CARTESIAN_POINT('',(12.649110640674,3.,11.));
#6445 = VECTOR('',#6446,1.);
#6446 = DIRECTION('',(0.E+000,0.E+000,1.));
#6447 = PCURVE('',#4978,#6448);
#6448 = DEFINITIONAL_REPRESENTATION('',(#6449),#6452);
#6449 = B_SPLINE_CURVE_WITH_KNOTS('',1,(#6450,#6451),.UNSPECIFIED.,.F.,
  .F.,(2,2),(0.9999996,2.0000004),.PIECEWISE_BEZIER_KNOTS.);
#6450 = CARTESIAN_POINT('',(11.9999996,1.806486419573));
#6451 = CARTESIAN_POINT('',(13.0000004,1.806486419573));
#6452 = ( GEOMETRIC_REPRESENTATION_CONTEXT(2) 
PARAMETRIC_REPRESENTATION_CONTEXT() REPRESENTATION_CONTEXT('2D SPACE',''
  ) );
#6453 = PCURVE('',#5778,#6454);
#6454 = DEFINITIONAL_REPRESENTATION('',(#6455),#6481);
#6455 = B_SPLINE_CURVE_WITH_KNOTS('',3,(#6456,#6457,#6458,#6459,#6460,
    #6461,#6462,#6463,#6464,#6465,#6466,#6467,#6468,#6469,#6470,#6471,
    #6472,#6473,#6474,#6475,#6476,#6477,#6478,#6479,#6480),
  .UNSPECIFIED.,.F.,.F.,(4,1,1,1,1,1,1,1,1,1,1,1,1,1,1,1,1,1,1,1,1,1,4),
  (1.,1.045454545455,1.090909090909,1.136363636364,1.181818181818,
    1.227272727273,1.272727272727,1.318181818182,1.363636363636,
    1.409090909091,1.454545454545,1.5,1.545454545455,1.590909090909,
    1.636363636364,1.681818181818,1.727272727273,1.772727272727,
    1.818181818182,1.863636363636,1.909090909091,1.954545454545,2.),
  .QUASI_UNIFORM_KNOTS.);
#6456 = CARTESIAN_POINT('',(6.516053485438,1.));
#6457 = CARTESIAN_POINT('',(6.516053485438,1.015151515152));
#6458 = CARTESIAN_POINT('',(6.516053485438,1.045454545455));
#6459 = CARTESIAN_POINT('',(6.516053485438,1.090909090909));
#6460 = CARTESIAN_POINT('',(6.516053485438,1.136363636364));
#6461 = CARTESIAN_POINT('',(6.516053485438,1.181818181818));
#6462 = CARTESIAN_POINT('',(6.516053485438,1.227272727273));
#6463 = CARTESIAN_POINT('',(6.516053485438,1.272727272727));
#6464 = CARTESIAN_POINT('',(6.516053485438,1.318181818182));
#6465 = CARTESIAN_POINT('',(6.516053485438,1.363636363636));
#6466 = CARTESIAN_POINT('',(6.516053485438,1.409090909091));
#6467 = CARTESIAN_POINT('',(6.516053485438,1.454545454545));
#6468 = CARTESIAN_POINT('',(6.516053485438,1.5));
#6469 = CARTESIAN_POINT('',(6.516053485438,1.545454545455));
#6470 = CARTESIAN_POINT('',(6.516053485438,1.590909090909));
#6471 = CARTESIAN_POINT('',(6.516053485438,1.636363636364));
#6472 = CARTESIAN_POINT('',(6.516053485438,1.681818181818));
#6473 = CARTESIAN_POINT('',(6.516053485438,1.727272727273));
#6474 = CARTESIAN_POINT('',(6.516053485438,1.772727272727));
#6475 = CARTESIAN_POINT('',(6.516053485438,1.818181818182));
#6476 = CARTESIAN_POINT('',(6.516053485438,1.863636363636));
#6477 = CARTESIAN_POINT('',(6.516053485438,1.909090909091));
#6478 = CARTESIAN_POINT('',(6.516053485438,1.954545454545));
#6479 = CARTESIAN_POINT('',(6.516053485438,1.984848484848));
#6480 = CARTESIAN_POINT('',(6.516053485438,2.));
#6481 = ( GEOMETRIC_REPRESENTATION_CONTEXT(2) 
PARAMETRIC_REPRESENTATION_CONTEXT() REPRESENTATION_CONTEXT('2D SPACE',''
  ) );
#6482 = ORIENTED_EDGE('',*,*,#6483,.T.);
#6483 = EDGE_CURVE('',#6440,#6484,#6486,.T.);
#6484 = VERTEX_POINT('',#6485);
#6485 = CARTESIAN_POINT('',(13.674794331177,3.,12.));
#6486 = SURFACE_CURVE('',#6487,(#6491,#6497),.PCURVE_S1.);
#6487 = LINE('',#6488,#6489);
#6488 = CARTESIAN_POINT('',(5.42131211055,3.,12.));
#6489 = VECTOR('',#6490,1.);
#6490 = DIRECTION('',(1.,0.E+000,0.E+000));
#6491 = PCURVE('',#4978,#6492);
#6492 = DEFINITIONAL_REPRESENTATION('',(#6493),#6496);
#6493 = B_SPLINE_CURVE_WITH_KNOTS('',1,(#6494,#6495),.UNSPECIFIED.,.F.,
  .F.,(2,2),(-0.22131211055,9.37868788945),.PIECEWISE_BEZIER_KNOTS.);
#6494 = CARTESIAN_POINT('',(12.,-5.642624221101));
#6495 = CARTESIAN_POINT('',(12.,3.957375778899));
#6496 = ( GEOMETRIC_REPRESENTATION_CONTEXT(2) 
PARAMETRIC_REPRESENTATION_CONTEXT() REPRESENTATION_CONTEXT('2D SPACE',''
  ) );
#6497 = PCURVE('',#5752,#6498);
#6498 = DEFINITIONAL_REPRESENTATION('',(#6499),#6502);
#6499 = B_SPLINE_CURVE_WITH_KNOTS('',1,(#6500,#6501),.UNSPECIFIED.,.F.,
  .F.,(2,2),(-0.22131211055,9.37868788945),.PIECEWISE_BEZIER_KNOTS.);
#6500 = CARTESIAN_POINT('',(5.2,3.));
#6501 = CARTESIAN_POINT('',(14.8,3.));
#6502 = ( GEOMETRIC_REPRESENTATION_CONTEXT(2) 
PARAMETRIC_REPRESENTATION_CONTEXT() REPRESENTATION_CONTEXT('2D SPACE',''
  ) );
#6503 = ORIENTED_EDGE('',*,*,#6504,.F.);
#6504 = EDGE_CURVE('',#6505,#6484,#6507,.T.);
#6505 = VERTEX_POINT('',#6506);
#6506 = CARTESIAN_POINT('',(13.674794331177,3.,10.728014104616));
#6507 = SURFACE_CURVE('',#6508,(#6512,#6518),.PCURVE_S1.);
#6508 = LINE('',#6509,#6510);
#6509 = CARTESIAN_POINT('',(13.674794331177,3.,1.));
#6510 = VECTOR('',#6511,1.);
#6511 = DIRECTION('',(0.E+000,0.E+000,1.));
#6512 = PCURVE('',#4978,#6513);
#6513 = DEFINITIONAL_REPRESENTATION('',(#6514),#6517);
#6514 = B_SPLINE_CURVE_WITH_KNOTS('',1,(#6515,#6516),.UNSPECIFIED.,.F.,
  .F.,(2,2),(-4.000000000115E-007,11.0000004),.PIECEWISE_BEZIER_KNOTS.);
#6515 = CARTESIAN_POINT('',(0.9999996,2.832170110077));
#6516 = CARTESIAN_POINT('',(12.0000004,2.832170110077));
#6517 = ( GEOMETRIC_REPRESENTATION_CONTEXT(2) 
PARAMETRIC_REPRESENTATION_CONTEXT() REPRESENTATION_CONTEXT('2D SPACE',''
  ) );
#6518 = PCURVE('',#6519,#6524);
#6519 = CYLINDRICAL_SURFACE('',#6520,14.);
#6520 = AXIS2_PLACEMENT_3D('',#6521,#6522,#6523);
#6521 = CARTESIAN_POINT('',(0.E+000,0.E+000,1.));
#6522 = DIRECTION('',(0.E+000,0.E+000,1.));
#6523 = DIRECTION('',(1.,0.E+000,0.E+000));
#6524 = DEFINITIONAL_REPRESENTATION('',(#6525),#6551);
#6525 = B_SPLINE_CURVE_WITH_KNOTS('',3,(#6526,#6527,#6528,#6529,#6530,
    #6531,#6532,#6533,#6534,#6535,#6536,#6537,#6538,#6539,#6540,#6541,
    #6542,#6543,#6544,#6545,#6546,#6547,#6548,#6549,#6550),
  .UNSPECIFIED.,.F.,.F.,(4,1,1,1,1,1,1,1,1,1,1,1,1,1,1,1,1,1,1,1,1,1,4),
  (0.E+000,0.5,1.,1.5,2.,2.5,3.,3.5,4.,4.5,5.,5.5,6.,6.5,7.,7.5,8.,8.5,
    9.,9.5,10.,10.5,11.),.QUASI_UNIFORM_KNOTS.);
#6526 = CARTESIAN_POINT('',(6.499145805865,0.E+000));
#6527 = CARTESIAN_POINT('',(6.499145805865,0.166666666667));
#6528 = CARTESIAN_POINT('',(6.499145805865,0.5));
#6529 = CARTESIAN_POINT('',(6.499145805865,1.));
#6530 = CARTESIAN_POINT('',(6.499145805865,1.5));
#6531 = CARTESIAN_POINT('',(6.499145805865,2.));
#6532 = CARTESIAN_POINT('',(6.499145805865,2.5));
#6533 = CARTESIAN_POINT('',(6.499145805865,3.));
#6534 = CARTESIAN_POINT('',(6.499145805865,3.5));
#6535 = CARTESIAN_POINT('',(6.499145805865,4.));
#6536 = CARTESIAN_POINT('',(6.499145805865,4.5));
#6537 = CARTESIAN_POINT('',(6.499145805865,5.));
#6538 = CARTESIAN_POINT('',(6.499145805865,5.5));
#6539 = CARTESIAN_POINT('',(6.499145805865,6.));
#6540 = CARTESIAN_POINT('',(6.499145805865,6.5));
#6541 = CARTESIAN_POINT('',(6.499145805865,7.));
#6542 = CARTESIAN_POINT('',(6.499145805865,7.5));
#6543 = CARTESIAN_POINT('',(6.499145805865,8.));
#6544 = CARTESIAN_POINT('',(6.499145805865,8.5));
#6545 = CARTESIAN_POINT('',(6.499145805865,9.));
#6546 = CARTESIAN_POINT('',(6.499145805865,9.5));
#6547 = CARTESIAN_POINT('',(6.499145805865,10.));
#6548 = CARTESIAN_POINT('',(6.499145805865,10.5));
#6549 = CARTESIAN_POINT('',(6.499145805865,10.833333333333));
#6550 = CARTESIAN_POINT('',(6.499145805865,11.));
#6551 = ( GEOMETRIC_REPRESENTATION_CONTEXT(2) 
PARAMETRIC_REPRESENTATION_CONTEXT() REPRESENTATION_CONTEXT('2D SPACE',''
  ) );
#6552 = ORIENTED_EDGE('',*,*,#6553,.T.);
#6553 = EDGE_CURVE('',#6505,#5186,#6554,.T.);
#6554 = SURFACE_CURVE('',#6555,(#6559,#6565),.PCURVE_S1.);
#6555 = LINE('',#6556,#6557);
#6556 = CARTESIAN_POINT('',(10.995394696564,3.,-1.847086321612E-002));
#6557 = VECTOR('',#6558,1.);
#6558 = DIRECTION('',(-0.2419218956,0.E+000,-0.970295726276));
#6559 = PCURVE('',#4978,#6560);
#6560 = DEFINITIONAL_REPRESENTATION('',(#6561),#6564);
#6561 = B_SPLINE_CURVE_WITH_KNOTS('',1,(#6562,#6563),.UNSPECIFIED.,.F.,
  .F.,(2,2),(-15.72658520224,1.423822757713),.PIECEWISE_BEZIER_KNOTS.);
#6562 = CARTESIAN_POINT('',(15.240967547436,3.957375778899));
#6563 = CARTESIAN_POINT('',(-1.4,-0.191683425081));
#6564 = ( GEOMETRIC_REPRESENTATION_CONTEXT(2) 
PARAMETRIC_REPRESENTATION_CONTEXT() REPRESENTATION_CONTEXT('2D SPACE',''
  ) );
#6565 = PCURVE('',#5201,#6566);
#6566 = DEFINITIONAL_REPRESENTATION('',(#6567),#6570);
#6567 = B_SPLINE_CURVE_WITH_KNOTS('',1,(#6568,#6569),.UNSPECIFIED.,.F.,
  .F.,(2,2),(-15.72658520224,1.423822757713),.PIECEWISE_BEZIER_KNOTS.);
#6568 = CARTESIAN_POINT('',(15.707548878867,-8.));
#6569 = CARTESIAN_POINT('',(-1.44285908109,-8.));
#6570 = ( GEOMETRIC_REPRESENTATION_CONTEXT(2) 
PARAMETRIC_REPRESENTATION_CONTEXT() REPRESENTATION_CONTEXT('2D SPACE',''
  ) );
#6571 = ADVANCED_FACE('',(#6572,#6656),#5201,.T.);
#6572 = FACE_BOUND('',#6573,.T.);
#6573 = EDGE_LOOP('',(#6574,#6575,#6576,#6577,#6607,#6628));
#6574 = ORIENTED_EDGE('',*,*,#5667,.F.);
#6575 = ORIENTED_EDGE('',*,*,#5183,.T.);
#6576 = ORIENTED_EDGE('',*,*,#6553,.F.);
#6577 = ORIENTED_EDGE('',*,*,#6578,.T.);
#6578 = EDGE_CURVE('',#6505,#6579,#6581,.T.);
#6579 = VERTEX_POINT('',#6580);
#6580 = CARTESIAN_POINT('',(13.991936034118,0.475106321938,12.));
#6581 = SURFACE_CURVE('',#6582,(#6587,#6594),.PCURVE_S1.);
#6582 = ELLIPSE('',#6583,57.869916922142,14.);
#6583 = AXIS2_PLACEMENT_3D('',#6584,#6585,#6586);
#6584 = CARTESIAN_POINT('',(0.E+000,0.E+000,-44.11859026889));
#6585 = DIRECTION('',(0.970295726276,0.E+000,-0.2419218956));
#6586 = DIRECTION('',(0.2419218956,0.E+000,0.970295726276));
#6587 = PCURVE('',#5201,#6588);
#6588 = DEFINITIONAL_REPRESENTATION('',(#6589),#6593);
#6589 = ELLIPSE('',#6590,57.869916922142,14.);
#6590 = AXIS2_PLACEMENT_2D('',#6591,#6592);
#6591 = CARTESIAN_POINT('',(-45.46922043882,-5.));
#6592 = DIRECTION('',(1.,0.E+000));
#6593 = ( GEOMETRIC_REPRESENTATION_CONTEXT(2) 
PARAMETRIC_REPRESENTATION_CONTEXT() REPRESENTATION_CONTEXT('2D SPACE',''
  ) );
#6594 = PCURVE('',#6519,#6595);
#6595 = DEFINITIONAL_REPRESENTATION('',(#6596),#6606);
#6596 = B_SPLINE_CURVE_WITH_KNOTS('',8,(#6597,#6598,#6599,#6600,#6601,
    #6602,#6603,#6604,#6605),.UNSPECIFIED.,.F.,.F.,(9,9),(6.067224808495
    ,6.249242834023),.PIECEWISE_BEZIER_KNOTS.);
#6597 = CARTESIAN_POINT('',(6.499145805865,9.728014104616));
#6598 = CARTESIAN_POINT('',(6.476393551923,10.001777022273));
#6599 = CARTESIAN_POINT('',(6.453641298982,10.243091735653));
#6600 = CARTESIAN_POINT('',(6.430889046041,10.451742306257));
#6601 = CARTESIAN_POINT('',(6.408136793101,10.62754861814));
#6602 = CARTESIAN_POINT('',(6.385384540159,10.770366746605));
#6603 = CARTESIAN_POINT('',(6.362632287218,10.880089218585));
#6604 = CARTESIAN_POINT('',(6.339880034277,10.956645168919));
#6605 = CARTESIAN_POINT('',(6.317127780336,11.0000004));
#6606 = ( GEOMETRIC_REPRESENTATION_CONTEXT(2) 
PARAMETRIC_REPRESENTATION_CONTEXT() REPRESENTATION_CONTEXT('2D SPACE',''
  ) );
#6607 = ORIENTED_EDGE('',*,*,#6608,.F.);
#6608 = EDGE_CURVE('',#6609,#6579,#6611,.T.);
#6609 = VERTEX_POINT('',#6610);
#6610 = CARTESIAN_POINT('',(13.991936034118,-0.475106321938,12.));
#6611 = SURFACE_CURVE('',#6612,(#6616,#6622),.PCURVE_S1.);
#6612 = LINE('',#6613,#6614);
#6613 = CARTESIAN_POINT('',(13.991936034118,-2.5,12.));
#6614 = VECTOR('',#6615,1.);
#6615 = DIRECTION('',(0.E+000,1.,0.E+000));
#6616 = PCURVE('',#5201,#6617);
#6617 = DEFINITIONAL_REPRESENTATION('',(#6618),#6621);
#6618 = B_SPLINE_CURVE_WITH_KNOTS('',1,(#6619,#6620),.UNSPECIFIED.,.F.,
  .F.,(2,2),(-1.1,6.1),.PIECEWISE_BEZIER_KNOTS.);
#6619 = CARTESIAN_POINT('',(12.367363552199,-1.4));
#6620 = CARTESIAN_POINT('',(12.367363552199,-8.6));
#6621 = ( GEOMETRIC_REPRESENTATION_CONTEXT(2) 
PARAMETRIC_REPRESENTATION_CONTEXT() REPRESENTATION_CONTEXT('2D SPACE',''
  ) );
#6622 = PCURVE('',#5752,#6623);
#6623 = DEFINITIONAL_REPRESENTATION('',(#6624),#6627);
#6624 = B_SPLINE_CURVE_WITH_KNOTS('',1,(#6625,#6626),.UNSPECIFIED.,.F.,
  .F.,(2,2),(-1.1,6.1),.PIECEWISE_BEZIER_KNOTS.);
#6625 = CARTESIAN_POINT('',(13.991936034118,-3.6));
#6626 = CARTESIAN_POINT('',(13.991936034118,3.6));
#6627 = ( GEOMETRIC_REPRESENTATION_CONTEXT(2) 
PARAMETRIC_REPRESENTATION_CONTEXT() REPRESENTATION_CONTEXT('2D SPACE',''
  ) );
#6628 = ORIENTED_EDGE('',*,*,#6629,.T.);
#6629 = EDGE_CURVE('',#6609,#5668,#6630,.T.);
#6630 = SURFACE_CURVE('',#6631,(#6636,#6643),.PCURVE_S1.);
#6631 = ELLIPSE('',#6632,57.869916922142,14.);
#6632 = AXIS2_PLACEMENT_3D('',#6633,#6634,#6635);
#6633 = CARTESIAN_POINT('',(0.E+000,0.E+000,-44.11859026889));
#6634 = DIRECTION('',(0.970295726276,0.E+000,-0.2419218956));
#6635 = DIRECTION('',(0.2419218956,0.E+000,0.970295726276));
#6636 = PCURVE('',#5201,#6637);
#6637 = DEFINITIONAL_REPRESENTATION('',(#6638),#6642);
#6638 = ELLIPSE('',#6639,57.869916922142,14.);
#6639 = AXIS2_PLACEMENT_2D('',#6640,#6641);
#6640 = CARTESIAN_POINT('',(-45.46922043882,-5.));
#6641 = DIRECTION('',(1.,0.E+000));
#6642 = ( GEOMETRIC_REPRESENTATION_CONTEXT(2) 
PARAMETRIC_REPRESENTATION_CONTEXT() REPRESENTATION_CONTEXT('2D SPACE',''
  ) );
#6643 = PCURVE('',#5703,#6644);
#6644 = DEFINITIONAL_REPRESENTATION('',(#6645),#6655);
#6645 = B_SPLINE_CURVE_WITH_KNOTS('',8,(#6646,#6647,#6648,#6649,#6650,
    #6651,#6652,#6653,#6654),.UNSPECIFIED.,.F.,.F.,(9,9),(
    3.394247315648E-002,0.215960498685),.PIECEWISE_BEZIER_KNOTS.);
#6646 = CARTESIAN_POINT('',(6.249242834023,11.0000004));
#6647 = CARTESIAN_POINT('',(6.226490580082,10.956645168919));
#6648 = CARTESIAN_POINT('',(6.203738327136,10.880089218578));
#6649 = CARTESIAN_POINT('',(6.180986074203,10.770366746674));
#6650 = CARTESIAN_POINT('',(6.158233821236,10.627548618075));
#6651 = CARTESIAN_POINT('',(6.135481568312,10.451742306293));
#6652 = CARTESIAN_POINT('',(6.112729315368,10.243091735641));
#6653 = CARTESIAN_POINT('',(6.089977062436,10.001777022273));
#6654 = CARTESIAN_POINT('',(6.067224808495,9.728014104616));
#6655 = ( GEOMETRIC_REPRESENTATION_CONTEXT(2) 
PARAMETRIC_REPRESENTATION_CONTEXT() REPRESENTATION_CONTEXT('2D SPACE',''
  ) );
#6656 = FACE_BOUND('',#6657,.T.);
#6657 = EDGE_LOOP('',(#6658,#6686,#6712,#6747));
#6658 = ORIENTED_EDGE('',*,*,#6659,.T.);
#6659 = EDGE_CURVE('',#6660,#6662,#6664,.T.);
#6660 = VERTEX_POINT('',#6661);
#6661 = CARTESIAN_POINT('',(13.493280028432,-2.,10.));
#6662 = VERTEX_POINT('',#6663);
#6663 = CARTESIAN_POINT('',(13.493280028432,2.,10.));
#6664 = SURFACE_CURVE('',#6665,(#6669,#6675),.PCURVE_S1.);
#6665 = LINE('',#6666,#6667);
#6666 = CARTESIAN_POINT('',(13.493280028432,-4.,10.));
#6667 = VECTOR('',#6668,1.);
#6668 = DIRECTION('',(0.E+000,1.,0.E+000));
#6669 = PCURVE('',#5201,#6670);
#6670 = DEFINITIONAL_REPRESENTATION('',(#6671),#6674);
#6671 = B_SPLINE_CURVE_WITH_KNOTS('',1,(#6672,#6673),.UNSPECIFIED.,.F.,
  .F.,(2,2),(1.6,6.4),.PIECEWISE_BEZIER_KNOTS.);
#6672 = CARTESIAN_POINT('',(10.306136293499,-2.6));
#6673 = CARTESIAN_POINT('',(10.306136293499,-7.4));
#6674 = ( GEOMETRIC_REPRESENTATION_CONTEXT(2) 
PARAMETRIC_REPRESENTATION_CONTEXT() REPRESENTATION_CONTEXT('2D SPACE',''
  ) );
#6675 = PCURVE('',#6676,#6681);
#6676 = PLANE('',#6677);
#6677 = AXIS2_PLACEMENT_3D('',#6678,#6679,#6680);
#6678 = CARTESIAN_POINT('',(10.,-3.,10.));
#6679 = DIRECTION('',(0.E+000,0.E+000,1.));
#6680 = DIRECTION('',(1.,0.E+000,0.E+000));
#6681 = DEFINITIONAL_REPRESENTATION('',(#6682),#6685);
#6682 = B_SPLINE_CURVE_WITH_KNOTS('',1,(#6683,#6684),.UNSPECIFIED.,.F.,
  .F.,(2,2),(1.6,6.4),.PIECEWISE_BEZIER_KNOTS.);
#6683 = CARTESIAN_POINT('',(3.493280028432,0.6));
#6684 = CARTESIAN_POINT('',(3.493280028432,5.4));
#6685 = ( GEOMETRIC_REPRESENTATION_CONTEXT(2) 
PARAMETRIC_REPRESENTATION_CONTEXT() REPRESENTATION_CONTEXT('2D SPACE',''
  ) );
#6686 = ORIENTED_EDGE('',*,*,#6687,.T.);
#6687 = EDGE_CURVE('',#6662,#6688,#6690,.T.);
#6688 = VERTEX_POINT('',#6689);
#6689 = CARTESIAN_POINT('',(11.578536176909,2.,2.320381867709));
#6690 = SURFACE_CURVE('',#6691,(#6695,#6701),.PCURVE_S1.);
#6691 = LINE('',#6692,#6693);
#6692 = CARTESIAN_POINT('',(10.970736898215,2.,-0.117367890696));
#6693 = VECTOR('',#6694,1.);
#6694 = DIRECTION('',(-0.2419218956,0.E+000,-0.970295726276));
#6695 = PCURVE('',#5201,#6696);
#6696 = DEFINITIONAL_REPRESENTATION('',(#6697),#6700);
#6697 = B_SPLINE_CURVE_WITH_KNOTS('',1,(#6698,#6699),.UNSPECIFIED.,.F.,
  .F.,(2,2),(-11.45771087064,0.797209751189),.PIECEWISE_BEZIER_KNOTS.);
#6698 = CARTESIAN_POINT('',(11.336749922849,-7.));
#6699 = CARTESIAN_POINT('',(-0.918170698989,-7.));
#6700 = ( GEOMETRIC_REPRESENTATION_CONTEXT(2) 
PARAMETRIC_REPRESENTATION_CONTEXT() REPRESENTATION_CONTEXT('2D SPACE',''
  ) );
#6701 = PCURVE('',#6702,#6707);
#6702 = PLANE('',#6703);
#6703 = AXIS2_PLACEMENT_3D('',#6704,#6705,#6706);
#6704 = CARTESIAN_POINT('',(10.,2.,0.E+000));
#6705 = DIRECTION('',(0.E+000,1.,0.E+000));
#6706 = DIRECTION('',(0.E+000,0.E+000,1.));
#6707 = DEFINITIONAL_REPRESENTATION('',(#6708),#6711);
#6708 = B_SPLINE_CURVE_WITH_KNOTS('',1,(#6709,#6710),.UNSPECIFIED.,.F.,
  .F.,(2,2),(-11.45771087064,0.797209751189),.PIECEWISE_BEZIER_KNOTS.);
#6709 = CARTESIAN_POINT('',(11.,3.742608031275));
#6710 = CARTESIAN_POINT('',(-0.890897105221,0.777874404016));
#6711 = ( GEOMETRIC_REPRESENTATION_CONTEXT(2) 
PARAMETRIC_REPRESENTATION_CONTEXT() REPRESENTATION_CONTEXT('2D SPACE',''
  ) );
#6712 = ORIENTED_EDGE('',*,*,#6713,.T.);
#6713 = EDGE_CURVE('',#6688,#6714,#6716,.T.);
#6714 = VERTEX_POINT('',#6715);
#6715 = CARTESIAN_POINT('',(11.578536176909,-2.,2.320381867709));
#6716 = SURFACE_CURVE('',#6717,(#6722,#6729),.PCURVE_S1.);
#6717 = ELLIPSE('',#6718,48.569394559655,11.75);
#6718 = AXIS2_PLACEMENT_3D('',#6719,#6720,#6721);
#6719 = CARTESIAN_POINT('',(0.E+000,0.E+000,-44.11859026889));
#6720 = DIRECTION('',(0.970295726276,0.E+000,-0.2419218956));
#6721 = DIRECTION('',(0.2419218956,0.E+000,0.970295726276));
#6722 = PCURVE('',#5201,#6723);
#6723 = DEFINITIONAL_REPRESENTATION('',(#6724),#6728);
#6724 = ELLIPSE('',#6725,48.569394559655,11.75);
#6725 = AXIS2_PLACEMENT_2D('',#6726,#6727);
#6726 = CARTESIAN_POINT('',(-45.46922043882,-5.));
#6727 = DIRECTION('',(1.,0.E+000));
#6728 = ( GEOMETRIC_REPRESENTATION_CONTEXT(2) 
PARAMETRIC_REPRESENTATION_CONTEXT() REPRESENTATION_CONTEXT('2D SPACE',''
  ) );
#6729 = PCURVE('',#6730,#6735);
#6730 = CYLINDRICAL_SURFACE('',#6731,11.75);
#6731 = AXIS2_PLACEMENT_3D('',#6732,#6733,#6734);
#6732 = CARTESIAN_POINT('',(0.E+000,0.E+000,0.E+000));
#6733 = DIRECTION('',(0.E+000,0.E+000,1.));
#6734 = DIRECTION('',(1.,0.E+000,0.E+000));
#6735 = DEFINITIONAL_REPRESENTATION('',(#6736),#6746);
#6736 = B_SPLINE_CURVE_WITH_KNOTS('',8,(#6737,#6738,#6739,#6740,#6741,
    #6742,#6743,#6744,#6745),.UNSPECIFIED.,.F.,.F.,(9,9),(6.112139725317
    ,6.454230889043),.PIECEWISE_BEZIER_KNOTS.);
#6737 = CARTESIAN_POINT('',(0.171045581863,2.320381867709));
#6738 = CARTESIAN_POINT('',(0.128284185647,2.66339505099));
#6739 = CARTESIAN_POINT('',(8.552279043154E-002,2.909362083245));
#6740 = CARTESIAN_POINT('',(4.276139521576E-002,3.057327220471));
#6741 = CARTESIAN_POINT('',(2.84217094304E-014,3.10671327596));
#6742 = CARTESIAN_POINT('',(-4.276139521581E-002,3.057327220466));
#6743 = CARTESIAN_POINT('',(-8.552279043152E-002,2.909362083244));
#6744 = CARTESIAN_POINT('',(-0.128284185647,2.66339505099));
#6745 = CARTESIAN_POINT('',(-0.171045581863,2.320381867709));
#6746 = ( GEOMETRIC_REPRESENTATION_CONTEXT(2) 
PARAMETRIC_REPRESENTATION_CONTEXT() REPRESENTATION_CONTEXT('2D SPACE',''
  ) );
#6747 = ORIENTED_EDGE('',*,*,#6748,.F.);
#6748 = EDGE_CURVE('',#6660,#6714,#6749,.T.);
#6749 = SURFACE_CURVE('',#6750,(#6754,#6760),.PCURVE_S1.);
#6750 = LINE('',#6751,#6752);
#6751 = CARTESIAN_POINT('',(10.970736898215,-2.,-0.117367890696));
#6752 = VECTOR('',#6753,1.);
#6753 = DIRECTION('',(-0.2419218956,0.E+000,-0.970295726276));
#6754 = PCURVE('',#5201,#6755);
#6755 = DEFINITIONAL_REPRESENTATION('',(#6756),#6759);
#6756 = B_SPLINE_CURVE_WITH_KNOTS('',1,(#6757,#6758),.UNSPECIFIED.,.F.,
  .F.,(2,2),(-11.45771087064,0.797209751189),.PIECEWISE_BEZIER_KNOTS.);
#6757 = CARTESIAN_POINT('',(11.336749922849,-3.));
#6758 = CARTESIAN_POINT('',(-0.918170698989,-3.));
#6759 = ( GEOMETRIC_REPRESENTATION_CONTEXT(2) 
PARAMETRIC_REPRESENTATION_CONTEXT() REPRESENTATION_CONTEXT('2D SPACE',''
  ) );
#6760 = PCURVE('',#6761,#6766);
#6761 = PLANE('',#6762);
#6762 = AXIS2_PLACEMENT_3D('',#6763,#6764,#6765);
#6763 = CARTESIAN_POINT('',(10.,-2.,0.E+000));
#6764 = DIRECTION('',(0.E+000,1.,0.E+000));
#6765 = DIRECTION('',(0.E+000,0.E+000,1.));
#6766 = DEFINITIONAL_REPRESENTATION('',(#6767),#6770);
#6767 = B_SPLINE_CURVE_WITH_KNOTS('',1,(#6768,#6769),.UNSPECIFIED.,.F.,
  .F.,(2,2),(-11.45771087064,0.797209751189),.PIECEWISE_BEZIER_KNOTS.);
#6768 = CARTESIAN_POINT('',(11.,3.742608031275));
#6769 = CARTESIAN_POINT('',(-0.890897105221,0.777874404016));
#6770 = ( GEOMETRIC_REPRESENTATION_CONTEXT(2) 
PARAMETRIC_REPRESENTATION_CONTEXT() REPRESENTATION_CONTEXT('2D SPACE',''
  ) );
#6771 = ADVANCED_FACE('',(#6772,#6856),#5343,.T.);
#6772 = FACE_BOUND('',#6773,.T.);
#6773 = EDGE_LOOP('',(#6774,#6775,#6776,#6777,#6807,#6828));
#6774 = ORIENTED_EDGE('',*,*,#6141,.F.);
#6775 = ORIENTED_EDGE('',*,*,#5327,.T.);
#6776 = ORIENTED_EDGE('',*,*,#5866,.T.);
#6777 = ORIENTED_EDGE('',*,*,#6778,.T.);
#6778 = EDGE_CURVE('',#5867,#6779,#6781,.T.);
#6779 = VERTEX_POINT('',#6780);
#6780 = CARTESIAN_POINT('',(-13.99193603411,-0.475106321938,12.));
#6781 = SURFACE_CURVE('',#6782,(#6787,#6794),.PCURVE_S1.);
#6782 = ELLIPSE('',#6783,57.869916922143,14.);
#6783 = AXIS2_PLACEMENT_3D('',#6784,#6785,#6786);
#6784 = CARTESIAN_POINT('',(0.E+000,0.E+000,-44.11859026889));
#6785 = DIRECTION('',(-0.970295726276,1.18826955541E-016,-0.2419218956)
  );
#6786 = DIRECTION('',(-0.2419218956,2.962688750898E-017,0.970295726276)
  );
#6787 = PCURVE('',#5343,#6788);
#6788 = DEFINITIONAL_REPRESENTATION('',(#6789),#6793);
#6789 = ELLIPSE('',#6790,57.869916922143,14.);
#6790 = AXIS2_PLACEMENT_2D('',#6791,#6792);
#6791 = CARTESIAN_POINT('',(-45.46922043882,-5.));
#6792 = DIRECTION('',(1.,5.363597103146E-033));
#6793 = ( GEOMETRIC_REPRESENTATION_CONTEXT(2) 
PARAMETRIC_REPRESENTATION_CONTEXT() REPRESENTATION_CONTEXT('2D SPACE',''
  ) );
#6794 = PCURVE('',#5902,#6795);
#6795 = DEFINITIONAL_REPRESENTATION('',(#6796),#6806);
#6796 = B_SPLINE_CURVE_WITH_KNOTS('',8,(#6797,#6798,#6799,#6800,#6801,
    #6802,#6803,#6804,#6805),.UNSPECIFIED.,.F.,.F.,(9,9),(6.067224808495
    ,6.249242834023),.PIECEWISE_BEZIER_KNOTS.);
#6797 = CARTESIAN_POINT('',(3.357553152275,9.728014104616));
#6798 = CARTESIAN_POINT('',(3.334800898334,10.001777022273));
#6799 = CARTESIAN_POINT('',(3.312048645388,10.243091735647));
#6800 = CARTESIAN_POINT('',(3.289296392466,10.451742306253));
#6801 = CARTESIAN_POINT('',(3.266544139482,10.62754861814));
#6802 = CARTESIAN_POINT('',(3.243791886582,10.770366746612));
#6803 = CARTESIAN_POINT('',(3.221039633623,10.880089218594));
#6804 = CARTESIAN_POINT('',(3.198287380687,10.956645168919));
#6805 = CARTESIAN_POINT('',(3.175535126746,11.0000004));
#6806 = ( GEOMETRIC_REPRESENTATION_CONTEXT(2) 
PARAMETRIC_REPRESENTATION_CONTEXT() REPRESENTATION_CONTEXT('2D SPACE',''
  ) );
#6807 = ORIENTED_EDGE('',*,*,#6808,.F.);
#6808 = EDGE_CURVE('',#6809,#6779,#6811,.T.);
#6809 = VERTEX_POINT('',#6810);
#6810 = CARTESIAN_POINT('',(-13.99193603411,0.475106321938,12.));
#6811 = SURFACE_CURVE('',#6812,(#6816,#6822),.PCURVE_S1.);
#6812 = LINE('',#6813,#6814);
#6813 = CARTESIAN_POINT('',(-13.99193603411,2.5,12.));
#6814 = VECTOR('',#6815,1.);
#6815 = DIRECTION('',(-1.224646799147E-016,-1.,0.E+000));
#6816 = PCURVE('',#5343,#6817);
#6817 = DEFINITIONAL_REPRESENTATION('',(#6818),#6821);
#6818 = B_SPLINE_CURVE_WITH_KNOTS('',1,(#6819,#6820),.UNSPECIFIED.,.F.,
  .F.,(2,2),(-1.1,6.1),.PIECEWISE_BEZIER_KNOTS.);
#6819 = CARTESIAN_POINT('',(12.367363552199,-1.4));
#6820 = CARTESIAN_POINT('',(12.367363552199,-8.6));
#6821 = ( GEOMETRIC_REPRESENTATION_CONTEXT(2) 
PARAMETRIC_REPRESENTATION_CONTEXT() REPRESENTATION_CONTEXT('2D SPACE',''
  ) );
#6822 = PCURVE('',#5951,#6823);
#6823 = DEFINITIONAL_REPRESENTATION('',(#6824),#6827);
#6824 = B_SPLINE_CURVE_WITH_KNOTS('',1,(#6825,#6826),.UNSPECIFIED.,.F.,
  .F.,(2,2),(-1.1,6.1),.PIECEWISE_BEZIER_KNOTS.);
#6825 = CARTESIAN_POINT('',(-13.99193603411,3.6));
#6826 = CARTESIAN_POINT('',(-13.99193603411,-3.6));
#6827 = ( GEOMETRIC_REPRESENTATION_CONTEXT(2) 
PARAMETRIC_REPRESENTATION_CONTEXT() REPRESENTATION_CONTEXT('2D SPACE',''
  ) );
#6828 = ORIENTED_EDGE('',*,*,#6829,.T.);
#6829 = EDGE_CURVE('',#6809,#6142,#6830,.T.);
#6830 = SURFACE_CURVE('',#6831,(#6836,#6843),.PCURVE_S1.);
#6831 = ELLIPSE('',#6832,57.869916922143,14.);
#6832 = AXIS2_PLACEMENT_3D('',#6833,#6834,#6835);
#6833 = CARTESIAN_POINT('',(0.E+000,0.E+000,-44.11859026889));
#6834 = DIRECTION('',(-0.970295726276,1.18826955541E-016,-0.2419218956)
  );
#6835 = DIRECTION('',(-0.2419218956,2.962688750898E-017,0.970295726276)
  );
#6836 = PCURVE('',#5343,#6837);
#6837 = DEFINITIONAL_REPRESENTATION('',(#6838),#6842);
#6838 = ELLIPSE('',#6839,57.869916922143,14.);
#6839 = AXIS2_PLACEMENT_2D('',#6840,#6841);
#6840 = CARTESIAN_POINT('',(-45.46922043882,-5.));
#6841 = DIRECTION('',(1.,5.363597103146E-033));
#6842 = ( GEOMETRIC_REPRESENTATION_CONTEXT(2) 
PARAMETRIC_REPRESENTATION_CONTEXT() REPRESENTATION_CONTEXT('2D SPACE',''
  ) );
#6843 = PCURVE('',#6177,#6844);
#6844 = DEFINITIONAL_REPRESENTATION('',(#6845),#6855);
#6845 = B_SPLINE_CURVE_WITH_KNOTS('',8,(#6846,#6847,#6848,#6849,#6850,
    #6851,#6852,#6853,#6854),.UNSPECIFIED.,.F.,.F.,(9,9),(
    3.39424731565E-002,0.215960498685),.PIECEWISE_BEZIER_KNOTS.);
#6846 = CARTESIAN_POINT('',(3.107650180433,11.0000004));
#6847 = CARTESIAN_POINT('',(3.084897926492,10.956645168919));
#6848 = CARTESIAN_POINT('',(3.062145673549,10.880089218564));
#6849 = CARTESIAN_POINT('',(3.039393420611,10.770366746685));
#6850 = CARTESIAN_POINT('',(3.016641167646,10.627548618002));
#6851 = CARTESIAN_POINT('',(2.993888914736,10.451742306301));
#6852 = CARTESIAN_POINT('',(2.971136661783,10.243091735629));
#6853 = CARTESIAN_POINT('',(2.948384408846,10.001777022273));
#6854 = CARTESIAN_POINT('',(2.925632154905,9.728014104616));
#6855 = ( GEOMETRIC_REPRESENTATION_CONTEXT(2) 
PARAMETRIC_REPRESENTATION_CONTEXT() REPRESENTATION_CONTEXT('2D SPACE',''
  ) );
#6856 = FACE_BOUND('',#6857,.T.);
#6857 = EDGE_LOOP('',(#6858,#6886,#6921,#6947));
#6858 = ORIENTED_EDGE('',*,*,#6859,.F.);
#6859 = EDGE_CURVE('',#6860,#6862,#6864,.T.);
#6860 = VERTEX_POINT('',#6861);
#6861 = CARTESIAN_POINT('',(-11.5785361769,-2.,2.320381867709));
#6862 = VERTEX_POINT('',#6863);
#6863 = CARTESIAN_POINT('',(-13.49328002843,-2.,10.));
#6864 = SURFACE_CURVE('',#6865,(#6869,#6875),.PCURVE_S1.);
#6865 = LINE('',#6866,#6867);
#6866 = CARTESIAN_POINT('',(-11.08778930535,-2.,0.352103672089));
#6867 = VECTOR('',#6868,1.);
#6868 = DIRECTION('',(-0.2419218956,0.E+000,0.970295726276));
#6869 = PCURVE('',#5343,#6870);
#6870 = DEFINITIONAL_REPRESENTATION('',(#6871),#6874);
#6871 = B_SPLINE_CURVE_WITH_KNOTS('',1,(#6872,#6873),.UNSPECIFIED.,.F.,
  .F.,(2,2),(-1.281053542389,10.973867079449),.PIECEWISE_BEZIER_KNOTS.);
#6872 = CARTESIAN_POINT('',(-0.918170698989,-7.));
#6873 = CARTESIAN_POINT('',(11.336749922849,-7.));
#6874 = ( GEOMETRIC_REPRESENTATION_CONTEXT(2) 
PARAMETRIC_REPRESENTATION_CONTEXT() REPRESENTATION_CONTEXT('2D SPACE',''
  ) );
#6875 = PCURVE('',#6876,#6881);
#6876 = PLANE('',#6877);
#6877 = AXIS2_PLACEMENT_3D('',#6878,#6879,#6880);
#6878 = CARTESIAN_POINT('',(-14.,-2.,0.E+000));
#6879 = DIRECTION('',(0.E+000,1.,0.E+000));
#6880 = DIRECTION('',(0.E+000,0.E+000,1.));
#6881 = DEFINITIONAL_REPRESENTATION('',(#6882),#6885);
#6882 = B_SPLINE_CURVE_WITH_KNOTS('',1,(#6883,#6884),.UNSPECIFIED.,.F.,
  .F.,(2,2),(-1.281053542389,10.973867079449),.PIECEWISE_BEZIER_KNOTS.);
#6883 = CARTESIAN_POINT('',(-0.890897105221,3.222125595984));
#6884 = CARTESIAN_POINT('',(11.,0.257391968725));
#6885 = ( GEOMETRIC_REPRESENTATION_CONTEXT(2) 
PARAMETRIC_REPRESENTATION_CONTEXT() REPRESENTATION_CONTEXT('2D SPACE',''
  ) );
#6886 = ORIENTED_EDGE('',*,*,#6887,.T.);
#6887 = EDGE_CURVE('',#6860,#6888,#6890,.T.);
#6888 = VERTEX_POINT('',#6889);
#6889 = CARTESIAN_POINT('',(-11.5785361769,2.,2.320381867709));
#6890 = SURFACE_CURVE('',#6891,(#6896,#6903),.PCURVE_S1.);
#6891 = ELLIPSE('',#6892,48.569394559655,11.75);
#6892 = AXIS2_PLACEMENT_3D('',#6893,#6894,#6895);
#6893 = CARTESIAN_POINT('',(0.E+000,0.E+000,-44.11859026889));
#6894 = DIRECTION('',(-0.970295726276,1.18826955541E-016,-0.2419218956)
  );
#6895 = DIRECTION('',(-0.2419218956,2.962688750898E-017,0.970295726276)
  );
#6896 = PCURVE('',#5343,#6897);
#6897 = DEFINITIONAL_REPRESENTATION('',(#6898),#6902);
#6898 = ELLIPSE('',#6899,48.569394559655,11.75);
#6899 = AXIS2_PLACEMENT_2D('',#6900,#6901);
#6900 = CARTESIAN_POINT('',(-45.46922043882,-5.));
#6901 = DIRECTION('',(1.,5.363597103146E-033));
#6902 = ( GEOMETRIC_REPRESENTATION_CONTEXT(2) 
PARAMETRIC_REPRESENTATION_CONTEXT() REPRESENTATION_CONTEXT('2D SPACE',''
  ) );
#6903 = PCURVE('',#6904,#6909);
#6904 = CYLINDRICAL_SURFACE('',#6905,11.75);
#6905 = AXIS2_PLACEMENT_3D('',#6906,#6907,#6908);
#6906 = CARTESIAN_POINT('',(0.E+000,0.E+000,0.E+000));
#6907 = DIRECTION('',(0.E+000,0.E+000,1.));
#6908 = DIRECTION('',(1.,0.E+000,0.E+000));
#6909 = DEFINITIONAL_REPRESENTATION('',(#6910),#6920);
#6910 = B_SPLINE_CURVE_WITH_KNOTS('',8,(#6911,#6912,#6913,#6914,#6915,
    #6916,#6917,#6918,#6919),.UNSPECIFIED.,.F.,.F.,(9,9),(6.112139725317
    ,6.454230889043),.PIECEWISE_BEZIER_KNOTS.);
#6911 = CARTESIAN_POINT('',(3.312638235453,2.320381867709));
#6912 = CARTESIAN_POINT('',(3.269876839237,2.66339505099));
#6913 = CARTESIAN_POINT('',(3.227115444021,2.909362083236));
#6914 = CARTESIAN_POINT('',(3.184354048806,3.057327220486));
#6915 = CARTESIAN_POINT('',(3.141592653588,3.106713275911));
#6916 = CARTESIAN_POINT('',(3.098831258374,3.057327220493));
#6917 = CARTESIAN_POINT('',(3.056069863158,2.90936208324));
#6918 = CARTESIAN_POINT('',(3.013308467943,2.66339505099));
#6919 = CARTESIAN_POINT('',(2.970547071727,2.320381867709));
#6920 = ( GEOMETRIC_REPRESENTATION_CONTEXT(2) 
PARAMETRIC_REPRESENTATION_CONTEXT() REPRESENTATION_CONTEXT('2D SPACE',''
  ) );
#6921 = ORIENTED_EDGE('',*,*,#6922,.T.);
#6922 = EDGE_CURVE('',#6888,#6923,#6925,.T.);
#6923 = VERTEX_POINT('',#6924);
#6924 = CARTESIAN_POINT('',(-13.49328002843,2.,10.));
#6925 = SURFACE_CURVE('',#6926,(#6930,#6936),.PCURVE_S1.);
#6926 = LINE('',#6927,#6928);
#6927 = CARTESIAN_POINT('',(-11.08778930535,2.,0.352103672089));
#6928 = VECTOR('',#6929,1.);
#6929 = DIRECTION('',(-0.2419218956,0.E+000,0.970295726276));
#6930 = PCURVE('',#5343,#6931);
#6931 = DEFINITIONAL_REPRESENTATION('',(#6932),#6935);
#6932 = B_SPLINE_CURVE_WITH_KNOTS('',1,(#6933,#6934),.UNSPECIFIED.,.F.,
  .F.,(2,2),(-1.281053542389,10.973867079449),.PIECEWISE_BEZIER_KNOTS.);
#6933 = CARTESIAN_POINT('',(-0.918170698989,-3.));
#6934 = CARTESIAN_POINT('',(11.336749922849,-3.));
#6935 = ( GEOMETRIC_REPRESENTATION_CONTEXT(2) 
PARAMETRIC_REPRESENTATION_CONTEXT() REPRESENTATION_CONTEXT('2D SPACE',''
  ) );
#6936 = PCURVE('',#6937,#6942);
#6937 = PLANE('',#6938);
#6938 = AXIS2_PLACEMENT_3D('',#6939,#6940,#6941);
#6939 = CARTESIAN_POINT('',(-14.,2.,0.E+000));
#6940 = DIRECTION('',(0.E+000,1.,0.E+000));
#6941 = DIRECTION('',(0.E+000,0.E+000,1.));
#6942 = DEFINITIONAL_REPRESENTATION('',(#6943),#6946);
#6943 = B_SPLINE_CURVE_WITH_KNOTS('',1,(#6944,#6945),.UNSPECIFIED.,.F.,
  .F.,(2,2),(-1.281053542389,10.973867079449),.PIECEWISE_BEZIER_KNOTS.);
#6944 = CARTESIAN_POINT('',(-0.890897105221,3.222125595984));
#6945 = CARTESIAN_POINT('',(11.,0.257391968725));
#6946 = ( GEOMETRIC_REPRESENTATION_CONTEXT(2) 
PARAMETRIC_REPRESENTATION_CONTEXT() REPRESENTATION_CONTEXT('2D SPACE',''
  ) );
#6947 = ORIENTED_EDGE('',*,*,#6948,.T.);
#6948 = EDGE_CURVE('',#6923,#6862,#6949,.T.);
#6949 = SURFACE_CURVE('',#6950,(#6954,#6960),.PCURVE_S1.);
#6950 = LINE('',#6951,#6952);
#6951 = CARTESIAN_POINT('',(-13.49328002843,1.,10.));
#6952 = VECTOR('',#6953,1.);
#6953 = DIRECTION('',(-1.224646799147E-016,-1.,0.E+000));
#6954 = PCURVE('',#5343,#6955);
#6955 = DEFINITIONAL_REPRESENTATION('',(#6956),#6959);
#6956 = B_SPLINE_CURVE_WITH_KNOTS('',1,(#6957,#6958),.UNSPECIFIED.,.F.,
  .F.,(2,2),(-1.4,3.4),.PIECEWISE_BEZIER_KNOTS.);
#6957 = CARTESIAN_POINT('',(10.306136293499,-2.6));
#6958 = CARTESIAN_POINT('',(10.306136293499,-7.4));
#6959 = ( GEOMETRIC_REPRESENTATION_CONTEXT(2) 
PARAMETRIC_REPRESENTATION_CONTEXT() REPRESENTATION_CONTEXT('2D SPACE',''
  ) );
#6960 = PCURVE('',#6961,#6966);
#6961 = PLANE('',#6962);
#6962 = AXIS2_PLACEMENT_3D('',#6963,#6964,#6965);
#6963 = CARTESIAN_POINT('',(-14.,-3.,10.));
#6964 = DIRECTION('',(0.E+000,0.E+000,1.));
#6965 = DIRECTION('',(1.,0.E+000,0.E+000));
#6966 = DEFINITIONAL_REPRESENTATION('',(#6967),#6970);
#6967 = B_SPLINE_CURVE_WITH_KNOTS('',1,(#6968,#6969),.UNSPECIFIED.,.F.,
  .F.,(2,2),(-1.4,3.4),.PIECEWISE_BEZIER_KNOTS.);
#6968 = CARTESIAN_POINT('',(0.506719971568,5.4));
#6969 = CARTESIAN_POINT('',(0.506719971568,0.6));
#6970 = ( GEOMETRIC_REPRESENTATION_CONTEXT(2) 
PARAMETRIC_REPRESENTATION_CONTEXT() REPRESENTATION_CONTEXT('2D SPACE',''
  ) );
#6971 = ADVANCED_FACE('',(#6972),#5610,.T.);
#6972 = FACE_BOUND('',#6973,.T.);
#6973 = EDGE_LOOP('',(#6974,#6975,#7021,#7065,#7066,#7090));
#6974 = ORIENTED_EDGE('',*,*,#6369,.F.);
#6975 = ORIENTED_EDGE('',*,*,#6976,.F.);
#6976 = EDGE_CURVE('',#6977,#6326,#6979,.T.);
#6977 = VERTEX_POINT('',#6978);
#6978 = CARTESIAN_POINT('',(9.675,-2.36969155635E-015,14.));
#6979 = SURFACE_CURVE('',#6980,(#6985,#6992),.PCURVE_S1.);
#6980 = CIRCLE('',#6981,9.675);
#6981 = AXIS2_PLACEMENT_3D('',#6982,#6983,#6984);
#6982 = CARTESIAN_POINT('',(0.E+000,0.E+000,14.));
#6983 = DIRECTION('',(0.E+000,0.E+000,1.));
#6984 = DIRECTION('',(1.,0.E+000,0.E+000));
#6985 = PCURVE('',#5610,#6986);
#6986 = DEFINITIONAL_REPRESENTATION('',(#6987),#6991);
#6987 = CIRCLE('',#6988,9.675);
#6988 = AXIS2_PLACEMENT_2D('',#6989,#6990);
#6989 = CARTESIAN_POINT('',(-11.3605677675,-3.));
#6990 = DIRECTION('',(1.,0.E+000));
#6991 = ( GEOMETRIC_REPRESENTATION_CONTEXT(2) 
PARAMETRIC_REPRESENTATION_CONTEXT() REPRESENTATION_CONTEXT('2D SPACE',''
  ) );
#6992 = PCURVE('',#4883,#6993);
#6993 = DEFINITIONAL_REPRESENTATION('',(#6994),#7020);
#6994 = B_SPLINE_CURVE_WITH_KNOTS('',3,(#6995,#6996,#6997,#6998,#6999,
    #7000,#7001,#7002,#7003,#7004,#7005,#7006,#7007,#7008,#7009,#7010,
    #7011,#7012,#7013,#7014,#7015,#7016,#7017,#7018,#7019),
  .UNSPECIFIED.,.F.,.F.,(4,1,1,1,1,1,1,1,1,1,1,1,1,1,1,1,1,1,1,1,1,1,4),
  (0.E+000,1.433066225705E-002,2.86613245141E-002,4.299198677115E-002,
    5.73226490282E-002,7.165331128525E-002,8.59839735423E-002,
    0.100314635799,0.114645298056,0.128975960313,0.14330662257,
    0.157637284828,0.171967947085,0.186298609342,0.200629271599,
    0.214959933856,0.229290596113,0.24362125837,0.257951920627,
    0.272282582884,0.286613245141,0.300943907398,0.315274569655),
  .QUASI_UNIFORM_KNOTS.);
#6995 = CARTESIAN_POINT('',(6.28318530718,11.));
#6996 = CARTESIAN_POINT('',(6.287962194599,11.));
#6997 = CARTESIAN_POINT('',(6.297515969437,11.));
#6998 = CARTESIAN_POINT('',(6.311846631694,11.));
#6999 = CARTESIAN_POINT('',(6.326177293951,11.));
#7000 = CARTESIAN_POINT('',(6.340507956208,11.));
#7001 = CARTESIAN_POINT('',(6.354838618465,11.));
#7002 = CARTESIAN_POINT('',(6.369169280722,11.));
#7003 = CARTESIAN_POINT('',(6.383499942979,11.));
#7004 = CARTESIAN_POINT('',(6.397830605236,11.));
#7005 = CARTESIAN_POINT('',(6.412161267493,11.));
#7006 = CARTESIAN_POINT('',(6.42649192975,11.));
#7007 = CARTESIAN_POINT('',(6.440822592007,11.));
#7008 = CARTESIAN_POINT('',(6.455153254264,11.));
#7009 = CARTESIAN_POINT('',(6.469483916521,11.));
#7010 = CARTESIAN_POINT('',(6.483814578778,11.));
#7011 = CARTESIAN_POINT('',(6.498145241035,11.));
#7012 = CARTESIAN_POINT('',(6.512475903292,11.));
#7013 = CARTESIAN_POINT('',(6.526806565549,11.));
#7014 = CARTESIAN_POINT('',(6.541137227806,11.));
#7015 = CARTESIAN_POINT('',(6.555467890064,11.));
#7016 = CARTESIAN_POINT('',(6.569798552321,11.));
#7017 = CARTESIAN_POINT('',(6.584129214578,11.));
#7018 = CARTESIAN_POINT('',(6.593682989416,11.));
#7019 = CARTESIAN_POINT('',(6.598459876835,11.));
#7020 = ( GEOMETRIC_REPRESENTATION_CONTEXT(2) 
PARAMETRIC_REPRESENTATION_CONTEXT() REPRESENTATION_CONTEXT('2D SPACE',''
  ) );
#7021 = ORIENTED_EDGE('',*,*,#7022,.F.);
#7022 = EDGE_CURVE('',#5593,#6977,#7023,.T.);
#7023 = SURFACE_CURVE('',#7024,(#7029,#7036),.PCURVE_S1.);
#7024 = CIRCLE('',#7025,9.675);
#7025 = AXIS2_PLACEMENT_3D('',#7026,#7027,#7028);
#7026 = CARTESIAN_POINT('',(0.E+000,0.E+000,14.));
#7027 = DIRECTION('',(0.E+000,0.E+000,1.));
#7028 = DIRECTION('',(1.,0.E+000,0.E+000));
#7029 = PCURVE('',#5610,#7030);
#7030 = DEFINITIONAL_REPRESENTATION('',(#7031),#7035);
#7031 = CIRCLE('',#7032,9.675);
#7032 = AXIS2_PLACEMENT_2D('',#7033,#7034);
#7033 = CARTESIAN_POINT('',(-11.3605677675,-3.));
#7034 = DIRECTION('',(1.,0.E+000));
#7035 = ( GEOMETRIC_REPRESENTATION_CONTEXT(2) 
PARAMETRIC_REPRESENTATION_CONTEXT() REPRESENTATION_CONTEXT('2D SPACE',''
  ) );
#7036 = PCURVE('',#4883,#7037);
#7037 = DEFINITIONAL_REPRESENTATION('',(#7038),#7064);
#7038 = B_SPLINE_CURVE_WITH_KNOTS('',3,(#7039,#7040,#7041,#7042,#7043,
    #7044,#7045,#7046,#7047,#7048,#7049,#7050,#7051,#7052,#7053,#7054,
    #7055,#7056,#7057,#7058,#7059,#7060,#7061,#7062,#7063),
  .UNSPECIFIED.,.F.,.F.,(4,1,1,1,1,1,1,1,1,1,1,1,1,1,1,1,1,1,1,1,1,1,4),
  (5.967910737524,5.982241399782,5.996572062039,6.010902724296,
    6.025233386553,6.03956404881,6.053894711067,6.068225373324,
    6.082556035581,6.096886697838,6.111217360095,6.125548022352,
    6.139878684609,6.154209346866,6.168540009123,6.18287067138,
    6.197201333637,6.211531995894,6.225862658151,6.240193320408,
    6.254523982665,6.268854644923,6.28318530718),.QUASI_UNIFORM_KNOTS.);
#7039 = CARTESIAN_POINT('',(5.967910737524,11.));
#7040 = CARTESIAN_POINT('',(5.972687624944,11.));
#7041 = CARTESIAN_POINT('',(5.982241399782,11.));
#7042 = CARTESIAN_POINT('',(5.996572062039,11.));
#7043 = CARTESIAN_POINT('',(6.010902724296,11.));
#7044 = CARTESIAN_POINT('',(6.025233386553,11.));
#7045 = CARTESIAN_POINT('',(6.03956404881,11.));
#7046 = CARTESIAN_POINT('',(6.053894711067,11.));
#7047 = CARTESIAN_POINT('',(6.068225373324,11.));
#7048 = CARTESIAN_POINT('',(6.082556035581,11.));
#7049 = CARTESIAN_POINT('',(6.096886697838,11.));
#7050 = CARTESIAN_POINT('',(6.111217360095,11.));
#7051 = CARTESIAN_POINT('',(6.125548022352,11.));
#7052 = CARTESIAN_POINT('',(6.139878684609,11.));
#7053 = CARTESIAN_POINT('',(6.154209346866,11.));
#7054 = CARTESIAN_POINT('',(6.168540009123,11.));
#7055 = CARTESIAN_POINT('',(6.18287067138,11.));
#7056 = CARTESIAN_POINT('',(6.197201333637,11.));
#7057 = CARTESIAN_POINT('',(6.211531995894,11.));
#7058 = CARTESIAN_POINT('',(6.225862658151,11.));
#7059 = CARTESIAN_POINT('',(6.240193320408,11.));
#7060 = CARTESIAN_POINT('',(6.254523982665,11.));
#7061 = CARTESIAN_POINT('',(6.268854644923,11.));
#7062 = CARTESIAN_POINT('',(6.278408419761,11.));
#7063 = CARTESIAN_POINT('',(6.28318530718,11.));
#7064 = ( GEOMETRIC_REPRESENTATION_CONTEXT(2) 
PARAMETRIC_REPRESENTATION_CONTEXT() REPRESENTATION_CONTEXT('2D SPACE',''
  ) );
#7065 = ORIENTED_EDGE('',*,*,#5592,.T.);
#7066 = ORIENTED_EDGE('',*,*,#7067,.T.);
#7067 = EDGE_CURVE('',#5595,#7068,#7070,.T.);
#7068 = VERTEX_POINT('',#7069);
#7069 = CARTESIAN_POINT('',(12.,-2.939152317954E-015,14.));
#7070 = SURFACE_CURVE('',#7071,(#7076,#7083),.PCURVE_S1.);
#7071 = CIRCLE('',#7072,12.);
#7072 = AXIS2_PLACEMENT_3D('',#7073,#7074,#7075);
#7073 = CARTESIAN_POINT('',(0.E+000,0.E+000,14.));
#7074 = DIRECTION('',(0.E+000,0.E+000,1.));
#7075 = DIRECTION('',(1.,0.E+000,0.E+000));
#7076 = PCURVE('',#5610,#7077);
#7077 = DEFINITIONAL_REPRESENTATION('',(#7078),#7082);
#7078 = CIRCLE('',#7079,12.);
#7079 = AXIS2_PLACEMENT_2D('',#7080,#7081);
#7080 = CARTESIAN_POINT('',(-11.3605677675,-3.));
#7081 = DIRECTION('',(1.,0.E+000));
#7082 = ( GEOMETRIC_REPRESENTATION_CONTEXT(2) 
PARAMETRIC_REPRESENTATION_CONTEXT() REPRESENTATION_CONTEXT('2D SPACE',''
  ) );
#7083 = PCURVE('',#5851,#7084);
#7084 = DEFINITIONAL_REPRESENTATION('',(#7085),#7089);
#7085 = LINE('',#7086,#7087);
#7086 = CARTESIAN_POINT('',(0.E+000,3.));
#7087 = VECTOR('',#7088,1.);
#7088 = DIRECTION('',(1.,0.E+000));
#7089 = ( GEOMETRIC_REPRESENTATION_CONTEXT(2) 
PARAMETRIC_REPRESENTATION_CONTEXT() REPRESENTATION_CONTEXT('2D SPACE',''
  ) );
#7090 = ORIENTED_EDGE('',*,*,#7091,.T.);
#7091 = EDGE_CURVE('',#7068,#6370,#7092,.T.);
#7092 = SURFACE_CURVE('',#7093,(#7098,#7105),.PCURVE_S1.);
#7093 = CIRCLE('',#7094,12.);
#7094 = AXIS2_PLACEMENT_3D('',#7095,#7096,#7097);
#7095 = CARTESIAN_POINT('',(0.E+000,0.E+000,14.));
#7096 = DIRECTION('',(0.E+000,0.E+000,1.));
#7097 = DIRECTION('',(1.,0.E+000,0.E+000));
#7098 = PCURVE('',#5610,#7099);
#7099 = DEFINITIONAL_REPRESENTATION('',(#7100),#7104);
#7100 = CIRCLE('',#7101,12.);
#7101 = AXIS2_PLACEMENT_2D('',#7102,#7103);
#7102 = CARTESIAN_POINT('',(-11.3605677675,-3.));
#7103 = DIRECTION('',(1.,0.E+000));
#7104 = ( GEOMETRIC_REPRESENTATION_CONTEXT(2) 
PARAMETRIC_REPRESENTATION_CONTEXT() REPRESENTATION_CONTEXT('2D SPACE',''
  ) );
#7105 = PCURVE('',#6407,#7106);
#7106 = DEFINITIONAL_REPRESENTATION('',(#7107),#7111);
#7107 = LINE('',#7108,#7109);
#7108 = CARTESIAN_POINT('',(0.E+000,3.));
#7109 = VECTOR('',#7110,1.);
#7110 = DIRECTION('',(1.,0.E+000));
#7111 = ( GEOMETRIC_REPRESENTATION_CONTEXT(2) 
PARAMETRIC_REPRESENTATION_CONTEXT() REPRESENTATION_CONTEXT('2D SPACE',''
  ) );
#7112 = ADVANCED_FACE('',(#7113),#5851,.T.);
#7113 = FACE_BOUND('',#7114,.T.);
#7114 = EDGE_LOOP('',(#7115,#7137,#7138,#7139));
#7115 = ORIENTED_EDGE('',*,*,#7116,.T.);
#7116 = EDGE_CURVE('',#7117,#7068,#7119,.T.);
#7117 = VERTEX_POINT('',#7118);
#7118 = CARTESIAN_POINT('',(12.,-2.939152317954E-015,13.));
#7119 = SURFACE_CURVE('',#7120,(#7123,#7130),.PCURVE_S1.);
#7120 = B_SPLINE_CURVE_WITH_KNOTS('',1,(#7121,#7122),.UNSPECIFIED.,.F.,
  .F.,(2,2),(2.,4.),.PIECEWISE_BEZIER_KNOTS.);
#7121 = CARTESIAN_POINT('',(12.,-2.939152317954E-015,13.));
#7122 = CARTESIAN_POINT('',(12.,-2.939152317954E-015,15.));
#7123 = PCURVE('',#5851,#7124);
#7124 = DEFINITIONAL_REPRESENTATION('',(#7125),#7129);
#7125 = LINE('',#7126,#7127);
#7126 = CARTESIAN_POINT('',(6.28318530718,0.E+000));
#7127 = VECTOR('',#7128,1.);
#7128 = DIRECTION('',(0.E+000,1.));
#7129 = ( GEOMETRIC_REPRESENTATION_CONTEXT(2) 
PARAMETRIC_REPRESENTATION_CONTEXT() REPRESENTATION_CONTEXT('2D SPACE',''
  ) );
#7130 = PCURVE('',#6407,#7131);
#7131 = DEFINITIONAL_REPRESENTATION('',(#7132),#7136);
#7132 = LINE('',#7133,#7134);
#7133 = CARTESIAN_POINT('',(0.E+000,0.E+000));
#7134 = VECTOR('',#7135,1.);
#7135 = DIRECTION('',(0.E+000,1.));
#7136 = ( GEOMETRIC_REPRESENTATION_CONTEXT(2) 
PARAMETRIC_REPRESENTATION_CONTEXT() REPRESENTATION_CONTEXT('2D SPACE',''
  ) );
#7137 = ORIENTED_EDGE('',*,*,#7067,.F.);
#7138 = ORIENTED_EDGE('',*,*,#5838,.F.);
#7139 = ORIENTED_EDGE('',*,*,#7140,.T.);
#7140 = EDGE_CURVE('',#5813,#7117,#7141,.T.);
#7141 = SURFACE_CURVE('',#7142,(#7147,#7176),.PCURVE_S1.);
#7142 = CIRCLE('',#7143,12.);
#7143 = AXIS2_PLACEMENT_3D('',#7144,#7145,#7146);
#7144 = CARTESIAN_POINT('',(0.E+000,0.E+000,13.));
#7145 = DIRECTION('',(0.E+000,0.E+000,1.));
#7146 = DIRECTION('',(1.,0.E+000,0.E+000));
#7147 = PCURVE('',#5851,#7148);
#7148 = DEFINITIONAL_REPRESENTATION('',(#7149),#7175);
#7149 = B_SPLINE_CURVE_WITH_KNOTS('',3,(#7150,#7151,#7152,#7153,#7154,
    #7155,#7156,#7157,#7158,#7159,#7160,#7161,#7162,#7163,#7164,#7165,
    #7166,#7167,#7168,#7169,#7170,#7171,#7172,#7173,#7174),
  .UNSPECIFIED.,.F.,.F.,(4,1,1,1,1,1,1,1,1,1,1,1,1,1,1,1,1,1,1,1,1,1,4),
  (0.E+000,0.285599332145,0.571198664289,0.856797996434,1.142397328578,
    1.427996660723,1.713595992867,1.999195325012,2.284794657156,
    2.570393989301,2.855993321445,3.14159265359,3.427191985734,
    3.712791317879,3.998390650023,4.283989982168,4.569589314312,
    4.855188646457,5.140787978601,5.426387310746,5.711986642891,
    5.997585975035,6.28318530718),.QUASI_UNIFORM_KNOTS.);
#7150 = CARTESIAN_POINT('',(0.E+000,2.));
#7151 = CARTESIAN_POINT('',(9.519977738151E-002,2.));
#7152 = CARTESIAN_POINT('',(0.285599332145,2.));
#7153 = CARTESIAN_POINT('',(0.571198664289,2.));
#7154 = CARTESIAN_POINT('',(0.856797996434,2.));
#7155 = CARTESIAN_POINT('',(1.142397328578,2.));
#7156 = CARTESIAN_POINT('',(1.427996660723,2.));
#7157 = CARTESIAN_POINT('',(1.713595992867,2.));
#7158 = CARTESIAN_POINT('',(1.999195325012,2.));
#7159 = CARTESIAN_POINT('',(2.284794657156,2.));
#7160 = CARTESIAN_POINT('',(2.570393989301,2.));
#7161 = CARTESIAN_POINT('',(2.855993321445,2.));
#7162 = CARTESIAN_POINT('',(3.14159265359,2.));
#7163 = CARTESIAN_POINT('',(3.427191985734,2.));
#7164 = CARTESIAN_POINT('',(3.712791317879,2.));
#7165 = CARTESIAN_POINT('',(3.998390650023,2.));
#7166 = CARTESIAN_POINT('',(4.283989982168,2.));
#7167 = CARTESIAN_POINT('',(4.569589314312,2.));
#7168 = CARTESIAN_POINT('',(4.855188646457,2.));
#7169 = CARTESIAN_POINT('',(5.140787978601,2.));
#7170 = CARTESIAN_POINT('',(5.426387310746,2.));
#7171 = CARTESIAN_POINT('',(5.711986642891,2.));
#7172 = CARTESIAN_POINT('',(5.997585975035,2.));
#7173 = CARTESIAN_POINT('',(6.187985529798,2.));
#7174 = CARTESIAN_POINT('',(6.28318530718,2.));
#7175 = ( GEOMETRIC_REPRESENTATION_CONTEXT(2) 
PARAMETRIC_REPRESENTATION_CONTEXT() REPRESENTATION_CONTEXT('2D SPACE',''
  ) );
#7176 = PCURVE('',#5827,#7177);
#7177 = DEFINITIONAL_REPRESENTATION('',(#7178),#7182);
#7178 = CIRCLE('',#7179,12.);
#7179 = AXIS2_PLACEMENT_2D('',#7180,#7181);
#7180 = CARTESIAN_POINT('',(0.E+000,0.E+000));
#7181 = DIRECTION('',(1.,0.E+000));
#7182 = ( GEOMETRIC_REPRESENTATION_CONTEXT(2) 
PARAMETRIC_REPRESENTATION_CONTEXT() REPRESENTATION_CONTEXT('2D SPACE',''
  ) );
#7183 = ADVANCED_FACE('',(#7184),#5827,.T.);
#7184 = FACE_BOUND('',#7185,.T.);
#7185 = EDGE_LOOP('',(#7186,#7232,#7276,#7277,#7321,#7322));
#7186 = ORIENTED_EDGE('',*,*,#7187,.T.);
#7187 = EDGE_CURVE('',#5764,#7188,#7190,.T.);
#7188 = VERTEX_POINT('',#7189);
#7189 = CARTESIAN_POINT('',(13.,-3.184081677783E-015,13.));
#7190 = SURFACE_CURVE('',#7191,(#7196,#7203),.PCURVE_S1.);
#7191 = CIRCLE('',#7192,13.);
#7192 = AXIS2_PLACEMENT_3D('',#7193,#7194,#7195);
#7193 = CARTESIAN_POINT('',(0.E+000,0.E+000,13.));
#7194 = DIRECTION('',(0.E+000,0.E+000,1.));
#7195 = DIRECTION('',(1.,0.E+000,0.E+000));
#7196 = PCURVE('',#5827,#7197);
#7197 = DEFINITIONAL_REPRESENTATION('',(#7198),#7202);
#7198 = CIRCLE('',#7199,13.);
#7199 = AXIS2_PLACEMENT_2D('',#7200,#7201);
#7200 = CARTESIAN_POINT('',(0.E+000,0.E+000));
#7201 = DIRECTION('',(1.,0.E+000));
#7202 = ( GEOMETRIC_REPRESENTATION_CONTEXT(2) 
PARAMETRIC_REPRESENTATION_CONTEXT() REPRESENTATION_CONTEXT('2D SPACE',''
  ) );
#7203 = PCURVE('',#5778,#7204);
#7204 = DEFINITIONAL_REPRESENTATION('',(#7205),#7231);
#7205 = B_SPLINE_CURVE_WITH_KNOTS('',3,(#7206,#7207,#7208,#7209,#7210,
    #7211,#7212,#7213,#7214,#7215,#7216,#7217,#7218,#7219,#7220,#7221,
    #7222,#7223,#7224,#7225,#7226,#7227,#7228,#7229,#7230),
  .UNSPECIFIED.,.F.,.F.,(4,1,1,1,1,1,1,1,1,1,1,1,1,1,1,1,1,1,1,1,1,1,4),
  (6.050317128922,6.060902046115,6.071486963309,6.082071880502,
    6.092656797696,6.103241714889,6.113826632083,6.124411549276,
    6.13499646647,6.145581383663,6.156166300857,6.166751218051,
    6.177336135244,6.187921052438,6.198505969631,6.209090886825,
    6.219675804018,6.230260721212,6.240845638405,6.251430555599,
    6.262015472792,6.272600389986,6.28318530718),.QUASI_UNIFORM_KNOTS.);
#7206 = CARTESIAN_POINT('',(6.050317128922,2.));
#7207 = CARTESIAN_POINT('',(6.053845434653,2.));
#7208 = CARTESIAN_POINT('',(6.060902046115,2.));
#7209 = CARTESIAN_POINT('',(6.071486963309,2.));
#7210 = CARTESIAN_POINT('',(6.082071880502,2.));
#7211 = CARTESIAN_POINT('',(6.092656797696,2.));
#7212 = CARTESIAN_POINT('',(6.103241714889,2.));
#7213 = CARTESIAN_POINT('',(6.113826632083,2.));
#7214 = CARTESIAN_POINT('',(6.124411549276,2.));
#7215 = CARTESIAN_POINT('',(6.13499646647,2.));
#7216 = CARTESIAN_POINT('',(6.145581383663,2.));
#7217 = CARTESIAN_POINT('',(6.156166300857,2.));
#7218 = CARTESIAN_POINT('',(6.166751218051,2.));
#7219 = CARTESIAN_POINT('',(6.177336135244,2.));
#7220 = CARTESIAN_POINT('',(6.187921052438,2.));
#7221 = CARTESIAN_POINT('',(6.198505969631,2.));
#7222 = CARTESIAN_POINT('',(6.209090886825,2.));
#7223 = CARTESIAN_POINT('',(6.219675804018,2.));
#7224 = CARTESIAN_POINT('',(6.230260721212,2.));
#7225 = CARTESIAN_POINT('',(6.240845638405,2.));
#7226 = CARTESIAN_POINT('',(6.251430555599,2.));
#7227 = CARTESIAN_POINT('',(6.262015472792,2.));
#7228 = CARTESIAN_POINT('',(6.272600389986,2.));
#7229 = CARTESIAN_POINT('',(6.279657001448,2.));
#7230 = CARTESIAN_POINT('',(6.28318530718,2.));
#7231 = ( GEOMETRIC_REPRESENTATION_CONTEXT(2) 
PARAMETRIC_REPRESENTATION_CONTEXT() REPRESENTATION_CONTEXT('2D SPACE',''
  ) );
#7232 = ORIENTED_EDGE('',*,*,#7233,.T.);
#7233 = EDGE_CURVE('',#7188,#6419,#7234,.T.);
#7234 = SURFACE_CURVE('',#7235,(#7240,#7247),.PCURVE_S1.);
#7235 = CIRCLE('',#7236,13.);
#7236 = AXIS2_PLACEMENT_3D('',#7237,#7238,#7239);
#7237 = CARTESIAN_POINT('',(0.E+000,0.E+000,13.));
#7238 = DIRECTION('',(0.E+000,0.E+000,1.));
#7239 = DIRECTION('',(1.,0.E+000,0.E+000));
#7240 = PCURVE('',#5827,#7241);
#7241 = DEFINITIONAL_REPRESENTATION('',(#7242),#7246);
#7242 = CIRCLE('',#7243,13.);
#7243 = AXIS2_PLACEMENT_2D('',#7244,#7245);
#7244 = CARTESIAN_POINT('',(0.E+000,0.E+000));
#7245 = DIRECTION('',(1.,0.E+000));
#7246 = ( GEOMETRIC_REPRESENTATION_CONTEXT(2) 
PARAMETRIC_REPRESENTATION_CONTEXT() REPRESENTATION_CONTEXT('2D SPACE',''
  ) );
#7247 = PCURVE('',#5778,#7248);
#7248 = DEFINITIONAL_REPRESENTATION('',(#7249),#7275);
#7249 = B_SPLINE_CURVE_WITH_KNOTS('',3,(#7250,#7251,#7252,#7253,#7254,
    #7255,#7256,#7257,#7258,#7259,#7260,#7261,#7262,#7263,#7264,#7265,
    #7266,#7267,#7268,#7269,#7270,#7271,#7272,#7273,#7274),
  .UNSPECIFIED.,.F.,.F.,(4,1,1,1,1,1,1,1,1,1,1,1,1,1,1,1,1,1,1,1,1,1,4),
  (0.E+000,1.058491719355E-002,2.11698343871E-002,3.175475158065E-002,
    4.23396687742E-002,5.292458596775E-002,6.35095031613E-002,
    7.409442035484E-002,8.467933754839E-002,9.526425474194E-002,
    0.105849171935,0.116434089129,0.127019006323,0.137603923516,
    0.14818884071,0.158773757903,0.169358675097,0.17994359229,
    0.190528509484,0.201113426677,0.211698343871,0.222283261065,
    0.232868178258),.QUASI_UNIFORM_KNOTS.);
#7250 = CARTESIAN_POINT('',(6.28318530718,2.));
#7251 = CARTESIAN_POINT('',(6.286713612911,2.));
#7252 = CARTESIAN_POINT('',(6.293770224373,2.));
#7253 = CARTESIAN_POINT('',(6.304355141567,2.));
#7254 = CARTESIAN_POINT('',(6.31494005876,2.));
#7255 = CARTESIAN_POINT('',(6.325524975954,2.));
#7256 = CARTESIAN_POINT('',(6.336109893147,2.));
#7257 = CARTESIAN_POINT('',(6.346694810341,2.));
#7258 = CARTESIAN_POINT('',(6.357279727534,2.));
#7259 = CARTESIAN_POINT('',(6.367864644728,2.));
#7260 = CARTESIAN_POINT('',(6.378449561922,2.));
#7261 = CARTESIAN_POINT('',(6.389034479115,2.));
#7262 = CARTESIAN_POINT('',(6.399619396309,2.));
#7263 = CARTESIAN_POINT('',(6.410204313502,2.));
#7264 = CARTESIAN_POINT('',(6.420789230696,2.));
#7265 = CARTESIAN_POINT('',(6.431374147889,2.));
#7266 = CARTESIAN_POINT('',(6.441959065083,2.));
#7267 = CARTESIAN_POINT('',(6.452543982276,2.));
#7268 = CARTESIAN_POINT('',(6.46312889947,2.));
#7269 = CARTESIAN_POINT('',(6.473713816663,2.));
#7270 = CARTESIAN_POINT('',(6.484298733857,2.));
#7271 = CARTESIAN_POINT('',(6.494883651051,2.));
#7272 = CARTESIAN_POINT('',(6.505468568244,2.));
#7273 = CARTESIAN_POINT('',(6.512525179706,2.));
#7274 = CARTESIAN_POINT('',(6.516053485438,2.));
#7275 = ( GEOMETRIC_REPRESENTATION_CONTEXT(2) 
PARAMETRIC_REPRESENTATION_CONTEXT() REPRESENTATION_CONTEXT('2D SPACE',''
  ) );
#7276 = ORIENTED_EDGE('',*,*,#6418,.F.);
#7277 = ORIENTED_EDGE('',*,*,#7278,.F.);
#7278 = EDGE_CURVE('',#7117,#6393,#7279,.T.);
#7279 = SURFACE_CURVE('',#7280,(#7285,#7292),.PCURVE_S1.);
#7280 = CIRCLE('',#7281,12.);
#7281 = AXIS2_PLACEMENT_3D('',#7282,#7283,#7284);
#7282 = CARTESIAN_POINT('',(0.E+000,0.E+000,13.));
#7283 = DIRECTION('',(0.E+000,0.E+000,1.));
#7284 = DIRECTION('',(1.,0.E+000,0.E+000));
#7285 = PCURVE('',#5827,#7286);
#7286 = DEFINITIONAL_REPRESENTATION('',(#7287),#7291);
#7287 = CIRCLE('',#7288,12.);
#7288 = AXIS2_PLACEMENT_2D('',#7289,#7290);
#7289 = CARTESIAN_POINT('',(0.E+000,0.E+000));
#7290 = DIRECTION('',(1.,0.E+000));
#7291 = ( GEOMETRIC_REPRESENTATION_CONTEXT(2) 
PARAMETRIC_REPRESENTATION_CONTEXT() REPRESENTATION_CONTEXT('2D SPACE',''
  ) );
#7292 = PCURVE('',#6407,#7293);
#7293 = DEFINITIONAL_REPRESENTATION('',(#7294),#7320);
#7294 = B_SPLINE_CURVE_WITH_KNOTS('',3,(#7295,#7296,#7297,#7298,#7299,
    #7300,#7301,#7302,#7303,#7304,#7305,#7306,#7307,#7308,#7309,#7310,
    #7311,#7312,#7313,#7314,#7315,#7316,#7317,#7318,#7319),
  .UNSPECIFIED.,.F.,.F.,(4,1,1,1,1,1,1,1,1,1,1,1,1,1,1,1,1,1,1,1,1,1,4),
  (0.E+000,0.285599332145,0.571198664289,0.856797996434,1.142397328578,
    1.427996660723,1.713595992867,1.999195325012,2.284794657156,
    2.570393989301,2.855993321445,3.14159265359,3.427191985734,
    3.712791317879,3.998390650023,4.283989982168,4.569589314312,
    4.855188646457,5.140787978601,5.426387310746,5.711986642891,
    5.997585975035,6.28318530718),.QUASI_UNIFORM_KNOTS.);
#7295 = CARTESIAN_POINT('',(0.E+000,2.));
#7296 = CARTESIAN_POINT('',(9.519977738151E-002,2.));
#7297 = CARTESIAN_POINT('',(0.285599332145,2.));
#7298 = CARTESIAN_POINT('',(0.571198664289,2.));
#7299 = CARTESIAN_POINT('',(0.856797996434,2.));
#7300 = CARTESIAN_POINT('',(1.142397328578,2.));
#7301 = CARTESIAN_POINT('',(1.427996660723,2.));
#7302 = CARTESIAN_POINT('',(1.713595992867,2.));
#7303 = CARTESIAN_POINT('',(1.999195325012,2.));
#7304 = CARTESIAN_POINT('',(2.284794657156,2.));
#7305 = CARTESIAN_POINT('',(2.570393989301,2.));
#7306 = CARTESIAN_POINT('',(2.855993321445,2.));
#7307 = CARTESIAN_POINT('',(3.14159265359,2.));
#7308 = CARTESIAN_POINT('',(3.427191985734,2.));
#7309 = CARTESIAN_POINT('',(3.712791317879,2.));
#7310 = CARTESIAN_POINT('',(3.998390650023,2.));
#7311 = CARTESIAN_POINT('',(4.283989982168,2.));
#7312 = CARTESIAN_POINT('',(4.569589314312,2.));
#7313 = CARTESIAN_POINT('',(4.855188646457,2.));
#7314 = CARTESIAN_POINT('',(5.140787978601,2.));
#7315 = CARTESIAN_POINT('',(5.426387310746,2.));
#7316 = CARTESIAN_POINT('',(5.711986642891,2.));
#7317 = CARTESIAN_POINT('',(5.997585975035,2.));
#7318 = CARTESIAN_POINT('',(6.187985529798,2.));
#7319 = CARTESIAN_POINT('',(6.28318530718,2.));
#7320 = ( GEOMETRIC_REPRESENTATION_CONTEXT(2) 
PARAMETRIC_REPRESENTATION_CONTEXT() REPRESENTATION_CONTEXT('2D SPACE',''
  ) );
#7321 = ORIENTED_EDGE('',*,*,#7140,.F.);
#7322 = ORIENTED_EDGE('',*,*,#5812,.F.);
#7323 = ADVANCED_FACE('',(#7324),#5778,.T.);
#7324 = FACE_BOUND('',#7325,.T.);
#7325 = EDGE_LOOP('',(#7326,#7327,#7328,#7374,#7418,#7419));
#7326 = ORIENTED_EDGE('',*,*,#7187,.F.);
#7327 = ORIENTED_EDGE('',*,*,#5763,.F.);
#7328 = ORIENTED_EDGE('',*,*,#7329,.T.);
#7329 = EDGE_CURVE('',#5738,#7330,#7332,.T.);
#7330 = VERTEX_POINT('',#7331);
#7331 = CARTESIAN_POINT('',(13.,-3.184081677783E-015,12.));
#7332 = SURFACE_CURVE('',#7333,(#7338,#7367),.PCURVE_S1.);
#7333 = CIRCLE('',#7334,13.);
#7334 = AXIS2_PLACEMENT_3D('',#7335,#7336,#7337);
#7335 = CARTESIAN_POINT('',(0.E+000,0.E+000,12.));
#7336 = DIRECTION('',(0.E+000,0.E+000,1.));
#7337 = DIRECTION('',(1.,0.E+000,0.E+000));
#7338 = PCURVE('',#5778,#7339);
#7339 = DEFINITIONAL_REPRESENTATION('',(#7340),#7366);
#7340 = B_SPLINE_CURVE_WITH_KNOTS('',3,(#7341,#7342,#7343,#7344,#7345,
    #7346,#7347,#7348,#7349,#7350,#7351,#7352,#7353,#7354,#7355,#7356,
    #7357,#7358,#7359,#7360,#7361,#7362,#7363,#7364,#7365),
  .UNSPECIFIED.,.F.,.F.,(4,1,1,1,1,1,1,1,1,1,1,1,1,1,1,1,1,1,1,1,1,1,4),
  (6.050317128922,6.060902046115,6.071486963309,6.082071880502,
    6.092656797696,6.103241714889,6.113826632083,6.124411549276,
    6.13499646647,6.145581383663,6.156166300857,6.166751218051,
    6.177336135244,6.187921052438,6.198505969631,6.209090886825,
    6.219675804018,6.230260721212,6.240845638405,6.251430555599,
    6.262015472792,6.272600389986,6.28318530718),.QUASI_UNIFORM_KNOTS.);
#7341 = CARTESIAN_POINT('',(6.050317128922,1.));
#7342 = CARTESIAN_POINT('',(6.053845434653,1.));
#7343 = CARTESIAN_POINT('',(6.060902046115,1.));
#7344 = CARTESIAN_POINT('',(6.071486963309,1.));
#7345 = CARTESIAN_POINT('',(6.082071880502,1.));
#7346 = CARTESIAN_POINT('',(6.092656797696,1.));
#7347 = CARTESIAN_POINT('',(6.103241714889,1.));
#7348 = CARTESIAN_POINT('',(6.113826632083,1.));
#7349 = CARTESIAN_POINT('',(6.124411549276,1.));
#7350 = CARTESIAN_POINT('',(6.13499646647,1.));
#7351 = CARTESIAN_POINT('',(6.145581383663,1.));
#7352 = CARTESIAN_POINT('',(6.156166300857,1.));
#7353 = CARTESIAN_POINT('',(6.166751218051,1.));
#7354 = CARTESIAN_POINT('',(6.177336135244,1.));
#7355 = CARTESIAN_POINT('',(6.187921052438,1.));
#7356 = CARTESIAN_POINT('',(6.198505969631,1.));
#7357 = CARTESIAN_POINT('',(6.209090886825,1.));
#7358 = CARTESIAN_POINT('',(6.219675804018,1.));
#7359 = CARTESIAN_POINT('',(6.230260721212,1.));
#7360 = CARTESIAN_POINT('',(6.240845638405,1.));
#7361 = CARTESIAN_POINT('',(6.251430555599,1.));
#7362 = CARTESIAN_POINT('',(6.262015472792,1.));
#7363 = CARTESIAN_POINT('',(6.272600389986,1.));
#7364 = CARTESIAN_POINT('',(6.279657001448,1.));
#7365 = CARTESIAN_POINT('',(6.28318530718,1.));
#7366 = ( GEOMETRIC_REPRESENTATION_CONTEXT(2) 
PARAMETRIC_REPRESENTATION_CONTEXT() REPRESENTATION_CONTEXT('2D SPACE',''
  ) );
#7367 = PCURVE('',#5752,#7368);
#7368 = DEFINITIONAL_REPRESENTATION('',(#7369),#7373);
#7369 = CIRCLE('',#7370,13.);
#7370 = AXIS2_PLACEMENT_2D('',#7371,#7372);
#7371 = CARTESIAN_POINT('',(0.E+000,0.E+000));
#7372 = DIRECTION('',(1.,0.E+000));
#7373 = ( GEOMETRIC_REPRESENTATION_CONTEXT(2) 
PARAMETRIC_REPRESENTATION_CONTEXT() REPRESENTATION_CONTEXT('2D SPACE',''
  ) );
#7374 = ORIENTED_EDGE('',*,*,#7375,.T.);
#7375 = EDGE_CURVE('',#7330,#6440,#7376,.T.);
#7376 = SURFACE_CURVE('',#7377,(#7382,#7411),.PCURVE_S1.);
#7377 = CIRCLE('',#7378,13.);
#7378 = AXIS2_PLACEMENT_3D('',#7379,#7380,#7381);
#7379 = CARTESIAN_POINT('',(0.E+000,0.E+000,12.));
#7380 = DIRECTION('',(0.E+000,0.E+000,1.));
#7381 = DIRECTION('',(1.,0.E+000,0.E+000));
#7382 = PCURVE('',#5778,#7383);
#7383 = DEFINITIONAL_REPRESENTATION('',(#7384),#7410);
#7384 = B_SPLINE_CURVE_WITH_KNOTS('',3,(#7385,#7386,#7387,#7388,#7389,
    #7390,#7391,#7392,#7393,#7394,#7395,#7396,#7397,#7398,#7399,#7400,
    #7401,#7402,#7403,#7404,#7405,#7406,#7407,#7408,#7409),
  .UNSPECIFIED.,.F.,.F.,(4,1,1,1,1,1,1,1,1,1,1,1,1,1,1,1,1,1,1,1,1,1,4),
  (0.E+000,1.058491719355E-002,2.11698343871E-002,3.175475158065E-002,
    4.23396687742E-002,5.292458596775E-002,6.35095031613E-002,
    7.409442035484E-002,8.467933754839E-002,9.526425474194E-002,
    0.105849171935,0.116434089129,0.127019006323,0.137603923516,
    0.14818884071,0.158773757903,0.169358675097,0.17994359229,
    0.190528509484,0.201113426677,0.211698343871,0.222283261065,
    0.232868178258),.QUASI_UNIFORM_KNOTS.);
#7385 = CARTESIAN_POINT('',(6.28318530718,1.));
#7386 = CARTESIAN_POINT('',(6.286713612911,1.));
#7387 = CARTESIAN_POINT('',(6.293770224373,1.));
#7388 = CARTESIAN_POINT('',(6.304355141567,1.));
#7389 = CARTESIAN_POINT('',(6.31494005876,1.));
#7390 = CARTESIAN_POINT('',(6.325524975954,1.));
#7391 = CARTESIAN_POINT('',(6.336109893147,1.));
#7392 = CARTESIAN_POINT('',(6.346694810341,1.));
#7393 = CARTESIAN_POINT('',(6.357279727534,1.));
#7394 = CARTESIAN_POINT('',(6.367864644728,1.));
#7395 = CARTESIAN_POINT('',(6.378449561922,1.));
#7396 = CARTESIAN_POINT('',(6.389034479115,1.));
#7397 = CARTESIAN_POINT('',(6.399619396309,1.));
#7398 = CARTESIAN_POINT('',(6.410204313502,1.));
#7399 = CARTESIAN_POINT('',(6.420789230696,1.));
#7400 = CARTESIAN_POINT('',(6.431374147889,1.));
#7401 = CARTESIAN_POINT('',(6.441959065083,1.));
#7402 = CARTESIAN_POINT('',(6.452543982276,1.));
#7403 = CARTESIAN_POINT('',(6.46312889947,1.));
#7404 = CARTESIAN_POINT('',(6.473713816663,1.));
#7405 = CARTESIAN_POINT('',(6.484298733857,1.));
#7406 = CARTESIAN_POINT('',(6.494883651051,1.));
#7407 = CARTESIAN_POINT('',(6.505468568244,1.));
#7408 = CARTESIAN_POINT('',(6.512525179706,1.));
#7409 = CARTESIAN_POINT('',(6.516053485438,1.));
#7410 = ( GEOMETRIC_REPRESENTATION_CONTEXT(2) 
PARAMETRIC_REPRESENTATION_CONTEXT() REPRESENTATION_CONTEXT('2D SPACE',''
  ) );
#7411 = PCURVE('',#5752,#7412);
#7412 = DEFINITIONAL_REPRESENTATION('',(#7413),#7417);
#7413 = CIRCLE('',#7414,13.);
#7414 = AXIS2_PLACEMENT_2D('',#7415,#7416);
#7415 = CARTESIAN_POINT('',(0.E+000,0.E+000));
#7416 = DIRECTION('',(1.,0.E+000));
#7417 = ( GEOMETRIC_REPRESENTATION_CONTEXT(2) 
PARAMETRIC_REPRESENTATION_CONTEXT() REPRESENTATION_CONTEXT('2D SPACE',''
  ) );
#7418 = ORIENTED_EDGE('',*,*,#6439,.T.);
#7419 = ORIENTED_EDGE('',*,*,#7233,.F.);
#7420 = ADVANCED_FACE('',(#7421),#5752,.T.);
#7421 = FACE_BOUND('',#7422,.T.);
#7422 = EDGE_LOOP('',(#7423,#7424,#7468,#7469,#7513,#7514,#7515));
#7423 = ORIENTED_EDGE('',*,*,#5737,.F.);
#7424 = ORIENTED_EDGE('',*,*,#7425,.T.);
#7425 = EDGE_CURVE('',#5689,#6609,#7426,.T.);
#7426 = SURFACE_CURVE('',#7427,(#7432,#7439),.PCURVE_S1.);
#7427 = CIRCLE('',#7428,14.);
#7428 = AXIS2_PLACEMENT_3D('',#7429,#7430,#7431);
#7429 = CARTESIAN_POINT('',(0.E+000,0.E+000,12.));
#7430 = DIRECTION('',(0.E+000,0.E+000,1.));
#7431 = DIRECTION('',(1.,0.E+000,0.E+000));
#7432 = PCURVE('',#5752,#7433);
#7433 = DEFINITIONAL_REPRESENTATION('',(#7434),#7438);
#7434 = CIRCLE('',#7435,14.);
#7435 = AXIS2_PLACEMENT_2D('',#7436,#7437);
#7436 = CARTESIAN_POINT('',(0.E+000,0.E+000));
#7437 = DIRECTION('',(1.,0.E+000));
#7438 = ( GEOMETRIC_REPRESENTATION_CONTEXT(2) 
PARAMETRIC_REPRESENTATION_CONTEXT() REPRESENTATION_CONTEXT('2D SPACE',''
  ) );
#7439 = PCURVE('',#5703,#7440);
#7440 = DEFINITIONAL_REPRESENTATION('',(#7441),#7467);
#7441 = B_SPLINE_CURVE_WITH_KNOTS('',3,(#7442,#7443,#7444,#7445,#7446,
    #7447,#7448,#7449,#7450,#7451,#7452,#7453,#7454,#7455,#7456,#7457,
    #7458,#7459,#7460,#7461,#7462,#7463,#7464,#7465,#7466),
  .UNSPECIFIED.,.F.,.F.,(4,1,1,1,1,1,1,1,1,1,1,1,1,1,1,1,1,1,1,1,1,1,4),
  (6.067224808495,6.077041194798,6.086857581102,6.096673967406,
    6.10649035371,6.116306740014,6.126123126318,6.135939512622,
    6.145755898926,6.155572285229,6.165388671533,6.175205057837,
    6.185021444141,6.194837830445,6.204654216749,6.214470603053,
    6.224286989356,6.23410337566,6.243919761964,6.253736148268,
    6.263552534572,6.273368920876,6.28318530718),.QUASI_UNIFORM_KNOTS.);
#7442 = CARTESIAN_POINT('',(6.067224808495,11.));
#7443 = CARTESIAN_POINT('',(6.070496937263,11.));
#7444 = CARTESIAN_POINT('',(6.077041194798,11.));
#7445 = CARTESIAN_POINT('',(6.086857581102,11.));
#7446 = CARTESIAN_POINT('',(6.096673967406,11.));
#7447 = CARTESIAN_POINT('',(6.10649035371,11.));
#7448 = CARTESIAN_POINT('',(6.116306740014,11.));
#7449 = CARTESIAN_POINT('',(6.126123126318,11.));
#7450 = CARTESIAN_POINT('',(6.135939512622,11.));
#7451 = CARTESIAN_POINT('',(6.145755898926,11.));
#7452 = CARTESIAN_POINT('',(6.155572285229,11.));
#7453 = CARTESIAN_POINT('',(6.165388671533,11.));
#7454 = CARTESIAN_POINT('',(6.175205057837,11.));
#7455 = CARTESIAN_POINT('',(6.185021444141,11.));
#7456 = CARTESIAN_POINT('',(6.194837830445,11.));
#7457 = CARTESIAN_POINT('',(6.204654216749,11.));
#7458 = CARTESIAN_POINT('',(6.214470603053,11.));
#7459 = CARTESIAN_POINT('',(6.224286989356,11.));
#7460 = CARTESIAN_POINT('',(6.23410337566,11.));
#7461 = CARTESIAN_POINT('',(6.243919761964,11.));
#7462 = CARTESIAN_POINT('',(6.253736148268,11.));
#7463 = CARTESIAN_POINT('',(6.263552534572,11.));
#7464 = CARTESIAN_POINT('',(6.273368920876,11.));
#7465 = CARTESIAN_POINT('',(6.279913178412,11.));
#7466 = CARTESIAN_POINT('',(6.28318530718,11.));
#7467 = ( GEOMETRIC_REPRESENTATION_CONTEXT(2) 
PARAMETRIC_REPRESENTATION_CONTEXT() REPRESENTATION_CONTEXT('2D SPACE',''
  ) );
#7468 = ORIENTED_EDGE('',*,*,#6608,.T.);
#7469 = ORIENTED_EDGE('',*,*,#7470,.T.);
#7470 = EDGE_CURVE('',#6579,#6484,#7471,.T.);
#7471 = SURFACE_CURVE('',#7472,(#7477,#7484),.PCURVE_S1.);
#7472 = CIRCLE('',#7473,14.);
#7473 = AXIS2_PLACEMENT_3D('',#7474,#7475,#7476);
#7474 = CARTESIAN_POINT('',(0.E+000,0.E+000,12.));
#7475 = DIRECTION('',(0.E+000,0.E+000,1.));
#7476 = DIRECTION('',(1.,0.E+000,0.E+000));
#7477 = PCURVE('',#5752,#7478);
#7478 = DEFINITIONAL_REPRESENTATION('',(#7479),#7483);
#7479 = CIRCLE('',#7480,14.);
#7480 = AXIS2_PLACEMENT_2D('',#7481,#7482);
#7481 = CARTESIAN_POINT('',(0.E+000,0.E+000));
#7482 = DIRECTION('',(1.,0.E+000));
#7483 = ( GEOMETRIC_REPRESENTATION_CONTEXT(2) 
PARAMETRIC_REPRESENTATION_CONTEXT() REPRESENTATION_CONTEXT('2D SPACE',''
  ) );
#7484 = PCURVE('',#6519,#7485);
#7485 = DEFINITIONAL_REPRESENTATION('',(#7486),#7512);
#7486 = B_SPLINE_CURVE_WITH_KNOTS('',3,(#7487,#7488,#7489,#7490,#7491,
    #7492,#7493,#7494,#7495,#7496,#7497,#7498,#7499,#7500,#7501,#7502,
    #7503,#7504,#7505,#7506,#7507,#7508,#7509,#7510,#7511),
  .UNSPECIFIED.,.F.,.F.,(4,1,1,1,1,1,1,1,1,1,1,1,1,1,1,1,1,1,1,1,1,1,4),
  (0.E+000,9.816386303862E-003,1.963277260772E-002,2.944915891158E-002,
    3.926554521545E-002,4.908193151931E-002,5.889831782317E-002,
    6.871470412703E-002,7.853109043089E-002,8.834747673475E-002,
    9.816386303862E-002,0.107980249342,0.117796635646,0.12761302195,
    0.137429408254,0.147245794558,0.157062180862,0.166878567166,
    0.17669495347,0.186511339773,0.196327726077,0.206144112381,
    0.215960498685),.QUASI_UNIFORM_KNOTS.);
#7487 = CARTESIAN_POINT('',(6.28318530718,11.));
#7488 = CARTESIAN_POINT('',(6.286457435948,11.));
#7489 = CARTESIAN_POINT('',(6.293001693483,11.));
#7490 = CARTESIAN_POINT('',(6.302818079787,11.));
#7491 = CARTESIAN_POINT('',(6.312634466091,11.));
#7492 = CARTESIAN_POINT('',(6.322450852395,11.));
#7493 = CARTESIAN_POINT('',(6.332267238699,11.));
#7494 = CARTESIAN_POINT('',(6.342083625003,11.));
#7495 = CARTESIAN_POINT('',(6.351900011307,11.));
#7496 = CARTESIAN_POINT('',(6.36171639761,11.));
#7497 = CARTESIAN_POINT('',(6.371532783914,11.));
#7498 = CARTESIAN_POINT('',(6.381349170218,11.));
#7499 = CARTESIAN_POINT('',(6.391165556522,11.));
#7500 = CARTESIAN_POINT('',(6.400981942826,11.));
#7501 = CARTESIAN_POINT('',(6.41079832913,11.));
#7502 = CARTESIAN_POINT('',(6.420614715434,11.));
#7503 = CARTESIAN_POINT('',(6.430431101738,11.));
#7504 = CARTESIAN_POINT('',(6.440247488041,11.));
#7505 = CARTESIAN_POINT('',(6.450063874345,11.));
#7506 = CARTESIAN_POINT('',(6.459880260649,11.));
#7507 = CARTESIAN_POINT('',(6.469696646953,11.));
#7508 = CARTESIAN_POINT('',(6.479513033257,11.));
#7509 = CARTESIAN_POINT('',(6.489329419561,11.));
#7510 = CARTESIAN_POINT('',(6.495873677097,11.));
#7511 = CARTESIAN_POINT('',(6.499145805865,11.));
#7512 = ( GEOMETRIC_REPRESENTATION_CONTEXT(2) 
PARAMETRIC_REPRESENTATION_CONTEXT() REPRESENTATION_CONTEXT('2D SPACE',''
  ) );
#7513 = ORIENTED_EDGE('',*,*,#6483,.F.);
#7514 = ORIENTED_EDGE('',*,*,#7375,.F.);
#7515 = ORIENTED_EDGE('',*,*,#7329,.F.);
#7516 = ADVANCED_FACE('',(#7517),#5703,.T.);
#7517 = FACE_BOUND('',#7518,.T.);
#7518 = EDGE_LOOP('',(#7519,#7520,#7521));
#7519 = ORIENTED_EDGE('',*,*,#7425,.F.);
#7520 = ORIENTED_EDGE('',*,*,#5688,.F.);
#7521 = ORIENTED_EDGE('',*,*,#6629,.F.);
#7522 = ADVANCED_FACE('',(#7523),#6056,.T.);
#7523 = FACE_BOUND('',#7524,.T.);
#7524 = EDGE_LOOP('',(#7525,#7526,#7548,#7549));
#7525 = ORIENTED_EDGE('',*,*,#6295,.F.);
#7526 = ORIENTED_EDGE('',*,*,#7527,.T.);
#7527 = EDGE_CURVE('',#6275,#6015,#7528,.T.);
#7528 = SURFACE_CURVE('',#7529,(#7534,#7541),.PCURVE_S1.);
#7529 = CIRCLE('',#7530,12.);
#7530 = AXIS2_PLACEMENT_3D('',#7531,#7532,#7533);
#7531 = CARTESIAN_POINT('',(0.E+000,0.E+000,14.));
#7532 = DIRECTION('',(0.E+000,0.E+000,1.));
#7533 = DIRECTION('',(1.,0.E+000,0.E+000));
#7534 = PCURVE('',#6056,#7535);
#7535 = DEFINITIONAL_REPRESENTATION('',(#7536),#7540);
#7536 = CIRCLE('',#7537,12.);
#7537 = AXIS2_PLACEMENT_2D('',#7538,#7539);
#7538 = CARTESIAN_POINT('',(10.,-3.));
#7539 = DIRECTION('',(1.,0.E+000));
#7540 = ( GEOMETRIC_REPRESENTATION_CONTEXT(2) 
PARAMETRIC_REPRESENTATION_CONTEXT() REPRESENTATION_CONTEXT('2D SPACE',''
  ) );
#7541 = PCURVE('',#6029,#7542);
#7542 = DEFINITIONAL_REPRESENTATION('',(#7543),#7547);
#7543 = LINE('',#7544,#7545);
#7544 = CARTESIAN_POINT('',(0.E+000,3.));
#7545 = VECTOR('',#7546,1.);
#7546 = DIRECTION('',(1.,0.E+000));
#7547 = ( GEOMETRIC_REPRESENTATION_CONTEXT(2) 
PARAMETRIC_REPRESENTATION_CONTEXT() REPRESENTATION_CONTEXT('2D SPACE',''
  ) );
#7548 = ORIENTED_EDGE('',*,*,#6040,.T.);
#7549 = ORIENTED_EDGE('',*,*,#6115,.F.);
#7550 = ADVANCED_FACE('',(#7551),#6029,.T.);
#7551 = FACE_BOUND('',#7552,.T.);
#7552 = EDGE_LOOP('',(#7553,#7554,#7598,#7599));
#7553 = ORIENTED_EDGE('',*,*,#6274,.F.);
#7554 = ORIENTED_EDGE('',*,*,#7555,.T.);
#7555 = EDGE_CURVE('',#6254,#5989,#7556,.T.);
#7556 = SURFACE_CURVE('',#7557,(#7562,#7591),.PCURVE_S1.);
#7557 = CIRCLE('',#7558,12.);
#7558 = AXIS2_PLACEMENT_3D('',#7559,#7560,#7561);
#7559 = CARTESIAN_POINT('',(0.E+000,0.E+000,13.));
#7560 = DIRECTION('',(0.E+000,0.E+000,1.));
#7561 = DIRECTION('',(1.,0.E+000,0.E+000));
#7562 = PCURVE('',#6029,#7563);
#7563 = DEFINITIONAL_REPRESENTATION('',(#7564),#7590);
#7564 = B_SPLINE_CURVE_WITH_KNOTS('',3,(#7565,#7566,#7567,#7568,#7569,
    #7570,#7571,#7572,#7573,#7574,#7575,#7576,#7577,#7578,#7579,#7580,
    #7581,#7582,#7583,#7584,#7585,#7586,#7587,#7588,#7589),
  .UNSPECIFIED.,.F.,.F.,(4,1,1,1,1,1,1,1,1,1,1,1,1,1,1,1,1,1,1,1,1,1,4),
  (0.E+000,0.285599332145,0.571198664289,0.856797996434,1.142397328578,
    1.427996660723,1.713595992867,1.999195325012,2.284794657156,
    2.570393989301,2.855993321445,3.14159265359,3.427191985734,
    3.712791317879,3.998390650023,4.283989982168,4.569589314312,
    4.855188646457,5.140787978601,5.426387310746,5.711986642891,
    5.997585975035,6.28318530718),.QUASI_UNIFORM_KNOTS.);
#7565 = CARTESIAN_POINT('',(0.E+000,2.));
#7566 = CARTESIAN_POINT('',(9.519977738151E-002,2.));
#7567 = CARTESIAN_POINT('',(0.285599332145,2.));
#7568 = CARTESIAN_POINT('',(0.571198664289,2.));
#7569 = CARTESIAN_POINT('',(0.856797996434,2.));
#7570 = CARTESIAN_POINT('',(1.142397328578,2.));
#7571 = CARTESIAN_POINT('',(1.427996660723,2.));
#7572 = CARTESIAN_POINT('',(1.713595992867,2.));
#7573 = CARTESIAN_POINT('',(1.999195325012,2.));
#7574 = CARTESIAN_POINT('',(2.284794657156,2.));
#7575 = CARTESIAN_POINT('',(2.570393989301,2.));
#7576 = CARTESIAN_POINT('',(2.855993321445,2.));
#7577 = CARTESIAN_POINT('',(3.14159265359,2.));
#7578 = CARTESIAN_POINT('',(3.427191985734,2.));
#7579 = CARTESIAN_POINT('',(3.712791317879,2.));
#7580 = CARTESIAN_POINT('',(3.998390650023,2.));
#7581 = CARTESIAN_POINT('',(4.283989982168,2.));
#7582 = CARTESIAN_POINT('',(4.569589314312,2.));
#7583 = CARTESIAN_POINT('',(4.855188646457,2.));
#7584 = CARTESIAN_POINT('',(5.140787978601,2.));
#7585 = CARTESIAN_POINT('',(5.426387310746,2.));
#7586 = CARTESIAN_POINT('',(5.711986642891,2.));
#7587 = CARTESIAN_POINT('',(5.997585975035,2.));
#7588 = CARTESIAN_POINT('',(6.187985529798,2.));
#7589 = CARTESIAN_POINT('',(6.28318530718,2.));
#7590 = ( GEOMETRIC_REPRESENTATION_CONTEXT(2) 
PARAMETRIC_REPRESENTATION_CONTEXT() REPRESENTATION_CONTEXT('2D SPACE',''
  ) );
#7591 = PCURVE('',#6003,#7592);
#7592 = DEFINITIONAL_REPRESENTATION('',(#7593),#7597);
#7593 = CIRCLE('',#7594,12.);
#7594 = AXIS2_PLACEMENT_2D('',#7595,#7596);
#7595 = CARTESIAN_POINT('',(0.E+000,0.E+000));
#7596 = DIRECTION('',(1.,0.E+000));
#7597 = ( GEOMETRIC_REPRESENTATION_CONTEXT(2) 
PARAMETRIC_REPRESENTATION_CONTEXT() REPRESENTATION_CONTEXT('2D SPACE',''
  ) );
#7598 = ORIENTED_EDGE('',*,*,#6014,.T.);
#7599 = ORIENTED_EDGE('',*,*,#7527,.F.);
#7600 = ADVANCED_FACE('',(#7601),#6003,.T.);
#7601 = FACE_BOUND('',#7602,.T.);
#7602 = EDGE_LOOP('',(#7603,#7604,#7626,#7627));
#7603 = ORIENTED_EDGE('',*,*,#6253,.F.);
#7604 = ORIENTED_EDGE('',*,*,#7605,.T.);
#7605 = EDGE_CURVE('',#6233,#5963,#7606,.T.);
#7606 = SURFACE_CURVE('',#7607,(#7612,#7619),.PCURVE_S1.);
#7607 = CIRCLE('',#7608,13.);
#7608 = AXIS2_PLACEMENT_3D('',#7609,#7610,#7611);
#7609 = CARTESIAN_POINT('',(0.E+000,0.E+000,13.));
#7610 = DIRECTION('',(0.E+000,0.E+000,1.));
#7611 = DIRECTION('',(1.,0.E+000,0.E+000));
#7612 = PCURVE('',#6003,#7613);
#7613 = DEFINITIONAL_REPRESENTATION('',(#7614),#7618);
#7614 = CIRCLE('',#7615,13.);
#7615 = AXIS2_PLACEMENT_2D('',#7616,#7617);
#7616 = CARTESIAN_POINT('',(0.E+000,0.E+000));
#7617 = DIRECTION('',(1.,0.E+000));
#7618 = ( GEOMETRIC_REPRESENTATION_CONTEXT(2) 
PARAMETRIC_REPRESENTATION_CONTEXT() REPRESENTATION_CONTEXT('2D SPACE',''
  ) );
#7619 = PCURVE('',#5977,#7620);
#7620 = DEFINITIONAL_REPRESENTATION('',(#7621),#7625);
#7621 = LINE('',#7622,#7623);
#7622 = CARTESIAN_POINT('',(0.E+000,2.));
#7623 = VECTOR('',#7624,1.);
#7624 = DIRECTION('',(1.,0.E+000));
#7625 = ( GEOMETRIC_REPRESENTATION_CONTEXT(2) 
PARAMETRIC_REPRESENTATION_CONTEXT() REPRESENTATION_CONTEXT('2D SPACE',''
  ) );
#7626 = ORIENTED_EDGE('',*,*,#5988,.T.);
#7627 = ORIENTED_EDGE('',*,*,#7555,.F.);
#7628 = ADVANCED_FACE('',(#7629),#5977,.T.);
#7629 = FACE_BOUND('',#7630,.T.);
#7630 = EDGE_LOOP('',(#7631,#7632,#7654,#7655));
#7631 = ORIENTED_EDGE('',*,*,#6232,.F.);
#7632 = ORIENTED_EDGE('',*,*,#7633,.T.);
#7633 = EDGE_CURVE('',#6212,#5937,#7634,.T.);
#7634 = SURFACE_CURVE('',#7635,(#7640,#7647),.PCURVE_S1.);
#7635 = CIRCLE('',#7636,13.);
#7636 = AXIS2_PLACEMENT_3D('',#7637,#7638,#7639);
#7637 = CARTESIAN_POINT('',(0.E+000,0.E+000,12.));
#7638 = DIRECTION('',(0.E+000,0.E+000,1.));
#7639 = DIRECTION('',(1.,0.E+000,0.E+000));
#7640 = PCURVE('',#5977,#7641);
#7641 = DEFINITIONAL_REPRESENTATION('',(#7642),#7646);
#7642 = LINE('',#7643,#7644);
#7643 = CARTESIAN_POINT('',(0.E+000,1.));
#7644 = VECTOR('',#7645,1.);
#7645 = DIRECTION('',(1.,0.E+000));
#7646 = ( GEOMETRIC_REPRESENTATION_CONTEXT(2) 
PARAMETRIC_REPRESENTATION_CONTEXT() REPRESENTATION_CONTEXT('2D SPACE',''
  ) );
#7647 = PCURVE('',#5951,#7648);
#7648 = DEFINITIONAL_REPRESENTATION('',(#7649),#7653);
#7649 = CIRCLE('',#7650,13.);
#7650 = AXIS2_PLACEMENT_2D('',#7651,#7652);
#7651 = CARTESIAN_POINT('',(0.E+000,0.E+000));
#7652 = DIRECTION('',(1.,0.E+000));
#7653 = ( GEOMETRIC_REPRESENTATION_CONTEXT(2) 
PARAMETRIC_REPRESENTATION_CONTEXT() REPRESENTATION_CONTEXT('2D SPACE',''
  ) );
#7654 = ORIENTED_EDGE('',*,*,#5962,.T.);
#7655 = ORIENTED_EDGE('',*,*,#7605,.F.);
#7656 = ADVANCED_FACE('',(#7657),#5951,.T.);
#7657 = FACE_BOUND('',#7658,.T.);
#7658 = EDGE_LOOP('',(#7659,#7660,#7704,#7705,#7749,#7750));
#7659 = ORIENTED_EDGE('',*,*,#6211,.F.);
#7660 = ORIENTED_EDGE('',*,*,#7661,.T.);
#7661 = EDGE_CURVE('',#6163,#6809,#7662,.T.);
#7662 = SURFACE_CURVE('',#7663,(#7668,#7675),.PCURVE_S1.);
#7663 = CIRCLE('',#7664,14.);
#7664 = AXIS2_PLACEMENT_3D('',#7665,#7666,#7667);
#7665 = CARTESIAN_POINT('',(0.E+000,0.E+000,12.));
#7666 = DIRECTION('',(0.E+000,0.E+000,1.));
#7667 = DIRECTION('',(1.,0.E+000,0.E+000));
#7668 = PCURVE('',#5951,#7669);
#7669 = DEFINITIONAL_REPRESENTATION('',(#7670),#7674);
#7670 = CIRCLE('',#7671,14.);
#7671 = AXIS2_PLACEMENT_2D('',#7672,#7673);
#7672 = CARTESIAN_POINT('',(0.E+000,0.E+000));
#7673 = DIRECTION('',(1.,0.E+000));
#7674 = ( GEOMETRIC_REPRESENTATION_CONTEXT(2) 
PARAMETRIC_REPRESENTATION_CONTEXT() REPRESENTATION_CONTEXT('2D SPACE',''
  ) );
#7675 = PCURVE('',#6177,#7676);
#7676 = DEFINITIONAL_REPRESENTATION('',(#7677),#7703);
#7677 = B_SPLINE_CURVE_WITH_KNOTS('',3,(#7678,#7679,#7680,#7681,#7682,
    #7683,#7684,#7685,#7686,#7687,#7688,#7689,#7690,#7691,#7692,#7693,
    #7694,#7695,#7696,#7697,#7698,#7699,#7700,#7701,#7702),
  .UNSPECIFIED.,.F.,.F.,(4,1,1,1,1,1,1,1,1,1,1,1,1,1,1,1,1,1,1,1,1,1,4),
  (2.925632154905,2.935448541209,2.945264927513,2.955081313816,
    2.96489770012,2.974714086424,2.984530472728,2.994346859032,
    3.004163245336,3.01397963164,3.023796017943,3.033612404247,
    3.043428790551,3.053245176855,3.063061563159,3.072877949463,
    3.082694335767,3.09251072207,3.102327108374,3.112143494678,
    3.121959880982,3.131776267286,3.14159265359),.QUASI_UNIFORM_KNOTS.);
#7678 = CARTESIAN_POINT('',(2.925632154905,11.));
#7679 = CARTESIAN_POINT('',(2.928904283673,11.));
#7680 = CARTESIAN_POINT('',(2.935448541209,11.));
#7681 = CARTESIAN_POINT('',(2.945264927513,11.));
#7682 = CARTESIAN_POINT('',(2.955081313816,11.));
#7683 = CARTESIAN_POINT('',(2.96489770012,11.));
#7684 = CARTESIAN_POINT('',(2.974714086424,11.));
#7685 = CARTESIAN_POINT('',(2.984530472728,11.));
#7686 = CARTESIAN_POINT('',(2.994346859032,11.));
#7687 = CARTESIAN_POINT('',(3.004163245336,11.));
#7688 = CARTESIAN_POINT('',(3.01397963164,11.));
#7689 = CARTESIAN_POINT('',(3.023796017943,11.));
#7690 = CARTESIAN_POINT('',(3.033612404247,11.));
#7691 = CARTESIAN_POINT('',(3.043428790551,11.));
#7692 = CARTESIAN_POINT('',(3.053245176855,11.));
#7693 = CARTESIAN_POINT('',(3.063061563159,11.));
#7694 = CARTESIAN_POINT('',(3.072877949463,11.));
#7695 = CARTESIAN_POINT('',(3.082694335767,11.));
#7696 = CARTESIAN_POINT('',(3.09251072207,11.));
#7697 = CARTESIAN_POINT('',(3.102327108374,11.));
#7698 = CARTESIAN_POINT('',(3.112143494678,11.));
#7699 = CARTESIAN_POINT('',(3.121959880982,11.));
#7700 = CARTESIAN_POINT('',(3.131776267286,11.));
#7701 = CARTESIAN_POINT('',(3.138320524822,11.));
#7702 = CARTESIAN_POINT('',(3.14159265359,11.));
#7703 = ( GEOMETRIC_REPRESENTATION_CONTEXT(2) 
PARAMETRIC_REPRESENTATION_CONTEXT() REPRESENTATION_CONTEXT('2D SPACE',''
  ) );
#7704 = ORIENTED_EDGE('',*,*,#6808,.T.);
#7705 = ORIENTED_EDGE('',*,*,#7706,.T.);
#7706 = EDGE_CURVE('',#6779,#5888,#7707,.T.);
#7707 = SURFACE_CURVE('',#7708,(#7713,#7720),.PCURVE_S1.);
#7708 = CIRCLE('',#7709,14.);
#7709 = AXIS2_PLACEMENT_3D('',#7710,#7711,#7712);
#7710 = CARTESIAN_POINT('',(0.E+000,0.E+000,12.));
#7711 = DIRECTION('',(0.E+000,0.E+000,1.));
#7712 = DIRECTION('',(1.,0.E+000,0.E+000));
#7713 = PCURVE('',#5951,#7714);
#7714 = DEFINITIONAL_REPRESENTATION('',(#7715),#7719);
#7715 = CIRCLE('',#7716,14.);
#7716 = AXIS2_PLACEMENT_2D('',#7717,#7718);
#7717 = CARTESIAN_POINT('',(0.E+000,0.E+000));
#7718 = DIRECTION('',(1.,0.E+000));
#7719 = ( GEOMETRIC_REPRESENTATION_CONTEXT(2) 
PARAMETRIC_REPRESENTATION_CONTEXT() REPRESENTATION_CONTEXT('2D SPACE',''
  ) );
#7720 = PCURVE('',#5902,#7721);
#7721 = DEFINITIONAL_REPRESENTATION('',(#7722),#7748);
#7722 = B_SPLINE_CURVE_WITH_KNOTS('',3,(#7723,#7724,#7725,#7726,#7727,
    #7728,#7729,#7730,#7731,#7732,#7733,#7734,#7735,#7736,#7737,#7738,
    #7739,#7740,#7741,#7742,#7743,#7744,#7745,#7746,#7747),
  .UNSPECIFIED.,.F.,.F.,(4,1,1,1,1,1,1,1,1,1,1,1,1,1,1,1,1,1,1,1,1,1,4),
  (3.14159265359,3.151409039894,3.161225426198,3.171041812501,
    3.180858198805,3.190674585109,3.200490971413,3.210307357717,
    3.220123744021,3.229940130325,3.239756516628,3.249572902932,
    3.259389289236,3.26920567554,3.279022061844,3.288838448148,
    3.298654834452,3.308471220755,3.318287607059,3.328103993363,
    3.337920379667,3.347736765971,3.357553152275),
  .QUASI_UNIFORM_KNOTS.);
#7723 = CARTESIAN_POINT('',(3.14159265359,11.));
#7724 = CARTESIAN_POINT('',(3.144864782358,11.));
#7725 = CARTESIAN_POINT('',(3.151409039894,11.));
#7726 = CARTESIAN_POINT('',(3.161225426198,11.));
#7727 = CARTESIAN_POINT('',(3.171041812501,11.));
#7728 = CARTESIAN_POINT('',(3.180858198805,11.));
#7729 = CARTESIAN_POINT('',(3.190674585109,11.));
#7730 = CARTESIAN_POINT('',(3.200490971413,11.));
#7731 = CARTESIAN_POINT('',(3.210307357717,11.));
#7732 = CARTESIAN_POINT('',(3.220123744021,11.));
#7733 = CARTESIAN_POINT('',(3.229940130325,11.));
#7734 = CARTESIAN_POINT('',(3.239756516628,11.));
#7735 = CARTESIAN_POINT('',(3.249572902932,11.));
#7736 = CARTESIAN_POINT('',(3.259389289236,11.));
#7737 = CARTESIAN_POINT('',(3.26920567554,11.));
#7738 = CARTESIAN_POINT('',(3.279022061844,11.));
#7739 = CARTESIAN_POINT('',(3.288838448148,11.));
#7740 = CARTESIAN_POINT('',(3.298654834452,11.));
#7741 = CARTESIAN_POINT('',(3.308471220755,11.));
#7742 = CARTESIAN_POINT('',(3.318287607059,11.));
#7743 = CARTESIAN_POINT('',(3.328103993363,11.));
#7744 = CARTESIAN_POINT('',(3.337920379667,11.));
#7745 = CARTESIAN_POINT('',(3.347736765971,11.));
#7746 = CARTESIAN_POINT('',(3.354281023507,11.));
#7747 = CARTESIAN_POINT('',(3.357553152275,11.));
#7748 = ( GEOMETRIC_REPRESENTATION_CONTEXT(2) 
PARAMETRIC_REPRESENTATION_CONTEXT() REPRESENTATION_CONTEXT('2D SPACE',''
  ) );
#7749 = ORIENTED_EDGE('',*,*,#5936,.T.);
#7750 = ORIENTED_EDGE('',*,*,#7633,.F.);
#7751 = ADVANCED_FACE('',(#7752),#5902,.T.);
#7752 = FACE_BOUND('',#7753,.T.);
#7753 = EDGE_LOOP('',(#7754,#7755,#7756));
#7754 = ORIENTED_EDGE('',*,*,#7706,.F.);
#7755 = ORIENTED_EDGE('',*,*,#6778,.F.);
#7756 = ORIENTED_EDGE('',*,*,#5887,.T.);
#7757 = ADVANCED_FACE('',(#7758),#6177,.T.);
#7758 = FACE_BOUND('',#7759,.T.);
#7759 = EDGE_LOOP('',(#7760,#7761,#7762));
#7760 = ORIENTED_EDGE('',*,*,#6162,.F.);
#7761 = ORIENTED_EDGE('',*,*,#6829,.F.);
#7762 = ORIENTED_EDGE('',*,*,#7661,.F.);
#7763 = ADVANCED_FACE('',(#7764),#6519,.T.);
#7764 = FACE_BOUND('',#7765,.T.);
#7765 = EDGE_LOOP('',(#7766,#7767,#7768));
#7766 = ORIENTED_EDGE('',*,*,#7470,.F.);
#7767 = ORIENTED_EDGE('',*,*,#6578,.F.);
#7768 = ORIENTED_EDGE('',*,*,#6504,.T.);
#7769 = ADVANCED_FACE('',(#7770),#6407,.T.);
#7770 = FACE_BOUND('',#7771,.T.);
#7771 = EDGE_LOOP('',(#7772,#7773,#7774,#7775));
#7772 = ORIENTED_EDGE('',*,*,#7091,.F.);
#7773 = ORIENTED_EDGE('',*,*,#7116,.F.);
#7774 = ORIENTED_EDGE('',*,*,#7278,.T.);
#7775 = ORIENTED_EDGE('',*,*,#6392,.T.);
#7776 = ADVANCED_FACE('',(#7777),#6676,.F.);
#7777 = FACE_BOUND('',#7778,.F.);
#7778 = EDGE_LOOP('',(#7779,#7805,#7826,#7827));
#7779 = ORIENTED_EDGE('',*,*,#7780,.F.);
#7780 = EDGE_CURVE('',#7781,#7783,#7785,.T.);
#7781 = VERTEX_POINT('',#7782);
#7782 = CARTESIAN_POINT('',(11.578536176909,-2.,10.));
#7783 = VERTEX_POINT('',#7784);
#7784 = CARTESIAN_POINT('',(11.578536176909,2.,10.));
#7785 = SURFACE_CURVE('',#7786,(#7791,#7798),.PCURVE_S1.);
#7786 = CIRCLE('',#7787,11.75);
#7787 = AXIS2_PLACEMENT_3D('',#7788,#7789,#7790);
#7788 = CARTESIAN_POINT('',(0.E+000,0.E+000,10.));
#7789 = DIRECTION('',(0.E+000,0.E+000,1.));
#7790 = DIRECTION('',(1.,0.E+000,0.E+000));
#7791 = PCURVE('',#6676,#7792);
#7792 = DEFINITIONAL_REPRESENTATION('',(#7793),#7797);
#7793 = CIRCLE('',#7794,11.75);
#7794 = AXIS2_PLACEMENT_2D('',#7795,#7796);
#7795 = CARTESIAN_POINT('',(-10.,3.));
#7796 = DIRECTION('',(1.,0.E+000));
#7797 = ( GEOMETRIC_REPRESENTATION_CONTEXT(2) 
PARAMETRIC_REPRESENTATION_CONTEXT() REPRESENTATION_CONTEXT('2D SPACE',''
  ) );
#7798 = PCURVE('',#6730,#7799);
#7799 = DEFINITIONAL_REPRESENTATION('',(#7800),#7804);
#7800 = LINE('',#7801,#7802);
#7801 = CARTESIAN_POINT('',(-6.28318530718,10.));
#7802 = VECTOR('',#7803,1.);
#7803 = DIRECTION('',(1.,0.E+000));
#7804 = ( GEOMETRIC_REPRESENTATION_CONTEXT(2) 
PARAMETRIC_REPRESENTATION_CONTEXT() REPRESENTATION_CONTEXT('2D SPACE',''
  ) );
#7805 = ORIENTED_EDGE('',*,*,#7806,.T.);
#7806 = EDGE_CURVE('',#7781,#6660,#7807,.T.);
#7807 = SURFACE_CURVE('',#7808,(#7812,#7819),.PCURVE_S1.);
#7808 = LINE('',#7809,#7810);
#7809 = CARTESIAN_POINT('',(10.,-2.,10.));
#7810 = VECTOR('',#7811,1.);
#7811 = DIRECTION('',(1.,0.E+000,0.E+000));
#7812 = PCURVE('',#6676,#7813);
#7813 = DEFINITIONAL_REPRESENTATION('',(#7814),#7818);
#7814 = LINE('',#7815,#7816);
#7815 = CARTESIAN_POINT('',(0.E+000,1.));
#7816 = VECTOR('',#7817,1.);
#7817 = DIRECTION('',(1.,0.E+000));
#7818 = ( GEOMETRIC_REPRESENTATION_CONTEXT(2) 
PARAMETRIC_REPRESENTATION_CONTEXT() REPRESENTATION_CONTEXT('2D SPACE',''
  ) );
#7819 = PCURVE('',#6761,#7820);
#7820 = DEFINITIONAL_REPRESENTATION('',(#7821),#7825);
#7821 = LINE('',#7822,#7823);
#7822 = CARTESIAN_POINT('',(10.,0.E+000));
#7823 = VECTOR('',#7824,1.);
#7824 = DIRECTION('',(0.E+000,1.));
#7825 = ( GEOMETRIC_REPRESENTATION_CONTEXT(2) 
PARAMETRIC_REPRESENTATION_CONTEXT() REPRESENTATION_CONTEXT('2D SPACE',''
  ) );
#7826 = ORIENTED_EDGE('',*,*,#6659,.T.);
#7827 = ORIENTED_EDGE('',*,*,#7828,.F.);
#7828 = EDGE_CURVE('',#7783,#6662,#7829,.T.);
#7829 = SURFACE_CURVE('',#7830,(#7834,#7841),.PCURVE_S1.);
#7830 = LINE('',#7831,#7832);
#7831 = CARTESIAN_POINT('',(10.,2.,10.));
#7832 = VECTOR('',#7833,1.);
#7833 = DIRECTION('',(1.,0.E+000,0.E+000));
#7834 = PCURVE('',#6676,#7835);
#7835 = DEFINITIONAL_REPRESENTATION('',(#7836),#7840);
#7836 = LINE('',#7837,#7838);
#7837 = CARTESIAN_POINT('',(0.E+000,5.));
#7838 = VECTOR('',#7839,1.);
#7839 = DIRECTION('',(1.,0.E+000));
#7840 = ( GEOMETRIC_REPRESENTATION_CONTEXT(2) 
PARAMETRIC_REPRESENTATION_CONTEXT() REPRESENTATION_CONTEXT('2D SPACE',''
  ) );
#7841 = PCURVE('',#6702,#7842);
#7842 = DEFINITIONAL_REPRESENTATION('',(#7843),#7847);
#7843 = LINE('',#7844,#7845);
#7844 = CARTESIAN_POINT('',(10.,0.E+000));
#7845 = VECTOR('',#7846,1.);
#7846 = DIRECTION('',(0.E+000,1.));
#7847 = ( GEOMETRIC_REPRESENTATION_CONTEXT(2) 
PARAMETRIC_REPRESENTATION_CONTEXT() REPRESENTATION_CONTEXT('2D SPACE',''
  ) );
#7848 = ADVANCED_FACE('',(#7849),#6761,.T.);
#7849 = FACE_BOUND('',#7850,.T.);
#7850 = EDGE_LOOP('',(#7851,#7852,#7871));
#7851 = ORIENTED_EDGE('',*,*,#6748,.T.);
#7852 = ORIENTED_EDGE('',*,*,#7853,.T.);
#7853 = EDGE_CURVE('',#6714,#7781,#7854,.T.);
#7854 = SURFACE_CURVE('',#7855,(#7859,#7865),.PCURVE_S1.);
#7855 = LINE('',#7856,#7857);
#7856 = CARTESIAN_POINT('',(11.578536176909,-2.,0.E+000));
#7857 = VECTOR('',#7858,1.);
#7858 = DIRECTION('',(0.E+000,0.E+000,1.));
#7859 = PCURVE('',#6761,#7860);
#7860 = DEFINITIONAL_REPRESENTATION('',(#7861),#7864);
#7861 = B_SPLINE_CURVE_WITH_KNOTS('',1,(#7862,#7863),.UNSPECIFIED.,.F.,
  .F.,(2,2),(0.4999996,11.),.PIECEWISE_BEZIER_KNOTS.);
#7862 = CARTESIAN_POINT('',(0.4999996,1.578536176909));
#7863 = CARTESIAN_POINT('',(11.,1.578536176909));
#7864 = ( GEOMETRIC_REPRESENTATION_CONTEXT(2) 
PARAMETRIC_REPRESENTATION_CONTEXT() REPRESENTATION_CONTEXT('2D SPACE',''
  ) );
#7865 = PCURVE('',#6730,#7866);
#7866 = DEFINITIONAL_REPRESENTATION('',(#7867),#7870);
#7867 = B_SPLINE_CURVE_WITH_KNOTS('',1,(#7868,#7869),.UNSPECIFIED.,.F.,
  .F.,(2,2),(0.4999996,11.),.PIECEWISE_BEZIER_KNOTS.);
#7868 = CARTESIAN_POINT('',(-0.171045581863,0.4999996));
#7869 = CARTESIAN_POINT('',(-0.171045581863,11.));
#7870 = ( GEOMETRIC_REPRESENTATION_CONTEXT(2) 
PARAMETRIC_REPRESENTATION_CONTEXT() REPRESENTATION_CONTEXT('2D SPACE',''
  ) );
#7871 = ORIENTED_EDGE('',*,*,#7806,.T.);
#7872 = ADVANCED_FACE('',(#7873),#6730,.T.);
#7873 = FACE_BOUND('',#7874,.T.);
#7874 = EDGE_LOOP('',(#7875,#7876,#7877,#7896));
#7875 = ORIENTED_EDGE('',*,*,#7853,.F.);
#7876 = ORIENTED_EDGE('',*,*,#6713,.F.);
#7877 = ORIENTED_EDGE('',*,*,#7878,.T.);
#7878 = EDGE_CURVE('',#6688,#7783,#7879,.T.);
#7879 = SURFACE_CURVE('',#7880,(#7884,#7890),.PCURVE_S1.);
#7880 = LINE('',#7881,#7882);
#7881 = CARTESIAN_POINT('',(11.578536176909,2.,0.E+000));
#7882 = VECTOR('',#7883,1.);
#7883 = DIRECTION('',(0.E+000,0.E+000,1.));
#7884 = PCURVE('',#6730,#7885);
#7885 = DEFINITIONAL_REPRESENTATION('',(#7886),#7889);
#7886 = B_SPLINE_CURVE_WITH_KNOTS('',1,(#7887,#7888),.UNSPECIFIED.,.F.,
  .F.,(2,2),(0.4999996,11.),.PIECEWISE_BEZIER_KNOTS.);
#7887 = CARTESIAN_POINT('',(0.171045581863,0.4999996));
#7888 = CARTESIAN_POINT('',(0.171045581863,11.));
#7889 = ( GEOMETRIC_REPRESENTATION_CONTEXT(2) 
PARAMETRIC_REPRESENTATION_CONTEXT() REPRESENTATION_CONTEXT('2D SPACE',''
  ) );
#7890 = PCURVE('',#6702,#7891);
#7891 = DEFINITIONAL_REPRESENTATION('',(#7892),#7895);
#7892 = B_SPLINE_CURVE_WITH_KNOTS('',1,(#7893,#7894),.UNSPECIFIED.,.F.,
  .F.,(2,2),(0.4999996,11.),.PIECEWISE_BEZIER_KNOTS.);
#7893 = CARTESIAN_POINT('',(0.4999996,1.578536176909));
#7894 = CARTESIAN_POINT('',(11.,1.578536176909));
#7895 = ( GEOMETRIC_REPRESENTATION_CONTEXT(2) 
PARAMETRIC_REPRESENTATION_CONTEXT() REPRESENTATION_CONTEXT('2D SPACE',''
  ) );
#7896 = ORIENTED_EDGE('',*,*,#7780,.F.);
#7897 = ADVANCED_FACE('',(#7898),#6702,.F.);
#7898 = FACE_BOUND('',#7899,.F.);
#7899 = EDGE_LOOP('',(#7900,#7901,#7902));
#7900 = ORIENTED_EDGE('',*,*,#6687,.T.);
#7901 = ORIENTED_EDGE('',*,*,#7878,.T.);
#7902 = ORIENTED_EDGE('',*,*,#7828,.T.);
#7903 = ADVANCED_FACE('',(#7904),#6876,.T.);
#7904 = FACE_BOUND('',#7905,.T.);
#7905 = EDGE_LOOP('',(#7906,#7927,#7928));
#7906 = ORIENTED_EDGE('',*,*,#7907,.F.);
#7907 = EDGE_CURVE('',#6860,#7908,#7910,.T.);
#7908 = VERTEX_POINT('',#7909);
#7909 = CARTESIAN_POINT('',(-11.5785361769,-2.,10.));
#7910 = SURFACE_CURVE('',#7911,(#7915,#7921),.PCURVE_S1.);
#7911 = LINE('',#7912,#7913);
#7912 = CARTESIAN_POINT('',(-11.5785361769,-2.,0.E+000));
#7913 = VECTOR('',#7914,1.);
#7914 = DIRECTION('',(0.E+000,0.E+000,1.));
#7915 = PCURVE('',#6876,#7916);
#7916 = DEFINITIONAL_REPRESENTATION('',(#7917),#7920);
#7917 = B_SPLINE_CURVE_WITH_KNOTS('',1,(#7918,#7919),.UNSPECIFIED.,.F.,
  .F.,(2,2),(0.4999996,11.),.PIECEWISE_BEZIER_KNOTS.);
#7918 = CARTESIAN_POINT('',(0.4999996,2.421463823091));
#7919 = CARTESIAN_POINT('',(11.,2.421463823091));
#7920 = ( GEOMETRIC_REPRESENTATION_CONTEXT(2) 
PARAMETRIC_REPRESENTATION_CONTEXT() REPRESENTATION_CONTEXT('2D SPACE',''
  ) );
#7921 = PCURVE('',#6904,#7922);
#7922 = DEFINITIONAL_REPRESENTATION('',(#7923),#7926);
#7923 = B_SPLINE_CURVE_WITH_KNOTS('',1,(#7924,#7925),.UNSPECIFIED.,.F.,
  .F.,(2,2),(0.4999996,11.),.PIECEWISE_BEZIER_KNOTS.);
#7924 = CARTESIAN_POINT('',(3.312638235453,0.4999996));
#7925 = CARTESIAN_POINT('',(3.312638235453,11.));
#7926 = ( GEOMETRIC_REPRESENTATION_CONTEXT(2) 
PARAMETRIC_REPRESENTATION_CONTEXT() REPRESENTATION_CONTEXT('2D SPACE',''
  ) );
#7927 = ORIENTED_EDGE('',*,*,#6859,.T.);
#7928 = ORIENTED_EDGE('',*,*,#7929,.T.);
#7929 = EDGE_CURVE('',#6862,#7908,#7930,.T.);
#7930 = SURFACE_CURVE('',#7931,(#7935,#7942),.PCURVE_S1.);
#7931 = LINE('',#7932,#7933);
#7932 = CARTESIAN_POINT('',(-14.,-2.,10.));
#7933 = VECTOR('',#7934,1.);
#7934 = DIRECTION('',(1.,0.E+000,0.E+000));
#7935 = PCURVE('',#6876,#7936);
#7936 = DEFINITIONAL_REPRESENTATION('',(#7937),#7941);
#7937 = LINE('',#7938,#7939);
#7938 = CARTESIAN_POINT('',(10.,0.E+000));
#7939 = VECTOR('',#7940,1.);
#7940 = DIRECTION('',(0.E+000,1.));
#7941 = ( GEOMETRIC_REPRESENTATION_CONTEXT(2) 
PARAMETRIC_REPRESENTATION_CONTEXT() REPRESENTATION_CONTEXT('2D SPACE',''
  ) );
#7942 = PCURVE('',#6961,#7943);
#7943 = DEFINITIONAL_REPRESENTATION('',(#7944),#7948);
#7944 = LINE('',#7945,#7946);
#7945 = CARTESIAN_POINT('',(0.E+000,1.));
#7946 = VECTOR('',#7947,1.);
#7947 = DIRECTION('',(1.,0.E+000));
#7948 = ( GEOMETRIC_REPRESENTATION_CONTEXT(2) 
PARAMETRIC_REPRESENTATION_CONTEXT() REPRESENTATION_CONTEXT('2D SPACE',''
  ) );
#7949 = ADVANCED_FACE('',(#7950),#6961,.F.);
#7950 = FACE_BOUND('',#7951,.F.);
#7951 = EDGE_LOOP('',(#7952,#7975,#7976,#7977));
#7952 = ORIENTED_EDGE('',*,*,#7953,.F.);
#7953 = EDGE_CURVE('',#6923,#7954,#7956,.T.);
#7954 = VERTEX_POINT('',#7955);
#7955 = CARTESIAN_POINT('',(-11.5785361769,2.,10.));
#7956 = SURFACE_CURVE('',#7957,(#7961,#7968),.PCURVE_S1.);
#7957 = LINE('',#7958,#7959);
#7958 = CARTESIAN_POINT('',(-14.,2.,10.));
#7959 = VECTOR('',#7960,1.);
#7960 = DIRECTION('',(1.,0.E+000,0.E+000));
#7961 = PCURVE('',#6961,#7962);
#7962 = DEFINITIONAL_REPRESENTATION('',(#7963),#7967);
#7963 = LINE('',#7964,#7965);
#7964 = CARTESIAN_POINT('',(0.E+000,5.));
#7965 = VECTOR('',#7966,1.);
#7966 = DIRECTION('',(1.,0.E+000));
#7967 = ( GEOMETRIC_REPRESENTATION_CONTEXT(2) 
PARAMETRIC_REPRESENTATION_CONTEXT() REPRESENTATION_CONTEXT('2D SPACE',''
  ) );
#7968 = PCURVE('',#6937,#7969);
#7969 = DEFINITIONAL_REPRESENTATION('',(#7970),#7974);
#7970 = LINE('',#7971,#7972);
#7971 = CARTESIAN_POINT('',(10.,0.E+000));
#7972 = VECTOR('',#7973,1.);
#7973 = DIRECTION('',(0.E+000,1.));
#7974 = ( GEOMETRIC_REPRESENTATION_CONTEXT(2) 
PARAMETRIC_REPRESENTATION_CONTEXT() REPRESENTATION_CONTEXT('2D SPACE',''
  ) );
#7975 = ORIENTED_EDGE('',*,*,#6948,.T.);
#7976 = ORIENTED_EDGE('',*,*,#7929,.T.);
#7977 = ORIENTED_EDGE('',*,*,#7978,.F.);
#7978 = EDGE_CURVE('',#7954,#7908,#7979,.T.);
#7979 = SURFACE_CURVE('',#7980,(#7985,#7992),.PCURVE_S1.);
#7980 = CIRCLE('',#7981,11.75);
#7981 = AXIS2_PLACEMENT_3D('',#7982,#7983,#7984);
#7982 = CARTESIAN_POINT('',(0.E+000,0.E+000,10.));
#7983 = DIRECTION('',(0.E+000,0.E+000,1.));
#7984 = DIRECTION('',(1.,0.E+000,0.E+000));
#7985 = PCURVE('',#6961,#7986);
#7986 = DEFINITIONAL_REPRESENTATION('',(#7987),#7991);
#7987 = CIRCLE('',#7988,11.75);
#7988 = AXIS2_PLACEMENT_2D('',#7989,#7990);
#7989 = CARTESIAN_POINT('',(14.,3.));
#7990 = DIRECTION('',(1.,0.E+000));
#7991 = ( GEOMETRIC_REPRESENTATION_CONTEXT(2) 
PARAMETRIC_REPRESENTATION_CONTEXT() REPRESENTATION_CONTEXT('2D SPACE',''
  ) );
#7992 = PCURVE('',#6904,#7993);
#7993 = DEFINITIONAL_REPRESENTATION('',(#7994),#7998);
#7994 = LINE('',#7995,#7996);
#7995 = CARTESIAN_POINT('',(0.E+000,10.));
#7996 = VECTOR('',#7997,1.);
#7997 = DIRECTION('',(1.,0.E+000));
#7998 = ( GEOMETRIC_REPRESENTATION_CONTEXT(2) 
PARAMETRIC_REPRESENTATION_CONTEXT() REPRESENTATION_CONTEXT('2D SPACE',''
  ) );
#7999 = ADVANCED_FACE('',(#8000),#6937,.F.);
#8000 = FACE_BOUND('',#8001,.F.);
#8001 = EDGE_LOOP('',(#8002,#8021,#8022));
#8002 = ORIENTED_EDGE('',*,*,#8003,.F.);
#8003 = EDGE_CURVE('',#6888,#7954,#8004,.T.);
#8004 = SURFACE_CURVE('',#8005,(#8009,#8015),.PCURVE_S1.);
#8005 = LINE('',#8006,#8007);
#8006 = CARTESIAN_POINT('',(-11.5785361769,2.,0.E+000));
#8007 = VECTOR('',#8008,1.);
#8008 = DIRECTION('',(0.E+000,0.E+000,1.));
#8009 = PCURVE('',#6937,#8010);
#8010 = DEFINITIONAL_REPRESENTATION('',(#8011),#8014);
#8011 = B_SPLINE_CURVE_WITH_KNOTS('',1,(#8012,#8013),.UNSPECIFIED.,.F.,
  .F.,(2,2),(0.4999996,11.),.PIECEWISE_BEZIER_KNOTS.);
#8012 = CARTESIAN_POINT('',(0.4999996,2.421463823091));
#8013 = CARTESIAN_POINT('',(11.,2.421463823091));
#8014 = ( GEOMETRIC_REPRESENTATION_CONTEXT(2) 
PARAMETRIC_REPRESENTATION_CONTEXT() REPRESENTATION_CONTEXT('2D SPACE',''
  ) );
#8015 = PCURVE('',#6904,#8016);
#8016 = DEFINITIONAL_REPRESENTATION('',(#8017),#8020);
#8017 = B_SPLINE_CURVE_WITH_KNOTS('',1,(#8018,#8019),.UNSPECIFIED.,.F.,
  .F.,(2,2),(0.4999996,11.),.PIECEWISE_BEZIER_KNOTS.);
#8018 = CARTESIAN_POINT('',(2.970547071727,0.4999996));
#8019 = CARTESIAN_POINT('',(2.970547071727,11.));
#8020 = ( GEOMETRIC_REPRESENTATION_CONTEXT(2) 
PARAMETRIC_REPRESENTATION_CONTEXT() REPRESENTATION_CONTEXT('2D SPACE',''
  ) );
#8021 = ORIENTED_EDGE('',*,*,#6922,.T.);
#8022 = ORIENTED_EDGE('',*,*,#7953,.T.);
#8023 = ADVANCED_FACE('',(#8024),#6904,.T.);
#8024 = FACE_BOUND('',#8025,.T.);
#8025 = EDGE_LOOP('',(#8026,#8027,#8028,#8029));
#8026 = ORIENTED_EDGE('',*,*,#8003,.F.);
#8027 = ORIENTED_EDGE('',*,*,#6887,.F.);
#8028 = ORIENTED_EDGE('',*,*,#7907,.T.);
#8029 = ORIENTED_EDGE('',*,*,#7978,.F.);
#8030 = ADVANCED_FACE('',(#8031),#4883,.F.);
#8031 = FACE_BOUND('',#8032,.F.);
#8032 = EDGE_LOOP('',(#8033,#8034,#8035,#8036,#8037,#8038));
#8033 = ORIENTED_EDGE('',*,*,#6325,.T.);
#8034 = ORIENTED_EDGE('',*,*,#6976,.F.);
#8035 = ORIENTED_EDGE('',*,*,#7022,.F.);
#8036 = ORIENTED_EDGE('',*,*,#5622,.F.);
#8037 = ORIENTED_EDGE('',*,*,#4864,.T.);
#8038 = ORIENTED_EDGE('',*,*,#4917,.T.);
#8039 = ( GEOMETRIC_REPRESENTATION_CONTEXT(3) 
GLOBAL_UNCERTAINTY_ASSIGNED_CONTEXT((#8043)) 
GLOBAL_UNIT_ASSIGNED_CONTEXT((#8040,#8041,#8042)) REPRESENTATION_CONTEXT
('Context #1','3D Context with UNIT and UNCERTAINTY') );
#8040 = ( LENGTH_UNIT() NAMED_UNIT(*) SI_UNIT(.MILLI.,.METRE.) );
#8041 = ( NAMED_UNIT(*) PLANE_ANGLE_UNIT() SI_UNIT($,.RADIAN.) );
#8042 = ( NAMED_UNIT(*) SI_UNIT($,.STERADIAN.) SOLID_ANGLE_UNIT() );
#8043 = UNCERTAINTY_MEASURE_WITH_UNIT(LENGTH_MEASURE(5.E-007),#8040,
  'distance_accuracy_value','confusion accuracy');
#8044 = SHAPE_DEFINITION_REPRESENTATION(#8045,#3695);
#8045 = PRODUCT_DEFINITION_SHAPE('','',#8046);
#8046 = PRODUCT_DEFINITION('design','',#8047,#8050);
#8047 = PRODUCT_DEFINITION_FORMATION('','',#8048);
#8048 = PRODUCT('Cut008_(Solid)','Cut008_(Solid)','',(#8049));
#8049 = MECHANICAL_CONTEXT('',#2,'mechanical');
#8050 = PRODUCT_DEFINITION_CONTEXT('part definition',#2,'design');
#8051 = CONTEXT_DEPENDENT_SHAPE_REPRESENTATION(#8052,#8054);
#8052 = ( REPRESENTATION_RELATIONSHIP('','',#3695,#10) 
REPRESENTATION_RELATIONSHIP_WITH_TRANSFORMATION(#8053) 
SHAPE_REPRESENTATION_RELATIONSHIP() );
#8053 = ITEM_DEFINED_TRANSFORMATION('','',#11,#19);
#8054 = PRODUCT_DEFINITION_SHAPE('Placement','Placement of an item',
  #8055);
#8055 = NEXT_ASSEMBLY_USAGE_OCCURRENCE('2','=>[0:1:1:3]','',#5,#8046,$);
#8056 = PRODUCT_TYPE('part',$,(#8048));
#8057 = ADVANCED_BREP_SHAPE_REPRESENTATION('',(#11,#8058),#8210);
#8058 = MANIFOLD_SOLID_BREP('',#8059);
#8059 = CLOSED_SHELL('',(#8060,#8148,#8202,#8206));
#8060 = ADVANCED_FACE('',(#8061),#8075,.T.);
#8061 = FACE_BOUND('',#8062,.T.);
#8062 = EDGE_LOOP('',(#8063,#8093,#8120,#8121));
#8063 = ORIENTED_EDGE('',*,*,#8064,.T.);
#8064 = EDGE_CURVE('',#8065,#8067,#8069,.T.);
#8065 = VERTEX_POINT('',#8066);
#8066 = CARTESIAN_POINT('',(9.675,-2.36969155635E-015,3.));
#8067 = VERTEX_POINT('',#8068);
#8068 = CARTESIAN_POINT('',(9.675,0.E+000,19.));
#8069 = SEAM_CURVE('',#8070,(#8074,#8086),.PCURVE_S1.);
#8070 = LINE('',#8071,#8072);
#8071 = CARTESIAN_POINT('',(9.675,-2.36969155635E-015,3.));
#8072 = VECTOR('',#8073,1.);
#8073 = DIRECTION('',(0.E+000,0.E+000,1.));
#8074 = PCURVE('',#8075,#8080);
#8075 = CYLINDRICAL_SURFACE('',#8076,9.675);
#8076 = AXIS2_PLACEMENT_3D('',#8077,#8078,#8079);
#8077 = CARTESIAN_POINT('',(0.E+000,0.E+000,3.));
#8078 = DIRECTION('',(0.E+000,0.E+000,1.));
#8079 = DIRECTION('',(1.,0.E+000,0.E+000));
#8080 = DEFINITIONAL_REPRESENTATION('',(#8081),#8085);
#8081 = LINE('',#8082,#8083);
#8082 = CARTESIAN_POINT('',(6.28318530718,-0.E+000));
#8083 = VECTOR('',#8084,1.);
#8084 = DIRECTION('',(0.E+000,1.));
#8085 = ( GEOMETRIC_REPRESENTATION_CONTEXT(2) 
PARAMETRIC_REPRESENTATION_CONTEXT() REPRESENTATION_CONTEXT('2D SPACE',''
  ) );
#8086 = PCURVE('',#8075,#8087);
#8087 = DEFINITIONAL_REPRESENTATION('',(#8088),#8092);
#8088 = LINE('',#8089,#8090);
#8089 = CARTESIAN_POINT('',(0.E+000,-0.E+000));
#8090 = VECTOR('',#8091,1.);
#8091 = DIRECTION('',(0.E+000,1.));
#8092 = ( GEOMETRIC_REPRESENTATION_CONTEXT(2) 
PARAMETRIC_REPRESENTATION_CONTEXT() REPRESENTATION_CONTEXT('2D SPACE',''
  ) );
#8093 = ORIENTED_EDGE('',*,*,#8094,.F.);
#8094 = EDGE_CURVE('',#8067,#8067,#8095,.T.);
#8095 = SURFACE_CURVE('',#8096,(#8101,#8108),.PCURVE_S1.);
#8096 = CIRCLE('',#8097,9.675);
#8097 = AXIS2_PLACEMENT_3D('',#8098,#8099,#8100);
#8098 = CARTESIAN_POINT('',(0.E+000,0.E+000,19.));
#8099 = DIRECTION('',(0.E+000,0.E+000,1.));
#8100 = DIRECTION('',(1.,0.E+000,0.E+000));
#8101 = PCURVE('',#8075,#8102);
#8102 = DEFINITIONAL_REPRESENTATION('',(#8103),#8107);
#8103 = LINE('',#8104,#8105);
#8104 = CARTESIAN_POINT('',(0.E+000,16.));
#8105 = VECTOR('',#8106,1.);
#8106 = DIRECTION('',(1.,0.E+000));
#8107 = ( GEOMETRIC_REPRESENTATION_CONTEXT(2) 
PARAMETRIC_REPRESENTATION_CONTEXT() REPRESENTATION_CONTEXT('2D SPACE',''
  ) );
#8108 = PCURVE('',#8109,#8114);
#8109 = TOROIDAL_SURFACE('',#8110,8.675,1.);
#8110 = AXIS2_PLACEMENT_3D('',#8111,#8112,#8113);
#8111 = CARTESIAN_POINT('',(0.E+000,0.E+000,19.));
#8112 = DIRECTION('',(0.E+000,0.E+000,1.));
#8113 = DIRECTION('',(1.,0.E+000,0.E+000));
#8114 = DEFINITIONAL_REPRESENTATION('',(#8115),#8119);
#8115 = LINE('',#8116,#8117);
#8116 = CARTESIAN_POINT('',(0.E+000,0.E+000));
#8117 = VECTOR('',#8118,1.);
#8118 = DIRECTION('',(1.,0.E+000));
#8119 = ( GEOMETRIC_REPRESENTATION_CONTEXT(2) 
PARAMETRIC_REPRESENTATION_CONTEXT() REPRESENTATION_CONTEXT('2D SPACE',''
  ) );
#8120 = ORIENTED_EDGE('',*,*,#8064,.F.);
#8121 = ORIENTED_EDGE('',*,*,#8122,.T.);
#8122 = EDGE_CURVE('',#8065,#8065,#8123,.T.);
#8123 = SURFACE_CURVE('',#8124,(#8129,#8136),.PCURVE_S1.);
#8124 = CIRCLE('',#8125,9.675);
#8125 = AXIS2_PLACEMENT_3D('',#8126,#8127,#8128);
#8126 = CARTESIAN_POINT('',(0.E+000,0.E+000,3.));
#8127 = DIRECTION('',(0.E+000,0.E+000,1.));
#8128 = DIRECTION('',(1.,0.E+000,0.E+000));
#8129 = PCURVE('',#8075,#8130);
#8130 = DEFINITIONAL_REPRESENTATION('',(#8131),#8135);
#8131 = LINE('',#8132,#8133);
#8132 = CARTESIAN_POINT('',(0.E+000,0.E+000));
#8133 = VECTOR('',#8134,1.);
#8134 = DIRECTION('',(1.,0.E+000));
#8135 = ( GEOMETRIC_REPRESENTATION_CONTEXT(2) 
PARAMETRIC_REPRESENTATION_CONTEXT() REPRESENTATION_CONTEXT('2D SPACE',''
  ) );
#8136 = PCURVE('',#8137,#8142);
#8137 = PLANE('',#8138);
#8138 = AXIS2_PLACEMENT_3D('',#8139,#8140,#8141);
#8139 = CARTESIAN_POINT('',(0.E+000,0.E+000,3.));
#8140 = DIRECTION('',(0.E+000,0.E+000,1.));
#8141 = DIRECTION('',(1.,0.E+000,0.E+000));
#8142 = DEFINITIONAL_REPRESENTATION('',(#8143),#8147);
#8143 = CIRCLE('',#8144,9.675);
#8144 = AXIS2_PLACEMENT_2D('',#8145,#8146);
#8145 = CARTESIAN_POINT('',(0.E+000,0.E+000));
#8146 = DIRECTION('',(1.,0.E+000));
#8147 = ( GEOMETRIC_REPRESENTATION_CONTEXT(2) 
PARAMETRIC_REPRESENTATION_CONTEXT() REPRESENTATION_CONTEXT('2D SPACE',''
  ) );
#8148 = ADVANCED_FACE('',(#8149),#8109,.T.);
#8149 = FACE_BOUND('',#8150,.T.);
#8150 = EDGE_LOOP('',(#8151,#8173,#8174,#8175));
#8151 = ORIENTED_EDGE('',*,*,#8152,.F.);
#8152 = EDGE_CURVE('',#8067,#8153,#8155,.T.);
#8153 = VERTEX_POINT('',#8154);
#8154 = CARTESIAN_POINT('',(8.675,0.E+000,20.));
#8155 = SEAM_CURVE('',#8156,(#8161,#8167),.PCURVE_S1.);
#8156 = CIRCLE('',#8157,1.);
#8157 = AXIS2_PLACEMENT_3D('',#8158,#8159,#8160);
#8158 = CARTESIAN_POINT('',(8.675,0.E+000,19.));
#8159 = DIRECTION('',(0.E+000,-1.,0.E+000));
#8160 = DIRECTION('',(1.,0.E+000,0.E+000));
#8161 = PCURVE('',#8109,#8162);
#8162 = DEFINITIONAL_REPRESENTATION('',(#8163),#8166);
#8163 = B_SPLINE_CURVE_WITH_KNOTS('',1,(#8164,#8165),.UNSPECIFIED.,.F.,
  .F.,(2,2),(0.E+000,1.570796326795),.PIECEWISE_BEZIER_KNOTS.);
#8164 = CARTESIAN_POINT('',(0.E+000,0.E+000));
#8165 = CARTESIAN_POINT('',(0.E+000,1.570796326795));
#8166 = ( GEOMETRIC_REPRESENTATION_CONTEXT(2) 
PARAMETRIC_REPRESENTATION_CONTEXT() REPRESENTATION_CONTEXT('2D SPACE',''
  ) );
#8167 = PCURVE('',#8109,#8168);
#8168 = DEFINITIONAL_REPRESENTATION('',(#8169),#8172);
#8169 = B_SPLINE_CURVE_WITH_KNOTS('',1,(#8170,#8171),.UNSPECIFIED.,.F.,
  .F.,(2,2),(0.E+000,1.570796326795),.PIECEWISE_BEZIER_KNOTS.);
#8170 = CARTESIAN_POINT('',(6.28318530718,0.E+000));
#8171 = CARTESIAN_POINT('',(6.28318530718,1.570796326795));
#8172 = ( GEOMETRIC_REPRESENTATION_CONTEXT(2) 
PARAMETRIC_REPRESENTATION_CONTEXT() REPRESENTATION_CONTEXT('2D SPACE',''
  ) );
#8173 = ORIENTED_EDGE('',*,*,#8094,.T.);
#8174 = ORIENTED_EDGE('',*,*,#8152,.T.);
#8175 = ORIENTED_EDGE('',*,*,#8176,.F.);
#8176 = EDGE_CURVE('',#8153,#8153,#8177,.T.);
#8177 = SURFACE_CURVE('',#8178,(#8183,#8190),.PCURVE_S1.);
#8178 = CIRCLE('',#8179,8.675);
#8179 = AXIS2_PLACEMENT_3D('',#8180,#8181,#8182);
#8180 = CARTESIAN_POINT('',(0.E+000,0.E+000,20.));
#8181 = DIRECTION('',(0.E+000,0.E+000,1.));
#8182 = DIRECTION('',(1.,0.E+000,0.E+000));
#8183 = PCURVE('',#8109,#8184);
#8184 = DEFINITIONAL_REPRESENTATION('',(#8185),#8189);
#8185 = LINE('',#8186,#8187);
#8186 = CARTESIAN_POINT('',(0.E+000,1.570796326795));
#8187 = VECTOR('',#8188,1.);
#8188 = DIRECTION('',(1.,0.E+000));
#8189 = ( GEOMETRIC_REPRESENTATION_CONTEXT(2) 
PARAMETRIC_REPRESENTATION_CONTEXT() REPRESENTATION_CONTEXT('2D SPACE',''
  ) );
#8190 = PCURVE('',#8191,#8196);
#8191 = PLANE('',#8192);
#8192 = AXIS2_PLACEMENT_3D('',#8193,#8194,#8195);
#8193 = CARTESIAN_POINT('',(0.E+000,0.E+000,20.));
#8194 = DIRECTION('',(0.E+000,0.E+000,1.));
#8195 = DIRECTION('',(1.,0.E+000,0.E+000));
#8196 = DEFINITIONAL_REPRESENTATION('',(#8197),#8201);
#8197 = CIRCLE('',#8198,8.675);
#8198 = AXIS2_PLACEMENT_2D('',#8199,#8200);
#8199 = CARTESIAN_POINT('',(0.E+000,0.E+000));
#8200 = DIRECTION('',(1.,0.E+000));
#8201 = ( GEOMETRIC_REPRESENTATION_CONTEXT(2) 
PARAMETRIC_REPRESENTATION_CONTEXT() REPRESENTATION_CONTEXT('2D SPACE',''
  ) );
#8202 = ADVANCED_FACE('',(#8203),#8137,.F.);
#8203 = FACE_BOUND('',#8204,.T.);
#8204 = EDGE_LOOP('',(#8205));
#8205 = ORIENTED_EDGE('',*,*,#8122,.F.);
#8206 = ADVANCED_FACE('',(#8207),#8191,.T.);
#8207 = FACE_BOUND('',#8208,.T.);
#8208 = EDGE_LOOP('',(#8209));
#8209 = ORIENTED_EDGE('',*,*,#8176,.T.);
#8210 = ( GEOMETRIC_REPRESENTATION_CONTEXT(3) 
GLOBAL_UNCERTAINTY_ASSIGNED_CONTEXT((#8214)) 
GLOBAL_UNIT_ASSIGNED_CONTEXT((#8211,#8212,#8213)) REPRESENTATION_CONTEXT
('Context #1','3D Context with UNIT and UNCERTAINTY') );
#8211 = ( LENGTH_UNIT() NAMED_UNIT(*) SI_UNIT(.MILLI.,.METRE.) );
#8212 = ( NAMED_UNIT(*) PLANE_ANGLE_UNIT() SI_UNIT($,.RADIAN.) );
#8213 = ( NAMED_UNIT(*) SI_UNIT($,.STERADIAN.) SOLID_ANGLE_UNIT() );
#8214 = UNCERTAINTY_MEASURE_WITH_UNIT(LENGTH_MEASURE(1.E-007),#8211,
  'distance_accuracy_value','confusion accuracy');
#8215 = SHAPE_DEFINITION_REPRESENTATION(#8216,#8057);
#8216 = PRODUCT_DEFINITION_SHAPE('','',#8217);
#8217 = PRODUCT_DEFINITION('design','',#8218,#8221);
#8218 = PRODUCT_DEFINITION_FORMATION('','',#8219);
#8219 = PRODUCT('Fillet007_(Solid)','Fillet007_(Solid)','',(#8220));
#8220 = MECHANICAL_CONTEXT('',#2,'mechanical');
#8221 = PRODUCT_DEFINITION_CONTEXT('part definition',#2,'design');
#8222 = CONTEXT_DEPENDENT_SHAPE_REPRESENTATION(#8223,#8225);
#8223 = ( REPRESENTATION_RELATIONSHIP('','',#8057,#10) 
REPRESENTATION_RELATIONSHIP_WITH_TRANSFORMATION(#8224) 
SHAPE_REPRESENTATION_RELATIONSHIP() );
#8224 = ITEM_DEFINED_TRANSFORMATION('','',#11,#23);
#8225 = PRODUCT_DEFINITION_SHAPE('Placement','Placement of an item',
  #8226);
#8226 = NEXT_ASSEMBLY_USAGE_OCCURRENCE('3','=>[0:1:1:4]','',#5,#8217,$);
#8227 = PRODUCT_TYPE('part',$,(#8219));
#8228 = ADVANCED_BREP_SHAPE_REPRESENTATION('',(#11,#8229),#9215);
#8229 = MANIFOLD_SOLID_BREP('',#8230);
#8230 = CLOSED_SHELL('',(#8231,#8351,#8551,#8606,#8661,#8735,#8789,#8843
    ,#8898,#8953,#8985,#9010,#9035,#9106,#9132,#9158,#9183,#9208));
#8231 = ADVANCED_FACE('',(#8232),#8246,.F.);
#8232 = FACE_BOUND('',#8233,.F.);
#8233 = EDGE_LOOP('',(#8234,#8269,#8297,#8325));
#8234 = ORIENTED_EDGE('',*,*,#8235,.F.);
#8235 = EDGE_CURVE('',#8236,#8238,#8240,.T.);
#8236 = VERTEX_POINT('',#8237);
#8237 = CARTESIAN_POINT('',(-6.,-6.5,0.E+000));
#8238 = VERTEX_POINT('',#8239);
#8239 = CARTESIAN_POINT('',(-6.,6.5,0.E+000));
#8240 = SURFACE_CURVE('',#8241,(#8245,#8257),.PCURVE_S1.);
#8241 = LINE('',#8242,#8243);
#8242 = CARTESIAN_POINT('',(-6.,-7.,0.E+000));
#8243 = VECTOR('',#8244,1.);
#8244 = DIRECTION('',(0.E+000,1.,0.E+000));
#8245 = PCURVE('',#8246,#8251);
#8246 = PLANE('',#8247);
#8247 = AXIS2_PLACEMENT_3D('',#8248,#8249,#8250);
#8248 = CARTESIAN_POINT('',(-6.,-7.,-10.2));
#8249 = DIRECTION('',(1.,0.E+000,0.E+000));
#8250 = DIRECTION('',(0.E+000,0.E+000,1.));
#8251 = DEFINITIONAL_REPRESENTATION('',(#8252),#8256);
#8252 = LINE('',#8253,#8254);
#8253 = CARTESIAN_POINT('',(10.2,0.E+000));
#8254 = VECTOR('',#8255,1.);
#8255 = DIRECTION('',(0.E+000,-1.));
#8256 = ( GEOMETRIC_REPRESENTATION_CONTEXT(2) 
PARAMETRIC_REPRESENTATION_CONTEXT() REPRESENTATION_CONTEXT('2D SPACE',''
  ) );
#8257 = PCURVE('',#8258,#8263);
#8258 = PLANE('',#8259);
#8259 = AXIS2_PLACEMENT_3D('',#8260,#8261,#8262);
#8260 = CARTESIAN_POINT('',(-6.,-7.,0.E+000));
#8261 = DIRECTION('',(0.E+000,0.E+000,1.));
#8262 = DIRECTION('',(1.,0.E+000,0.E+000));
#8263 = DEFINITIONAL_REPRESENTATION('',(#8264),#8268);
#8264 = LINE('',#8265,#8266);
#8265 = CARTESIAN_POINT('',(0.E+000,0.E+000));
#8266 = VECTOR('',#8267,1.);
#8267 = DIRECTION('',(0.E+000,1.));
#8268 = ( GEOMETRIC_REPRESENTATION_CONTEXT(2) 
PARAMETRIC_REPRESENTATION_CONTEXT() REPRESENTATION_CONTEXT('2D SPACE',''
  ) );
#8269 = ORIENTED_EDGE('',*,*,#8270,.F.);
#8270 = EDGE_CURVE('',#8271,#8236,#8273,.T.);
#8271 = VERTEX_POINT('',#8272);
#8272 = CARTESIAN_POINT('',(-6.,-6.5,-9.7));
#8273 = SURFACE_CURVE('',#8274,(#8278,#8285),.PCURVE_S1.);
#8274 = LINE('',#8275,#8276);
#8275 = CARTESIAN_POINT('',(-6.,-6.5,-10.2));
#8276 = VECTOR('',#8277,1.);
#8277 = DIRECTION('',(0.E+000,0.E+000,1.));
#8278 = PCURVE('',#8246,#8279);
#8279 = DEFINITIONAL_REPRESENTATION('',(#8280),#8284);
#8280 = LINE('',#8281,#8282);
#8281 = CARTESIAN_POINT('',(0.E+000,-0.5));
#8282 = VECTOR('',#8283,1.);
#8283 = DIRECTION('',(1.,0.E+000));
#8284 = ( GEOMETRIC_REPRESENTATION_CONTEXT(2) 
PARAMETRIC_REPRESENTATION_CONTEXT() REPRESENTATION_CONTEXT('2D SPACE',''
  ) );
#8285 = PCURVE('',#8286,#8291);
#8286 = CYLINDRICAL_SURFACE('',#8287,0.5);
#8287 = AXIS2_PLACEMENT_3D('',#8288,#8289,#8290);
#8288 = CARTESIAN_POINT('',(-5.5,-6.5,-10.2));
#8289 = DIRECTION('',(0.E+000,0.E+000,1.));
#8290 = DIRECTION('',(-1.,0.E+000,0.E+000));
#8291 = DEFINITIONAL_REPRESENTATION('',(#8292),#8296);
#8292 = LINE('',#8293,#8294);
#8293 = CARTESIAN_POINT('',(0.E+000,0.E+000));
#8294 = VECTOR('',#8295,1.);
#8295 = DIRECTION('',(0.E+000,1.));
#8296 = ( GEOMETRIC_REPRESENTATION_CONTEXT(2) 
PARAMETRIC_REPRESENTATION_CONTEXT() REPRESENTATION_CONTEXT('2D SPACE',''
  ) );
#8297 = ORIENTED_EDGE('',*,*,#8298,.T.);
#8298 = EDGE_CURVE('',#8271,#8299,#8301,.T.);
#8299 = VERTEX_POINT('',#8300);
#8300 = CARTESIAN_POINT('',(-6.,6.5,-9.7));
#8301 = SURFACE_CURVE('',#8302,(#8306,#8313),.PCURVE_S1.);
#8302 = LINE('',#8303,#8304);
#8303 = CARTESIAN_POINT('',(-6.,-7.,-9.7));
#8304 = VECTOR('',#8305,1.);
#8305 = DIRECTION('',(0.E+000,1.,0.E+000));
#8306 = PCURVE('',#8246,#8307);
#8307 = DEFINITIONAL_REPRESENTATION('',(#8308),#8312);
#8308 = LINE('',#8309,#8310);
#8309 = CARTESIAN_POINT('',(0.5,0.E+000));
#8310 = VECTOR('',#8311,1.);
#8311 = DIRECTION('',(0.E+000,-1.));
#8312 = ( GEOMETRIC_REPRESENTATION_CONTEXT(2) 
PARAMETRIC_REPRESENTATION_CONTEXT() REPRESENTATION_CONTEXT('2D SPACE',''
  ) );
#8313 = PCURVE('',#8314,#8319);
#8314 = CYLINDRICAL_SURFACE('',#8315,0.5);
#8315 = AXIS2_PLACEMENT_3D('',#8316,#8317,#8318);
#8316 = CARTESIAN_POINT('',(-5.5,-7.,-9.7));
#8317 = DIRECTION('',(0.E+000,1.,0.E+000));
#8318 = DIRECTION('',(-1.,0.E+000,0.E+000));
#8319 = DEFINITIONAL_REPRESENTATION('',(#8320),#8324);
#8320 = LINE('',#8321,#8322);
#8321 = CARTESIAN_POINT('',(-0.E+000,0.E+000));
#8322 = VECTOR('',#8323,1.);
#8323 = DIRECTION('',(-0.E+000,1.));
#8324 = ( GEOMETRIC_REPRESENTATION_CONTEXT(2) 
PARAMETRIC_REPRESENTATION_CONTEXT() REPRESENTATION_CONTEXT('2D SPACE',''
  ) );
#8325 = ORIENTED_EDGE('',*,*,#8326,.T.);
#8326 = EDGE_CURVE('',#8299,#8238,#8327,.T.);
#8327 = SURFACE_CURVE('',#8328,(#8332,#8339),.PCURVE_S1.);
#8328 = LINE('',#8329,#8330);
#8329 = CARTESIAN_POINT('',(-6.,6.5,-10.2));
#8330 = VECTOR('',#8331,1.);
#8331 = DIRECTION('',(0.E+000,0.E+000,1.));
#8332 = PCURVE('',#8246,#8333);
#8333 = DEFINITIONAL_REPRESENTATION('',(#8334),#8338);
#8334 = LINE('',#8335,#8336);
#8335 = CARTESIAN_POINT('',(0.E+000,-13.5));
#8336 = VECTOR('',#8337,1.);
#8337 = DIRECTION('',(1.,0.E+000));
#8338 = ( GEOMETRIC_REPRESENTATION_CONTEXT(2) 
PARAMETRIC_REPRESENTATION_CONTEXT() REPRESENTATION_CONTEXT('2D SPACE',''
  ) );
#8339 = PCURVE('',#8340,#8345);
#8340 = CYLINDRICAL_SURFACE('',#8341,0.5);
#8341 = AXIS2_PLACEMENT_3D('',#8342,#8343,#8344);
#8342 = CARTESIAN_POINT('',(-5.5,6.5,-10.2));
#8343 = DIRECTION('',(0.E+000,0.E+000,1.));
#8344 = DIRECTION('',(-1.,0.E+000,0.E+000));
#8345 = DEFINITIONAL_REPRESENTATION('',(#8346),#8350);
#8346 = LINE('',#8347,#8348);
#8347 = CARTESIAN_POINT('',(-0.E+000,0.E+000));
#8348 = VECTOR('',#8349,1.);
#8349 = DIRECTION('',(-0.E+000,1.));
#8350 = ( GEOMETRIC_REPRESENTATION_CONTEXT(2) 
PARAMETRIC_REPRESENTATION_CONTEXT() REPRESENTATION_CONTEXT('2D SPACE',''
  ) );
#8351 = ADVANCED_FACE('',(#8352),#8258,.T.);
#8352 = FACE_BOUND('',#8353,.T.);
#8353 = EDGE_LOOP('',(#8354,#8355,#8379,#8407,#8440,#8468,#8497,#8525));
#8354 = ORIENTED_EDGE('',*,*,#8235,.F.);
#8355 = ORIENTED_EDGE('',*,*,#8356,.T.);
#8356 = EDGE_CURVE('',#8236,#8357,#8359,.T.);
#8357 = VERTEX_POINT('',#8358);
#8358 = CARTESIAN_POINT('',(-5.5,-7.,0.E+000));
#8359 = SURFACE_CURVE('',#8360,(#8365,#8372),.PCURVE_S1.);
#8360 = CIRCLE('',#8361,0.5);
#8361 = AXIS2_PLACEMENT_3D('',#8362,#8363,#8364);
#8362 = CARTESIAN_POINT('',(-5.5,-6.5,0.E+000));
#8363 = DIRECTION('',(-0.E+000,0.E+000,1.));
#8364 = DIRECTION('',(0.E+000,-1.,0.E+000));
#8365 = PCURVE('',#8258,#8366);
#8366 = DEFINITIONAL_REPRESENTATION('',(#8367),#8371);
#8367 = CIRCLE('',#8368,0.5);
#8368 = AXIS2_PLACEMENT_2D('',#8369,#8370);
#8369 = CARTESIAN_POINT('',(0.5,0.5));
#8370 = DIRECTION('',(0.E+000,-1.));
#8371 = ( GEOMETRIC_REPRESENTATION_CONTEXT(2) 
PARAMETRIC_REPRESENTATION_CONTEXT() REPRESENTATION_CONTEXT('2D SPACE',''
  ) );
#8372 = PCURVE('',#8286,#8373);
#8373 = DEFINITIONAL_REPRESENTATION('',(#8374),#8378);
#8374 = LINE('',#8375,#8376);
#8375 = CARTESIAN_POINT('',(-4.712388980385,10.2));
#8376 = VECTOR('',#8377,1.);
#8377 = DIRECTION('',(1.,0.E+000));
#8378 = ( GEOMETRIC_REPRESENTATION_CONTEXT(2) 
PARAMETRIC_REPRESENTATION_CONTEXT() REPRESENTATION_CONTEXT('2D SPACE',''
  ) );
#8379 = ORIENTED_EDGE('',*,*,#8380,.T.);
#8380 = EDGE_CURVE('',#8357,#8381,#8383,.T.);
#8381 = VERTEX_POINT('',#8382);
#8382 = CARTESIAN_POINT('',(5.5,-7.,0.E+000));
#8383 = SURFACE_CURVE('',#8384,(#8388,#8395),.PCURVE_S1.);
#8384 = LINE('',#8385,#8386);
#8385 = CARTESIAN_POINT('',(-6.,-7.,0.E+000));
#8386 = VECTOR('',#8387,1.);
#8387 = DIRECTION('',(1.,0.E+000,0.E+000));
#8388 = PCURVE('',#8258,#8389);
#8389 = DEFINITIONAL_REPRESENTATION('',(#8390),#8394);
#8390 = LINE('',#8391,#8392);
#8391 = CARTESIAN_POINT('',(0.E+000,0.E+000));
#8392 = VECTOR('',#8393,1.);
#8393 = DIRECTION('',(1.,0.E+000));
#8394 = ( GEOMETRIC_REPRESENTATION_CONTEXT(2) 
PARAMETRIC_REPRESENTATION_CONTEXT() REPRESENTATION_CONTEXT('2D SPACE',''
  ) );
#8395 = PCURVE('',#8396,#8401);
#8396 = PLANE('',#8397);
#8397 = AXIS2_PLACEMENT_3D('',#8398,#8399,#8400);
#8398 = CARTESIAN_POINT('',(-6.,-7.,-10.2));
#8399 = DIRECTION('',(0.E+000,1.,0.E+000));
#8400 = DIRECTION('',(0.E+000,0.E+000,1.));
#8401 = DEFINITIONAL_REPRESENTATION('',(#8402),#8406);
#8402 = LINE('',#8403,#8404);
#8403 = CARTESIAN_POINT('',(10.2,0.E+000));
#8404 = VECTOR('',#8405,1.);
#8405 = DIRECTION('',(0.E+000,1.));
#8406 = ( GEOMETRIC_REPRESENTATION_CONTEXT(2) 
PARAMETRIC_REPRESENTATION_CONTEXT() REPRESENTATION_CONTEXT('2D SPACE',''
  ) );
#8407 = ORIENTED_EDGE('',*,*,#8408,.F.);
#8408 = EDGE_CURVE('',#8409,#8381,#8411,.T.);
#8409 = VERTEX_POINT('',#8410);
#8410 = CARTESIAN_POINT('',(6.,-6.5,0.E+000));
#8411 = SURFACE_CURVE('',#8412,(#8417,#8428),.PCURVE_S1.);
#8412 = CIRCLE('',#8413,0.5);
#8413 = AXIS2_PLACEMENT_3D('',#8414,#8415,#8416);
#8414 = CARTESIAN_POINT('',(5.5,-6.5,0.E+000));
#8415 = DIRECTION('',(-0.E+000,-0.E+000,-1.));
#8416 = DIRECTION('',(0.E+000,-1.,0.E+000));
#8417 = PCURVE('',#8258,#8418);
#8418 = DEFINITIONAL_REPRESENTATION('',(#8419),#8427);
#8419 = ( BOUNDED_CURVE() B_SPLINE_CURVE(2,(#8420,#8421,#8422,#8423,
#8424,#8425,#8426),.UNSPECIFIED.,.F.,.F.) B_SPLINE_CURVE_WITH_KNOTS((1,2
    ,2,2,2,1),(-2.094395102393,0.E+000,2.094395102393,4.188790204786,
6.28318530718,8.377580409573),.UNSPECIFIED.) CURVE() 
GEOMETRIC_REPRESENTATION_ITEM() RATIONAL_B_SPLINE_CURVE((1.,0.5,1.,0.5,
1.,0.5,1.)) REPRESENTATION_ITEM('') );
#8420 = CARTESIAN_POINT('',(11.5,0.E+000));
#8421 = CARTESIAN_POINT('',(10.633974596216,0.E+000));
#8422 = CARTESIAN_POINT('',(11.066987298108,0.75));
#8423 = CARTESIAN_POINT('',(11.5,1.5));
#8424 = CARTESIAN_POINT('',(11.933012701892,0.75));
#8425 = CARTESIAN_POINT('',(12.366025403784,8.326672684689E-016));
#8426 = CARTESIAN_POINT('',(11.5,0.E+000));
#8427 = ( GEOMETRIC_REPRESENTATION_CONTEXT(2) 
PARAMETRIC_REPRESENTATION_CONTEXT() REPRESENTATION_CONTEXT('2D SPACE',''
  ) );
#8428 = PCURVE('',#8429,#8434);
#8429 = CYLINDRICAL_SURFACE('',#8430,0.5);
#8430 = AXIS2_PLACEMENT_3D('',#8431,#8432,#8433);
#8431 = CARTESIAN_POINT('',(5.5,-6.5,-10.2));
#8432 = DIRECTION('',(0.E+000,0.E+000,1.));
#8433 = DIRECTION('',(1.,0.E+000,0.E+000));
#8434 = DEFINITIONAL_REPRESENTATION('',(#8435),#8439);
#8435 = LINE('',#8436,#8437);
#8436 = CARTESIAN_POINT('',(4.712388980385,10.2));
#8437 = VECTOR('',#8438,1.);
#8438 = DIRECTION('',(-1.,0.E+000));
#8439 = ( GEOMETRIC_REPRESENTATION_CONTEXT(2) 
PARAMETRIC_REPRESENTATION_CONTEXT() REPRESENTATION_CONTEXT('2D SPACE',''
  ) );
#8440 = ORIENTED_EDGE('',*,*,#8441,.T.);
#8441 = EDGE_CURVE('',#8409,#8442,#8444,.T.);
#8442 = VERTEX_POINT('',#8443);
#8443 = CARTESIAN_POINT('',(6.,6.5,0.E+000));
#8444 = SURFACE_CURVE('',#8445,(#8449,#8456),.PCURVE_S1.);
#8445 = LINE('',#8446,#8447);
#8446 = CARTESIAN_POINT('',(6.,-7.,0.E+000));
#8447 = VECTOR('',#8448,1.);
#8448 = DIRECTION('',(0.E+000,1.,0.E+000));
#8449 = PCURVE('',#8258,#8450);
#8450 = DEFINITIONAL_REPRESENTATION('',(#8451),#8455);
#8451 = LINE('',#8452,#8453);
#8452 = CARTESIAN_POINT('',(12.,0.E+000));
#8453 = VECTOR('',#8454,1.);
#8454 = DIRECTION('',(0.E+000,1.));
#8455 = ( GEOMETRIC_REPRESENTATION_CONTEXT(2) 
PARAMETRIC_REPRESENTATION_CONTEXT() REPRESENTATION_CONTEXT('2D SPACE',''
  ) );
#8456 = PCURVE('',#8457,#8462);
#8457 = PLANE('',#8458);
#8458 = AXIS2_PLACEMENT_3D('',#8459,#8460,#8461);
#8459 = CARTESIAN_POINT('',(6.,-7.,-10.2));
#8460 = DIRECTION('',(1.,0.E+000,0.E+000));
#8461 = DIRECTION('',(0.E+000,0.E+000,1.));
#8462 = DEFINITIONAL_REPRESENTATION('',(#8463),#8467);
#8463 = LINE('',#8464,#8465);
#8464 = CARTESIAN_POINT('',(10.2,0.E+000));
#8465 = VECTOR('',#8466,1.);
#8466 = DIRECTION('',(0.E+000,-1.));
#8467 = ( GEOMETRIC_REPRESENTATION_CONTEXT(2) 
PARAMETRIC_REPRESENTATION_CONTEXT() REPRESENTATION_CONTEXT('2D SPACE',''
  ) );
#8468 = ORIENTED_EDGE('',*,*,#8469,.T.);
#8469 = EDGE_CURVE('',#8442,#8470,#8472,.T.);
#8470 = VERTEX_POINT('',#8471);
#8471 = CARTESIAN_POINT('',(5.5,7.,0.E+000));
#8472 = SURFACE_CURVE('',#8473,(#8478,#8485),.PCURVE_S1.);
#8473 = CIRCLE('',#8474,0.5);
#8474 = AXIS2_PLACEMENT_3D('',#8475,#8476,#8477);
#8475 = CARTESIAN_POINT('',(5.5,6.5,0.E+000));
#8476 = DIRECTION('',(-0.E+000,0.E+000,1.));
#8477 = DIRECTION('',(0.E+000,-1.,0.E+000));
#8478 = PCURVE('',#8258,#8479);
#8479 = DEFINITIONAL_REPRESENTATION('',(#8480),#8484);
#8480 = CIRCLE('',#8481,0.5);
#8481 = AXIS2_PLACEMENT_2D('',#8482,#8483);
#8482 = CARTESIAN_POINT('',(11.5,13.5));
#8483 = DIRECTION('',(0.E+000,-1.));
#8484 = ( GEOMETRIC_REPRESENTATION_CONTEXT(2) 
PARAMETRIC_REPRESENTATION_CONTEXT() REPRESENTATION_CONTEXT('2D SPACE',''
  ) );
#8485 = PCURVE('',#8486,#8491);
#8486 = CYLINDRICAL_SURFACE('',#8487,0.5);
#8487 = AXIS2_PLACEMENT_3D('',#8488,#8489,#8490);
#8488 = CARTESIAN_POINT('',(5.5,6.5,-10.2));
#8489 = DIRECTION('',(0.E+000,0.E+000,1.));
#8490 = DIRECTION('',(1.,0.E+000,0.E+000));
#8491 = DEFINITIONAL_REPRESENTATION('',(#8492),#8496);
#8492 = LINE('',#8493,#8494);
#8493 = CARTESIAN_POINT('',(-1.570796326795,10.2));
#8494 = VECTOR('',#8495,1.);
#8495 = DIRECTION('',(1.,0.E+000));
#8496 = ( GEOMETRIC_REPRESENTATION_CONTEXT(2) 
PARAMETRIC_REPRESENTATION_CONTEXT() REPRESENTATION_CONTEXT('2D SPACE',''
  ) );
#8497 = ORIENTED_EDGE('',*,*,#8498,.F.);
#8498 = EDGE_CURVE('',#8499,#8470,#8501,.T.);
#8499 = VERTEX_POINT('',#8500);
#8500 = CARTESIAN_POINT('',(-5.5,7.,0.E+000));
#8501 = SURFACE_CURVE('',#8502,(#8506,#8513),.PCURVE_S1.);
#8502 = LINE('',#8503,#8504);
#8503 = CARTESIAN_POINT('',(-6.,7.,0.E+000));
#8504 = VECTOR('',#8505,1.);
#8505 = DIRECTION('',(1.,0.E+000,0.E+000));
#8506 = PCURVE('',#8258,#8507);
#8507 = DEFINITIONAL_REPRESENTATION('',(#8508),#8512);
#8508 = LINE('',#8509,#8510);
#8509 = CARTESIAN_POINT('',(0.E+000,14.));
#8510 = VECTOR('',#8511,1.);
#8511 = DIRECTION('',(1.,0.E+000));
#8512 = ( GEOMETRIC_REPRESENTATION_CONTEXT(2) 
PARAMETRIC_REPRESENTATION_CONTEXT() REPRESENTATION_CONTEXT('2D SPACE',''
  ) );
#8513 = PCURVE('',#8514,#8519);
#8514 = PLANE('',#8515);
#8515 = AXIS2_PLACEMENT_3D('',#8516,#8517,#8518);
#8516 = CARTESIAN_POINT('',(-6.,7.,-10.2));
#8517 = DIRECTION('',(0.E+000,1.,0.E+000));
#8518 = DIRECTION('',(0.E+000,0.E+000,1.));
#8519 = DEFINITIONAL_REPRESENTATION('',(#8520),#8524);
#8520 = LINE('',#8521,#8522);
#8521 = CARTESIAN_POINT('',(10.2,0.E+000));
#8522 = VECTOR('',#8523,1.);
#8523 = DIRECTION('',(0.E+000,1.));
#8524 = ( GEOMETRIC_REPRESENTATION_CONTEXT(2) 
PARAMETRIC_REPRESENTATION_CONTEXT() REPRESENTATION_CONTEXT('2D SPACE',''
  ) );
#8525 = ORIENTED_EDGE('',*,*,#8526,.F.);
#8526 = EDGE_CURVE('',#8238,#8499,#8527,.T.);
#8527 = SURFACE_CURVE('',#8528,(#8533,#8544),.PCURVE_S1.);
#8528 = CIRCLE('',#8529,0.5);
#8529 = AXIS2_PLACEMENT_3D('',#8530,#8531,#8532);
#8530 = CARTESIAN_POINT('',(-5.5,6.5,0.E+000));
#8531 = DIRECTION('',(-0.E+000,-0.E+000,-1.));
#8532 = DIRECTION('',(0.E+000,-1.,0.E+000));
#8533 = PCURVE('',#8258,#8534);
#8534 = DEFINITIONAL_REPRESENTATION('',(#8535),#8543);
#8535 = ( BOUNDED_CURVE() B_SPLINE_CURVE(2,(#8536,#8537,#8538,#8539,
#8540,#8541,#8542),.UNSPECIFIED.,.T.,.F.) B_SPLINE_CURVE_WITH_KNOTS((1,2
    ,2,2,2,1),(-2.094395102393,0.E+000,2.094395102393,4.188790204786,
6.28318530718,8.377580409573),.UNSPECIFIED.) CURVE() 
GEOMETRIC_REPRESENTATION_ITEM() RATIONAL_B_SPLINE_CURVE((1.,0.5,1.,0.5,
1.,0.5,1.)) REPRESENTATION_ITEM('') );
#8536 = CARTESIAN_POINT('',(0.5,13.));
#8537 = CARTESIAN_POINT('',(-0.366025403784,13.));
#8538 = CARTESIAN_POINT('',(6.698729810778E-002,13.75));
#8539 = CARTESIAN_POINT('',(0.5,14.5));
#8540 = CARTESIAN_POINT('',(0.933012701892,13.75));
#8541 = CARTESIAN_POINT('',(1.366025403784,13.));
#8542 = CARTESIAN_POINT('',(0.5,13.));
#8543 = ( GEOMETRIC_REPRESENTATION_CONTEXT(2) 
PARAMETRIC_REPRESENTATION_CONTEXT() REPRESENTATION_CONTEXT('2D SPACE',''
  ) );
#8544 = PCURVE('',#8340,#8545);
#8545 = DEFINITIONAL_REPRESENTATION('',(#8546),#8550);
#8546 = LINE('',#8547,#8548);
#8547 = CARTESIAN_POINT('',(1.570796326795,10.2));
#8548 = VECTOR('',#8549,1.);
#8549 = DIRECTION('',(-1.,0.E+000));
#8550 = ( GEOMETRIC_REPRESENTATION_CONTEXT(2) 
PARAMETRIC_REPRESENTATION_CONTEXT() REPRESENTATION_CONTEXT('2D SPACE',''
  ) );
#8551 = ADVANCED_FACE('',(#8552),#8286,.T.);
#8552 = FACE_BOUND('',#8553,.T.);
#8553 = EDGE_LOOP('',(#8554,#8555,#8584,#8605));
#8554 = ORIENTED_EDGE('',*,*,#8270,.F.);
#8555 = ORIENTED_EDGE('',*,*,#8556,.T.);
#8556 = EDGE_CURVE('',#8271,#8557,#8559,.T.);
#8557 = VERTEX_POINT('',#8558);
#8558 = CARTESIAN_POINT('',(-5.5,-7.,-9.7));
#8559 = SURFACE_CURVE('',#8560,(#8565,#8572),.PCURVE_S1.);
#8560 = CIRCLE('',#8561,0.5);
#8561 = AXIS2_PLACEMENT_3D('',#8562,#8563,#8564);
#8562 = CARTESIAN_POINT('',(-5.5,-6.5,-9.7));
#8563 = DIRECTION('',(0.E+000,0.E+000,1.));
#8564 = DIRECTION('',(-1.,0.E+000,0.E+000));
#8565 = PCURVE('',#8286,#8566);
#8566 = DEFINITIONAL_REPRESENTATION('',(#8567),#8571);
#8567 = LINE('',#8568,#8569);
#8568 = CARTESIAN_POINT('',(0.E+000,0.5));
#8569 = VECTOR('',#8570,1.);
#8570 = DIRECTION('',(1.,0.E+000));
#8571 = ( GEOMETRIC_REPRESENTATION_CONTEXT(2) 
PARAMETRIC_REPRESENTATION_CONTEXT() REPRESENTATION_CONTEXT('2D SPACE',''
  ) );
#8572 = PCURVE('',#8573,#8578);
#8573 = SPHERICAL_SURFACE('',#8574,0.5);
#8574 = AXIS2_PLACEMENT_3D('',#8575,#8576,#8577);
#8575 = CARTESIAN_POINT('',(-5.5,-6.5,-9.7));
#8576 = DIRECTION('',(0.E+000,0.E+000,1.));
#8577 = DIRECTION('',(-1.,0.E+000,0.E+000));
#8578 = DEFINITIONAL_REPRESENTATION('',(#8579),#8583);
#8579 = LINE('',#8580,#8581);
#8580 = CARTESIAN_POINT('',(0.E+000,0.E+000));
#8581 = VECTOR('',#8582,1.);
#8582 = DIRECTION('',(1.,0.E+000));
#8583 = ( GEOMETRIC_REPRESENTATION_CONTEXT(2) 
PARAMETRIC_REPRESENTATION_CONTEXT() REPRESENTATION_CONTEXT('2D SPACE',''
  ) );
#8584 = ORIENTED_EDGE('',*,*,#8585,.T.);
#8585 = EDGE_CURVE('',#8557,#8357,#8586,.T.);
#8586 = SURFACE_CURVE('',#8587,(#8591,#8598),.PCURVE_S1.);
#8587 = LINE('',#8588,#8589);
#8588 = CARTESIAN_POINT('',(-5.5,-7.,-10.2));
#8589 = VECTOR('',#8590,1.);
#8590 = DIRECTION('',(0.E+000,0.E+000,1.));
#8591 = PCURVE('',#8286,#8592);
#8592 = DEFINITIONAL_REPRESENTATION('',(#8593),#8597);
#8593 = LINE('',#8594,#8595);
#8594 = CARTESIAN_POINT('',(1.570796326795,0.E+000));
#8595 = VECTOR('',#8596,1.);
#8596 = DIRECTION('',(0.E+000,1.));
#8597 = ( GEOMETRIC_REPRESENTATION_CONTEXT(2) 
PARAMETRIC_REPRESENTATION_CONTEXT() REPRESENTATION_CONTEXT('2D SPACE',''
  ) );
#8598 = PCURVE('',#8396,#8599);
#8599 = DEFINITIONAL_REPRESENTATION('',(#8600),#8604);
#8600 = LINE('',#8601,#8602);
#8601 = CARTESIAN_POINT('',(0.E+000,0.5));
#8602 = VECTOR('',#8603,1.);
#8603 = DIRECTION('',(1.,0.E+000));
#8604 = ( GEOMETRIC_REPRESENTATION_CONTEXT(2) 
PARAMETRIC_REPRESENTATION_CONTEXT() REPRESENTATION_CONTEXT('2D SPACE',''
  ) );
#8605 = ORIENTED_EDGE('',*,*,#8356,.F.);
#8606 = ADVANCED_FACE('',(#8607),#8340,.T.);
#8607 = FACE_BOUND('',#8608,.F.);
#8608 = EDGE_LOOP('',(#8609,#8610,#8639,#8660));
#8609 = ORIENTED_EDGE('',*,*,#8326,.F.);
#8610 = ORIENTED_EDGE('',*,*,#8611,.T.);
#8611 = EDGE_CURVE('',#8299,#8612,#8614,.T.);
#8612 = VERTEX_POINT('',#8613);
#8613 = CARTESIAN_POINT('',(-5.5,7.,-9.7));
#8614 = SURFACE_CURVE('',#8615,(#8620,#8627),.PCURVE_S1.);
#8615 = CIRCLE('',#8616,0.5);
#8616 = AXIS2_PLACEMENT_3D('',#8617,#8618,#8619);
#8617 = CARTESIAN_POINT('',(-5.5,6.5,-9.7));
#8618 = DIRECTION('',(0.E+000,0.E+000,-1.));
#8619 = DIRECTION('',(-1.,0.E+000,0.E+000));
#8620 = PCURVE('',#8340,#8621);
#8621 = DEFINITIONAL_REPRESENTATION('',(#8622),#8626);
#8622 = LINE('',#8623,#8624);
#8623 = CARTESIAN_POINT('',(-0.E+000,0.5));
#8624 = VECTOR('',#8625,1.);
#8625 = DIRECTION('',(-1.,0.E+000));
#8626 = ( GEOMETRIC_REPRESENTATION_CONTEXT(2) 
PARAMETRIC_REPRESENTATION_CONTEXT() REPRESENTATION_CONTEXT('2D SPACE',''
  ) );
#8627 = PCURVE('',#8628,#8633);
#8628 = SPHERICAL_SURFACE('',#8629,0.5);
#8629 = AXIS2_PLACEMENT_3D('',#8630,#8631,#8632);
#8630 = CARTESIAN_POINT('',(-5.5,6.5,-9.7));
#8631 = DIRECTION('',(0.E+000,0.E+000,1.));
#8632 = DIRECTION('',(-1.,0.E+000,0.E+000));
#8633 = DEFINITIONAL_REPRESENTATION('',(#8634),#8638);
#8634 = LINE('',#8635,#8636);
#8635 = CARTESIAN_POINT('',(-0.E+000,0.E+000));
#8636 = VECTOR('',#8637,1.);
#8637 = DIRECTION('',(-1.,0.E+000));
#8638 = ( GEOMETRIC_REPRESENTATION_CONTEXT(2) 
PARAMETRIC_REPRESENTATION_CONTEXT() REPRESENTATION_CONTEXT('2D SPACE',''
  ) );
#8639 = ORIENTED_EDGE('',*,*,#8640,.T.);
#8640 = EDGE_CURVE('',#8612,#8499,#8641,.T.);
#8641 = SURFACE_CURVE('',#8642,(#8646,#8653),.PCURVE_S1.);
#8642 = LINE('',#8643,#8644);
#8643 = CARTESIAN_POINT('',(-5.5,7.,-10.2));
#8644 = VECTOR('',#8645,1.);
#8645 = DIRECTION('',(0.E+000,0.E+000,1.));
#8646 = PCURVE('',#8340,#8647);
#8647 = DEFINITIONAL_REPRESENTATION('',(#8648),#8652);
#8648 = LINE('',#8649,#8650);
#8649 = CARTESIAN_POINT('',(-1.570796326795,0.E+000));
#8650 = VECTOR('',#8651,1.);
#8651 = DIRECTION('',(-0.E+000,1.));
#8652 = ( GEOMETRIC_REPRESENTATION_CONTEXT(2) 
PARAMETRIC_REPRESENTATION_CONTEXT() REPRESENTATION_CONTEXT('2D SPACE',''
  ) );
#8653 = PCURVE('',#8514,#8654);
#8654 = DEFINITIONAL_REPRESENTATION('',(#8655),#8659);
#8655 = LINE('',#8656,#8657);
#8656 = CARTESIAN_POINT('',(0.E+000,0.5));
#8657 = VECTOR('',#8658,1.);
#8658 = DIRECTION('',(1.,0.E+000));
#8659 = ( GEOMETRIC_REPRESENTATION_CONTEXT(2) 
PARAMETRIC_REPRESENTATION_CONTEXT() REPRESENTATION_CONTEXT('2D SPACE',''
  ) );
#8660 = ORIENTED_EDGE('',*,*,#8526,.F.);
#8661 = ADVANCED_FACE('',(#8662),#8314,.T.);
#8662 = FACE_BOUND('',#8663,.F.);
#8663 = EDGE_LOOP('',(#8664,#8686,#8714,#8734));
#8664 = ORIENTED_EDGE('',*,*,#8665,.F.);
#8665 = EDGE_CURVE('',#8666,#8271,#8668,.T.);
#8666 = VERTEX_POINT('',#8667);
#8667 = CARTESIAN_POINT('',(-5.5,-6.5,-10.2));
#8668 = SURFACE_CURVE('',#8669,(#8674,#8680),.PCURVE_S1.);
#8669 = CIRCLE('',#8670,0.5);
#8670 = AXIS2_PLACEMENT_3D('',#8671,#8672,#8673);
#8671 = CARTESIAN_POINT('',(-5.5,-6.5,-9.7));
#8672 = DIRECTION('',(0.E+000,1.,-0.E+000));
#8673 = DIRECTION('',(-1.,0.E+000,0.E+000));
#8674 = PCURVE('',#8314,#8675);
#8675 = DEFINITIONAL_REPRESENTATION('',(#8676),#8679);
#8676 = B_SPLINE_CURVE_WITH_KNOTS('',1,(#8677,#8678),.UNSPECIFIED.,.F.,
  .F.,(2,2),(4.712388980385,6.28318530718),.PIECEWISE_BEZIER_KNOTS.);
#8677 = CARTESIAN_POINT('',(-1.570796326795,0.5));
#8678 = CARTESIAN_POINT('',(0.E+000,0.5));
#8679 = ( GEOMETRIC_REPRESENTATION_CONTEXT(2) 
PARAMETRIC_REPRESENTATION_CONTEXT() REPRESENTATION_CONTEXT('2D SPACE',''
  ) );
#8680 = PCURVE('',#8573,#8681);
#8681 = DEFINITIONAL_REPRESENTATION('',(#8682),#8685);
#8682 = B_SPLINE_CURVE_WITH_KNOTS('',1,(#8683,#8684),.UNSPECIFIED.,.F.,
  .F.,(2,2),(4.712388980385,6.28318530718),.PIECEWISE_BEZIER_KNOTS.);
#8683 = CARTESIAN_POINT('',(0.E+000,-1.570796326795));
#8684 = CARTESIAN_POINT('',(0.E+000,0.E+000));
#8685 = ( GEOMETRIC_REPRESENTATION_CONTEXT(2) 
PARAMETRIC_REPRESENTATION_CONTEXT() REPRESENTATION_CONTEXT('2D SPACE',''
  ) );
#8686 = ORIENTED_EDGE('',*,*,#8687,.T.);
#8687 = EDGE_CURVE('',#8666,#8688,#8690,.T.);
#8688 = VERTEX_POINT('',#8689);
#8689 = CARTESIAN_POINT('',(-5.5,6.5,-10.2));
#8690 = SURFACE_CURVE('',#8691,(#8695,#8702),.PCURVE_S1.);
#8691 = LINE('',#8692,#8693);
#8692 = CARTESIAN_POINT('',(-5.5,-7.,-10.2));
#8693 = VECTOR('',#8694,1.);
#8694 = DIRECTION('',(0.E+000,1.,0.E+000));
#8695 = PCURVE('',#8314,#8696);
#8696 = DEFINITIONAL_REPRESENTATION('',(#8697),#8701);
#8697 = LINE('',#8698,#8699);
#8698 = CARTESIAN_POINT('',(-1.570796326795,0.E+000));
#8699 = VECTOR('',#8700,1.);
#8700 = DIRECTION('',(-0.E+000,1.));
#8701 = ( GEOMETRIC_REPRESENTATION_CONTEXT(2) 
PARAMETRIC_REPRESENTATION_CONTEXT() REPRESENTATION_CONTEXT('2D SPACE',''
  ) );
#8702 = PCURVE('',#8703,#8708);
#8703 = PLANE('',#8704);
#8704 = AXIS2_PLACEMENT_3D('',#8705,#8706,#8707);
#8705 = CARTESIAN_POINT('',(-6.,-7.,-10.2));
#8706 = DIRECTION('',(0.E+000,0.E+000,1.));
#8707 = DIRECTION('',(1.,0.E+000,0.E+000));
#8708 = DEFINITIONAL_REPRESENTATION('',(#8709),#8713);
#8709 = LINE('',#8710,#8711);
#8710 = CARTESIAN_POINT('',(0.5,0.E+000));
#8711 = VECTOR('',#8712,1.);
#8712 = DIRECTION('',(0.E+000,1.));
#8713 = ( GEOMETRIC_REPRESENTATION_CONTEXT(2) 
PARAMETRIC_REPRESENTATION_CONTEXT() REPRESENTATION_CONTEXT('2D SPACE',''
  ) );
#8714 = ORIENTED_EDGE('',*,*,#8715,.T.);
#8715 = EDGE_CURVE('',#8688,#8299,#8716,.T.);
#8716 = SURFACE_CURVE('',#8717,(#8722,#8728),.PCURVE_S1.);
#8717 = CIRCLE('',#8718,0.5);
#8718 = AXIS2_PLACEMENT_3D('',#8719,#8720,#8721);
#8719 = CARTESIAN_POINT('',(-5.5,6.5,-9.7));
#8720 = DIRECTION('',(0.E+000,1.,-0.E+000));
#8721 = DIRECTION('',(-1.,0.E+000,0.E+000));
#8722 = PCURVE('',#8314,#8723);
#8723 = DEFINITIONAL_REPRESENTATION('',(#8724),#8727);
#8724 = B_SPLINE_CURVE_WITH_KNOTS('',1,(#8725,#8726),.UNSPECIFIED.,.F.,
  .F.,(2,2),(4.712388980385,6.28318530718),.PIECEWISE_BEZIER_KNOTS.);
#8725 = CARTESIAN_POINT('',(-1.570796326795,13.5));
#8726 = CARTESIAN_POINT('',(0.E+000,13.5));
#8727 = ( GEOMETRIC_REPRESENTATION_CONTEXT(2) 
PARAMETRIC_REPRESENTATION_CONTEXT() REPRESENTATION_CONTEXT('2D SPACE',''
  ) );
#8728 = PCURVE('',#8628,#8729);
#8729 = DEFINITIONAL_REPRESENTATION('',(#8730),#8733);
#8730 = B_SPLINE_CURVE_WITH_KNOTS('',1,(#8731,#8732),.UNSPECIFIED.,.F.,
  .F.,(2,2),(4.712388980385,6.28318530718),.PIECEWISE_BEZIER_KNOTS.);
#8731 = CARTESIAN_POINT('',(0.E+000,-1.570796326795));
#8732 = CARTESIAN_POINT('',(0.E+000,0.E+000));
#8733 = ( GEOMETRIC_REPRESENTATION_CONTEXT(2) 
PARAMETRIC_REPRESENTATION_CONTEXT() REPRESENTATION_CONTEXT('2D SPACE',''
  ) );
#8734 = ORIENTED_EDGE('',*,*,#8298,.F.);
#8735 = ADVANCED_FACE('',(#8736),#8396,.F.);
#8736 = FACE_BOUND('',#8737,.F.);
#8737 = EDGE_LOOP('',(#8738,#8739,#8762,#8788));
#8738 = ORIENTED_EDGE('',*,*,#8380,.T.);
#8739 = ORIENTED_EDGE('',*,*,#8740,.F.);
#8740 = EDGE_CURVE('',#8741,#8381,#8743,.T.);
#8741 = VERTEX_POINT('',#8742);
#8742 = CARTESIAN_POINT('',(5.5,-7.,-9.7));
#8743 = SURFACE_CURVE('',#8744,(#8748,#8755),.PCURVE_S1.);
#8744 = LINE('',#8745,#8746);
#8745 = CARTESIAN_POINT('',(5.5,-7.,-10.2));
#8746 = VECTOR('',#8747,1.);
#8747 = DIRECTION('',(0.E+000,0.E+000,1.));
#8748 = PCURVE('',#8396,#8749);
#8749 = DEFINITIONAL_REPRESENTATION('',(#8750),#8754);
#8750 = LINE('',#8751,#8752);
#8751 = CARTESIAN_POINT('',(0.E+000,11.5));
#8752 = VECTOR('',#8753,1.);
#8753 = DIRECTION('',(1.,0.E+000));
#8754 = ( GEOMETRIC_REPRESENTATION_CONTEXT(2) 
PARAMETRIC_REPRESENTATION_CONTEXT() REPRESENTATION_CONTEXT('2D SPACE',''
  ) );
#8755 = PCURVE('',#8429,#8756);
#8756 = DEFINITIONAL_REPRESENTATION('',(#8757),#8761);
#8757 = LINE('',#8758,#8759);
#8758 = CARTESIAN_POINT('',(-1.570796326795,0.E+000));
#8759 = VECTOR('',#8760,1.);
#8760 = DIRECTION('',(-0.E+000,1.));
#8761 = ( GEOMETRIC_REPRESENTATION_CONTEXT(2) 
PARAMETRIC_REPRESENTATION_CONTEXT() REPRESENTATION_CONTEXT('2D SPACE',''
  ) );
#8762 = ORIENTED_EDGE('',*,*,#8763,.F.);
#8763 = EDGE_CURVE('',#8557,#8741,#8764,.T.);
#8764 = SURFACE_CURVE('',#8765,(#8769,#8776),.PCURVE_S1.);
#8765 = LINE('',#8766,#8767);
#8766 = CARTESIAN_POINT('',(-6.,-7.,-9.7));
#8767 = VECTOR('',#8768,1.);
#8768 = DIRECTION('',(1.,0.E+000,0.E+000));
#8769 = PCURVE('',#8396,#8770);
#8770 = DEFINITIONAL_REPRESENTATION('',(#8771),#8775);
#8771 = LINE('',#8772,#8773);
#8772 = CARTESIAN_POINT('',(0.5,0.E+000));
#8773 = VECTOR('',#8774,1.);
#8774 = DIRECTION('',(0.E+000,1.));
#8775 = ( GEOMETRIC_REPRESENTATION_CONTEXT(2) 
PARAMETRIC_REPRESENTATION_CONTEXT() REPRESENTATION_CONTEXT('2D SPACE',''
  ) );
#8776 = PCURVE('',#8777,#8782);
#8777 = CYLINDRICAL_SURFACE('',#8778,0.5);
#8778 = AXIS2_PLACEMENT_3D('',#8779,#8780,#8781);
#8779 = CARTESIAN_POINT('',(-6.,-6.5,-9.7));
#8780 = DIRECTION('',(1.,0.E+000,0.E+000));
#8781 = DIRECTION('',(0.E+000,-1.,0.E+000));
#8782 = DEFINITIONAL_REPRESENTATION('',(#8783),#8787);
#8783 = LINE('',#8784,#8785);
#8784 = CARTESIAN_POINT('',(0.E+000,0.E+000));
#8785 = VECTOR('',#8786,1.);
#8786 = DIRECTION('',(0.E+000,1.));
#8787 = ( GEOMETRIC_REPRESENTATION_CONTEXT(2) 
PARAMETRIC_REPRESENTATION_CONTEXT() REPRESENTATION_CONTEXT('2D SPACE',''
  ) );
#8788 = ORIENTED_EDGE('',*,*,#8585,.T.);
#8789 = ADVANCED_FACE('',(#8790),#8514,.T.);
#8790 = FACE_BOUND('',#8791,.T.);
#8791 = EDGE_LOOP('',(#8792,#8793,#8816,#8842));
#8792 = ORIENTED_EDGE('',*,*,#8498,.T.);
#8793 = ORIENTED_EDGE('',*,*,#8794,.F.);
#8794 = EDGE_CURVE('',#8795,#8470,#8797,.T.);
#8795 = VERTEX_POINT('',#8796);
#8796 = CARTESIAN_POINT('',(5.5,7.,-9.7));
#8797 = SURFACE_CURVE('',#8798,(#8802,#8809),.PCURVE_S1.);
#8798 = LINE('',#8799,#8800);
#8799 = CARTESIAN_POINT('',(5.5,7.,-10.2));
#8800 = VECTOR('',#8801,1.);
#8801 = DIRECTION('',(0.E+000,0.E+000,1.));
#8802 = PCURVE('',#8514,#8803);
#8803 = DEFINITIONAL_REPRESENTATION('',(#8804),#8808);
#8804 = LINE('',#8805,#8806);
#8805 = CARTESIAN_POINT('',(0.E+000,11.5));
#8806 = VECTOR('',#8807,1.);
#8807 = DIRECTION('',(1.,0.E+000));
#8808 = ( GEOMETRIC_REPRESENTATION_CONTEXT(2) 
PARAMETRIC_REPRESENTATION_CONTEXT() REPRESENTATION_CONTEXT('2D SPACE',''
  ) );
#8809 = PCURVE('',#8486,#8810);
#8810 = DEFINITIONAL_REPRESENTATION('',(#8811),#8815);
#8811 = LINE('',#8812,#8813);
#8812 = CARTESIAN_POINT('',(1.570796326795,0.E+000));
#8813 = VECTOR('',#8814,1.);
#8814 = DIRECTION('',(0.E+000,1.));
#8815 = ( GEOMETRIC_REPRESENTATION_CONTEXT(2) 
PARAMETRIC_REPRESENTATION_CONTEXT() REPRESENTATION_CONTEXT('2D SPACE',''
  ) );
#8816 = ORIENTED_EDGE('',*,*,#8817,.F.);
#8817 = EDGE_CURVE('',#8612,#8795,#8818,.T.);
#8818 = SURFACE_CURVE('',#8819,(#8823,#8830),.PCURVE_S1.);
#8819 = LINE('',#8820,#8821);
#8820 = CARTESIAN_POINT('',(-6.,7.,-9.7));
#8821 = VECTOR('',#8822,1.);
#8822 = DIRECTION('',(1.,0.E+000,0.E+000));
#8823 = PCURVE('',#8514,#8824);
#8824 = DEFINITIONAL_REPRESENTATION('',(#8825),#8829);
#8825 = LINE('',#8826,#8827);
#8826 = CARTESIAN_POINT('',(0.5,0.E+000));
#8827 = VECTOR('',#8828,1.);
#8828 = DIRECTION('',(0.E+000,1.));
#8829 = ( GEOMETRIC_REPRESENTATION_CONTEXT(2) 
PARAMETRIC_REPRESENTATION_CONTEXT() REPRESENTATION_CONTEXT('2D SPACE',''
  ) );
#8830 = PCURVE('',#8831,#8836);
#8831 = CYLINDRICAL_SURFACE('',#8832,0.5);
#8832 = AXIS2_PLACEMENT_3D('',#8833,#8834,#8835);
#8833 = CARTESIAN_POINT('',(-6.,6.5,-9.7));
#8834 = DIRECTION('',(1.,0.E+000,0.E+000));
#8835 = DIRECTION('',(0.E+000,1.,0.E+000));
#8836 = DEFINITIONAL_REPRESENTATION('',(#8837),#8841);
#8837 = LINE('',#8838,#8839);
#8838 = CARTESIAN_POINT('',(-0.E+000,0.E+000));
#8839 = VECTOR('',#8840,1.);
#8840 = DIRECTION('',(-0.E+000,1.));
#8841 = ( GEOMETRIC_REPRESENTATION_CONTEXT(2) 
PARAMETRIC_REPRESENTATION_CONTEXT() REPRESENTATION_CONTEXT('2D SPACE',''
  ) );
#8842 = ORIENTED_EDGE('',*,*,#8640,.T.);
#8843 = ADVANCED_FACE('',(#8844),#8429,.T.);
#8844 = FACE_BOUND('',#8845,.F.);
#8845 = EDGE_LOOP('',(#8846,#8869,#8896,#8897));
#8846 = ORIENTED_EDGE('',*,*,#8847,.F.);
#8847 = EDGE_CURVE('',#8848,#8409,#8850,.T.);
#8848 = VERTEX_POINT('',#8849);
#8849 = CARTESIAN_POINT('',(6.,-6.5,-9.7));
#8850 = SURFACE_CURVE('',#8851,(#8855,#8862),.PCURVE_S1.);
#8851 = LINE('',#8852,#8853);
#8852 = CARTESIAN_POINT('',(6.,-6.5,-10.2));
#8853 = VECTOR('',#8854,1.);
#8854 = DIRECTION('',(0.E+000,0.E+000,1.));
#8855 = PCURVE('',#8429,#8856);
#8856 = DEFINITIONAL_REPRESENTATION('',(#8857),#8861);
#8857 = LINE('',#8858,#8859);
#8858 = CARTESIAN_POINT('',(-0.E+000,0.E+000));
#8859 = VECTOR('',#8860,1.);
#8860 = DIRECTION('',(-0.E+000,1.));
#8861 = ( GEOMETRIC_REPRESENTATION_CONTEXT(2) 
PARAMETRIC_REPRESENTATION_CONTEXT() REPRESENTATION_CONTEXT('2D SPACE',''
  ) );
#8862 = PCURVE('',#8457,#8863);
#8863 = DEFINITIONAL_REPRESENTATION('',(#8864),#8868);
#8864 = LINE('',#8865,#8866);
#8865 = CARTESIAN_POINT('',(0.E+000,-0.5));
#8866 = VECTOR('',#8867,1.);
#8867 = DIRECTION('',(1.,0.E+000));
#8868 = ( GEOMETRIC_REPRESENTATION_CONTEXT(2) 
PARAMETRIC_REPRESENTATION_CONTEXT() REPRESENTATION_CONTEXT('2D SPACE',''
  ) );
#8869 = ORIENTED_EDGE('',*,*,#8870,.T.);
#8870 = EDGE_CURVE('',#8848,#8741,#8871,.T.);
#8871 = SURFACE_CURVE('',#8872,(#8877,#8884),.PCURVE_S1.);
#8872 = CIRCLE('',#8873,0.5);
#8873 = AXIS2_PLACEMENT_3D('',#8874,#8875,#8876);
#8874 = CARTESIAN_POINT('',(5.5,-6.5,-9.7));
#8875 = DIRECTION('',(0.E+000,0.E+000,-1.));
#8876 = DIRECTION('',(1.,0.E+000,0.E+000));
#8877 = PCURVE('',#8429,#8878);
#8878 = DEFINITIONAL_REPRESENTATION('',(#8879),#8883);
#8879 = LINE('',#8880,#8881);
#8880 = CARTESIAN_POINT('',(-0.E+000,0.5));
#8881 = VECTOR('',#8882,1.);
#8882 = DIRECTION('',(-1.,0.E+000));
#8883 = ( GEOMETRIC_REPRESENTATION_CONTEXT(2) 
PARAMETRIC_REPRESENTATION_CONTEXT() REPRESENTATION_CONTEXT('2D SPACE',''
  ) );
#8884 = PCURVE('',#8885,#8890);
#8885 = SPHERICAL_SURFACE('',#8886,0.5);
#8886 = AXIS2_PLACEMENT_3D('',#8887,#8888,#8889);
#8887 = CARTESIAN_POINT('',(5.5,-6.5,-9.7));
#8888 = DIRECTION('',(0.E+000,0.E+000,1.));
#8889 = DIRECTION('',(1.,0.E+000,0.E+000));
#8890 = DEFINITIONAL_REPRESENTATION('',(#8891),#8895);
#8891 = LINE('',#8892,#8893);
#8892 = CARTESIAN_POINT('',(-0.E+000,0.E+000));
#8893 = VECTOR('',#8894,1.);
#8894 = DIRECTION('',(-1.,0.E+000));
#8895 = ( GEOMETRIC_REPRESENTATION_CONTEXT(2) 
PARAMETRIC_REPRESENTATION_CONTEXT() REPRESENTATION_CONTEXT('2D SPACE',''
  ) );
#8896 = ORIENTED_EDGE('',*,*,#8740,.T.);
#8897 = ORIENTED_EDGE('',*,*,#8408,.F.);
#8898 = ADVANCED_FACE('',(#8899),#8486,.T.);
#8899 = FACE_BOUND('',#8900,.T.);
#8900 = EDGE_LOOP('',(#8901,#8924,#8951,#8952));
#8901 = ORIENTED_EDGE('',*,*,#8902,.F.);
#8902 = EDGE_CURVE('',#8903,#8442,#8905,.T.);
#8903 = VERTEX_POINT('',#8904);
#8904 = CARTESIAN_POINT('',(6.,6.5,-9.7));
#8905 = SURFACE_CURVE('',#8906,(#8910,#8917),.PCURVE_S1.);
#8906 = LINE('',#8907,#8908);
#8907 = CARTESIAN_POINT('',(6.,6.5,-10.2));
#8908 = VECTOR('',#8909,1.);
#8909 = DIRECTION('',(0.E+000,0.E+000,1.));
#8910 = PCURVE('',#8486,#8911);
#8911 = DEFINITIONAL_REPRESENTATION('',(#8912),#8916);
#8912 = LINE('',#8913,#8914);
#8913 = CARTESIAN_POINT('',(0.E+000,0.E+000));
#8914 = VECTOR('',#8915,1.);
#8915 = DIRECTION('',(0.E+000,1.));
#8916 = ( GEOMETRIC_REPRESENTATION_CONTEXT(2) 
PARAMETRIC_REPRESENTATION_CONTEXT() REPRESENTATION_CONTEXT('2D SPACE',''
  ) );
#8917 = PCURVE('',#8457,#8918);
#8918 = DEFINITIONAL_REPRESENTATION('',(#8919),#8923);
#8919 = LINE('',#8920,#8921);
#8920 = CARTESIAN_POINT('',(0.E+000,-13.5));
#8921 = VECTOR('',#8922,1.);
#8922 = DIRECTION('',(1.,0.E+000));
#8923 = ( GEOMETRIC_REPRESENTATION_CONTEXT(2) 
PARAMETRIC_REPRESENTATION_CONTEXT() REPRESENTATION_CONTEXT('2D SPACE',''
  ) );
#8924 = ORIENTED_EDGE('',*,*,#8925,.T.);
#8925 = EDGE_CURVE('',#8903,#8795,#8926,.T.);
#8926 = SURFACE_CURVE('',#8927,(#8932,#8939),.PCURVE_S1.);
#8927 = CIRCLE('',#8928,0.5);
#8928 = AXIS2_PLACEMENT_3D('',#8929,#8930,#8931);
#8929 = CARTESIAN_POINT('',(5.5,6.5,-9.7));
#8930 = DIRECTION('',(0.E+000,0.E+000,1.));
#8931 = DIRECTION('',(1.,0.E+000,0.E+000));
#8932 = PCURVE('',#8486,#8933);
#8933 = DEFINITIONAL_REPRESENTATION('',(#8934),#8938);
#8934 = LINE('',#8935,#8936);
#8935 = CARTESIAN_POINT('',(0.E+000,0.5));
#8936 = VECTOR('',#8937,1.);
#8937 = DIRECTION('',(1.,0.E+000));
#8938 = ( GEOMETRIC_REPRESENTATION_CONTEXT(2) 
PARAMETRIC_REPRESENTATION_CONTEXT() REPRESENTATION_CONTEXT('2D SPACE',''
  ) );
#8939 = PCURVE('',#8940,#8945);
#8940 = SPHERICAL_SURFACE('',#8941,0.5);
#8941 = AXIS2_PLACEMENT_3D('',#8942,#8943,#8944);
#8942 = CARTESIAN_POINT('',(5.5,6.5,-9.7));
#8943 = DIRECTION('',(0.E+000,0.E+000,1.));
#8944 = DIRECTION('',(1.,0.E+000,0.E+000));
#8945 = DEFINITIONAL_REPRESENTATION('',(#8946),#8950);
#8946 = LINE('',#8947,#8948);
#8947 = CARTESIAN_POINT('',(0.E+000,0.E+000));
#8948 = VECTOR('',#8949,1.);
#8949 = DIRECTION('',(1.,0.E+000));
#8950 = ( GEOMETRIC_REPRESENTATION_CONTEXT(2) 
PARAMETRIC_REPRESENTATION_CONTEXT() REPRESENTATION_CONTEXT('2D SPACE',''
  ) );
#8951 = ORIENTED_EDGE('',*,*,#8794,.T.);
#8952 = ORIENTED_EDGE('',*,*,#8469,.F.);
#8953 = ADVANCED_FACE('',(#8954),#8457,.T.);
#8954 = FACE_BOUND('',#8955,.T.);
#8955 = EDGE_LOOP('',(#8956,#8957,#8958,#8984));
#8956 = ORIENTED_EDGE('',*,*,#8441,.F.);
#8957 = ORIENTED_EDGE('',*,*,#8847,.F.);
#8958 = ORIENTED_EDGE('',*,*,#8959,.T.);
#8959 = EDGE_CURVE('',#8848,#8903,#8960,.T.);
#8960 = SURFACE_CURVE('',#8961,(#8965,#8972),.PCURVE_S1.);
#8961 = LINE('',#8962,#8963);
#8962 = CARTESIAN_POINT('',(6.,-7.,-9.7));
#8963 = VECTOR('',#8964,1.);
#8964 = DIRECTION('',(0.E+000,1.,0.E+000));
#8965 = PCURVE('',#8457,#8966);
#8966 = DEFINITIONAL_REPRESENTATION('',(#8967),#8971);
#8967 = LINE('',#8968,#8969);
#8968 = CARTESIAN_POINT('',(0.5,0.E+000));
#8969 = VECTOR('',#8970,1.);
#8970 = DIRECTION('',(0.E+000,-1.));
#8971 = ( GEOMETRIC_REPRESENTATION_CONTEXT(2) 
PARAMETRIC_REPRESENTATION_CONTEXT() REPRESENTATION_CONTEXT('2D SPACE',''
  ) );
#8972 = PCURVE('',#8973,#8978);
#8973 = CYLINDRICAL_SURFACE('',#8974,0.5);
#8974 = AXIS2_PLACEMENT_3D('',#8975,#8976,#8977);
#8975 = CARTESIAN_POINT('',(5.5,-7.,-9.7));
#8976 = DIRECTION('',(0.E+000,1.,0.E+000));
#8977 = DIRECTION('',(1.,0.E+000,0.E+000));
#8978 = DEFINITIONAL_REPRESENTATION('',(#8979),#8983);
#8979 = LINE('',#8980,#8981);
#8980 = CARTESIAN_POINT('',(0.E+000,0.E+000));
#8981 = VECTOR('',#8982,1.);
#8982 = DIRECTION('',(0.E+000,1.));
#8983 = ( GEOMETRIC_REPRESENTATION_CONTEXT(2) 
PARAMETRIC_REPRESENTATION_CONTEXT() REPRESENTATION_CONTEXT('2D SPACE',''
  ) );
#8984 = ORIENTED_EDGE('',*,*,#8902,.T.);
#8985 = ADVANCED_FACE('',(#8986),#8573,.T.);
#8986 = FACE_BOUND('',#8987,.T.);
#8987 = EDGE_LOOP('',(#8988,#8989,#9009));
#8988 = ORIENTED_EDGE('',*,*,#8665,.F.);
#8989 = ORIENTED_EDGE('',*,*,#8990,.T.);
#8990 = EDGE_CURVE('',#8666,#8557,#8991,.T.);
#8991 = SURFACE_CURVE('',#8992,(#8997,#9003),.PCURVE_S1.);
#8992 = CIRCLE('',#8993,0.5);
#8993 = AXIS2_PLACEMENT_3D('',#8994,#8995,#8996);
#8994 = CARTESIAN_POINT('',(-5.5,-6.5,-9.7));
#8995 = DIRECTION('',(-1.,6.123233995737E-017,0.E+000));
#8996 = DIRECTION('',(-6.123233995737E-017,-1.,0.E+000));
#8997 = PCURVE('',#8573,#8998);
#8998 = DEFINITIONAL_REPRESENTATION('',(#8999),#9002);
#8999 = B_SPLINE_CURVE_WITH_KNOTS('',1,(#9000,#9001),.UNSPECIFIED.,.F.,
  .F.,(2,2),(4.712388980385,6.28318530718),.PIECEWISE_BEZIER_KNOTS.);
#9000 = CARTESIAN_POINT('',(1.570796326795,-1.570796326795));
#9001 = CARTESIAN_POINT('',(1.570796326795,0.E+000));
#9002 = ( GEOMETRIC_REPRESENTATION_CONTEXT(2) 
PARAMETRIC_REPRESENTATION_CONTEXT() REPRESENTATION_CONTEXT('2D SPACE',''
  ) );
#9003 = PCURVE('',#8777,#9004);
#9004 = DEFINITIONAL_REPRESENTATION('',(#9005),#9008);
#9005 = B_SPLINE_CURVE_WITH_KNOTS('',1,(#9006,#9007),.UNSPECIFIED.,.F.,
  .F.,(2,2),(4.712388980385,6.28318530718),.PIECEWISE_BEZIER_KNOTS.);
#9006 = CARTESIAN_POINT('',(1.570796326795,0.5));
#9007 = CARTESIAN_POINT('',(0.E+000,0.5));
#9008 = ( GEOMETRIC_REPRESENTATION_CONTEXT(2) 
PARAMETRIC_REPRESENTATION_CONTEXT() REPRESENTATION_CONTEXT('2D SPACE',''
  ) );
#9009 = ORIENTED_EDGE('',*,*,#8556,.F.);
#9010 = ADVANCED_FACE('',(#9011),#8628,.T.);
#9011 = FACE_BOUND('',#9012,.F.);
#9012 = EDGE_LOOP('',(#9013,#9014,#9034));
#9013 = ORIENTED_EDGE('',*,*,#8715,.F.);
#9014 = ORIENTED_EDGE('',*,*,#9015,.T.);
#9015 = EDGE_CURVE('',#8688,#8612,#9016,.T.);
#9016 = SURFACE_CURVE('',#9017,(#9022,#9028),.PCURVE_S1.);
#9017 = CIRCLE('',#9018,0.5);
#9018 = AXIS2_PLACEMENT_3D('',#9019,#9020,#9021);
#9019 = CARTESIAN_POINT('',(-5.5,6.5,-9.7));
#9020 = DIRECTION('',(1.,6.123233995737E-017,-0.E+000));
#9021 = DIRECTION('',(-6.123233995737E-017,1.,0.E+000));
#9022 = PCURVE('',#8628,#9023);
#9023 = DEFINITIONAL_REPRESENTATION('',(#9024),#9027);
#9024 = B_SPLINE_CURVE_WITH_KNOTS('',1,(#9025,#9026),.UNSPECIFIED.,.F.,
  .F.,(2,2),(4.712388980385,6.28318530718),.PIECEWISE_BEZIER_KNOTS.);
#9025 = CARTESIAN_POINT('',(-1.570796326795,-1.570796326795));
#9026 = CARTESIAN_POINT('',(-1.570796326795,0.E+000));
#9027 = ( GEOMETRIC_REPRESENTATION_CONTEXT(2) 
PARAMETRIC_REPRESENTATION_CONTEXT() REPRESENTATION_CONTEXT('2D SPACE',''
  ) );
#9028 = PCURVE('',#8831,#9029);
#9029 = DEFINITIONAL_REPRESENTATION('',(#9030),#9033);
#9030 = B_SPLINE_CURVE_WITH_KNOTS('',1,(#9031,#9032),.UNSPECIFIED.,.F.,
  .F.,(2,2),(4.712388980385,6.28318530718),.PIECEWISE_BEZIER_KNOTS.);
#9031 = CARTESIAN_POINT('',(-1.570796326795,0.5));
#9032 = CARTESIAN_POINT('',(0.E+000,0.5));
#9033 = ( GEOMETRIC_REPRESENTATION_CONTEXT(2) 
PARAMETRIC_REPRESENTATION_CONTEXT() REPRESENTATION_CONTEXT('2D SPACE',''
  ) );
#9034 = ORIENTED_EDGE('',*,*,#8611,.F.);
#9035 = ADVANCED_FACE('',(#9036),#8703,.F.);
#9036 = FACE_BOUND('',#9037,.F.);
#9037 = EDGE_LOOP('',(#9038,#9039,#9062,#9085));
#9038 = ORIENTED_EDGE('',*,*,#8687,.F.);
#9039 = ORIENTED_EDGE('',*,*,#9040,.T.);
#9040 = EDGE_CURVE('',#8666,#9041,#9043,.T.);
#9041 = VERTEX_POINT('',#9042);
#9042 = CARTESIAN_POINT('',(5.5,-6.5,-10.2));
#9043 = SURFACE_CURVE('',#9044,(#9048,#9055),.PCURVE_S1.);
#9044 = LINE('',#9045,#9046);
#9045 = CARTESIAN_POINT('',(-6.,-6.5,-10.2));
#9046 = VECTOR('',#9047,1.);
#9047 = DIRECTION('',(1.,0.E+000,0.E+000));
#9048 = PCURVE('',#8703,#9049);
#9049 = DEFINITIONAL_REPRESENTATION('',(#9050),#9054);
#9050 = LINE('',#9051,#9052);
#9051 = CARTESIAN_POINT('',(0.E+000,0.5));
#9052 = VECTOR('',#9053,1.);
#9053 = DIRECTION('',(1.,0.E+000));
#9054 = ( GEOMETRIC_REPRESENTATION_CONTEXT(2) 
PARAMETRIC_REPRESENTATION_CONTEXT() REPRESENTATION_CONTEXT('2D SPACE',''
  ) );
#9055 = PCURVE('',#8777,#9056);
#9056 = DEFINITIONAL_REPRESENTATION('',(#9057),#9061);
#9057 = LINE('',#9058,#9059);
#9058 = CARTESIAN_POINT('',(1.570796326795,0.E+000));
#9059 = VECTOR('',#9060,1.);
#9060 = DIRECTION('',(0.E+000,1.));
#9061 = ( GEOMETRIC_REPRESENTATION_CONTEXT(2) 
PARAMETRIC_REPRESENTATION_CONTEXT() REPRESENTATION_CONTEXT('2D SPACE',''
  ) );
#9062 = ORIENTED_EDGE('',*,*,#9063,.T.);
#9063 = EDGE_CURVE('',#9041,#9064,#9066,.T.);
#9064 = VERTEX_POINT('',#9065);
#9065 = CARTESIAN_POINT('',(5.5,6.5,-10.2));
#9066 = SURFACE_CURVE('',#9067,(#9071,#9078),.PCURVE_S1.);
#9067 = LINE('',#9068,#9069);
#9068 = CARTESIAN_POINT('',(5.5,-7.,-10.2));
#9069 = VECTOR('',#9070,1.);
#9070 = DIRECTION('',(0.E+000,1.,0.E+000));
#9071 = PCURVE('',#8703,#9072);
#9072 = DEFINITIONAL_REPRESENTATION('',(#9073),#9077);
#9073 = LINE('',#9074,#9075);
#9074 = CARTESIAN_POINT('',(11.5,0.E+000));
#9075 = VECTOR('',#9076,1.);
#9076 = DIRECTION('',(0.E+000,1.));
#9077 = ( GEOMETRIC_REPRESENTATION_CONTEXT(2) 
PARAMETRIC_REPRESENTATION_CONTEXT() REPRESENTATION_CONTEXT('2D SPACE',''
  ) );
#9078 = PCURVE('',#8973,#9079);
#9079 = DEFINITIONAL_REPRESENTATION('',(#9080),#9084);
#9080 = LINE('',#9081,#9082);
#9081 = CARTESIAN_POINT('',(1.570796326795,0.E+000));
#9082 = VECTOR('',#9083,1.);
#9083 = DIRECTION('',(0.E+000,1.));
#9084 = ( GEOMETRIC_REPRESENTATION_CONTEXT(2) 
PARAMETRIC_REPRESENTATION_CONTEXT() REPRESENTATION_CONTEXT('2D SPACE',''
  ) );
#9085 = ORIENTED_EDGE('',*,*,#9086,.F.);
#9086 = EDGE_CURVE('',#8688,#9064,#9087,.T.);
#9087 = SURFACE_CURVE('',#9088,(#9092,#9099),.PCURVE_S1.);
#9088 = LINE('',#9089,#9090);
#9089 = CARTESIAN_POINT('',(-6.,6.5,-10.2));
#9090 = VECTOR('',#9091,1.);
#9091 = DIRECTION('',(1.,0.E+000,0.E+000));
#9092 = PCURVE('',#8703,#9093);
#9093 = DEFINITIONAL_REPRESENTATION('',(#9094),#9098);
#9094 = LINE('',#9095,#9096);
#9095 = CARTESIAN_POINT('',(0.E+000,13.5));
#9096 = VECTOR('',#9097,1.);
#9097 = DIRECTION('',(1.,0.E+000));
#9098 = ( GEOMETRIC_REPRESENTATION_CONTEXT(2) 
PARAMETRIC_REPRESENTATION_CONTEXT() REPRESENTATION_CONTEXT('2D SPACE',''
  ) );
#9099 = PCURVE('',#8831,#9100);
#9100 = DEFINITIONAL_REPRESENTATION('',(#9101),#9105);
#9101 = LINE('',#9102,#9103);
#9102 = CARTESIAN_POINT('',(-1.570796326795,0.E+000));
#9103 = VECTOR('',#9104,1.);
#9104 = DIRECTION('',(-0.E+000,1.));
#9105 = ( GEOMETRIC_REPRESENTATION_CONTEXT(2) 
PARAMETRIC_REPRESENTATION_CONTEXT() REPRESENTATION_CONTEXT('2D SPACE',''
  ) );
#9106 = ADVANCED_FACE('',(#9107),#8777,.T.);
#9107 = FACE_BOUND('',#9108,.T.);
#9108 = EDGE_LOOP('',(#9109,#9110,#9111,#9131));
#9109 = ORIENTED_EDGE('',*,*,#8990,.F.);
#9110 = ORIENTED_EDGE('',*,*,#9040,.T.);
#9111 = ORIENTED_EDGE('',*,*,#9112,.T.);
#9112 = EDGE_CURVE('',#9041,#8741,#9113,.T.);
#9113 = SURFACE_CURVE('',#9114,(#9119,#9125),.PCURVE_S1.);
#9114 = CIRCLE('',#9115,0.5);
#9115 = AXIS2_PLACEMENT_3D('',#9116,#9117,#9118);
#9116 = CARTESIAN_POINT('',(5.5,-6.5,-9.7));
#9117 = DIRECTION('',(-1.,-6.123233995737E-017,0.E+000));
#9118 = DIRECTION('',(6.123233995737E-017,-1.,0.E+000));
#9119 = PCURVE('',#8777,#9120);
#9120 = DEFINITIONAL_REPRESENTATION('',(#9121),#9124);
#9121 = B_SPLINE_CURVE_WITH_KNOTS('',1,(#9122,#9123),.UNSPECIFIED.,.F.,
  .F.,(2,2),(4.712388980385,6.28318530718),.PIECEWISE_BEZIER_KNOTS.);
#9122 = CARTESIAN_POINT('',(1.570796326795,11.5));
#9123 = CARTESIAN_POINT('',(0.E+000,11.5));
#9124 = ( GEOMETRIC_REPRESENTATION_CONTEXT(2) 
PARAMETRIC_REPRESENTATION_CONTEXT() REPRESENTATION_CONTEXT('2D SPACE',''
  ) );
#9125 = PCURVE('',#8885,#9126);
#9126 = DEFINITIONAL_REPRESENTATION('',(#9127),#9130);
#9127 = B_SPLINE_CURVE_WITH_KNOTS('',1,(#9128,#9129),.UNSPECIFIED.,.F.,
  .F.,(2,2),(4.712388980385,6.28318530718),.PIECEWISE_BEZIER_KNOTS.);
#9128 = CARTESIAN_POINT('',(-1.570796326795,-1.570796326795));
#9129 = CARTESIAN_POINT('',(-1.570796326795,0.E+000));
#9130 = ( GEOMETRIC_REPRESENTATION_CONTEXT(2) 
PARAMETRIC_REPRESENTATION_CONTEXT() REPRESENTATION_CONTEXT('2D SPACE',''
  ) );
#9131 = ORIENTED_EDGE('',*,*,#8763,.F.);
#9132 = ADVANCED_FACE('',(#9133),#8831,.T.);
#9133 = FACE_BOUND('',#9134,.F.);
#9134 = EDGE_LOOP('',(#9135,#9136,#9137,#9157));
#9135 = ORIENTED_EDGE('',*,*,#9015,.F.);
#9136 = ORIENTED_EDGE('',*,*,#9086,.T.);
#9137 = ORIENTED_EDGE('',*,*,#9138,.T.);
#9138 = EDGE_CURVE('',#9064,#8795,#9139,.T.);
#9139 = SURFACE_CURVE('',#9140,(#9145,#9151),.PCURVE_S1.);
#9140 = CIRCLE('',#9141,0.5);
#9141 = AXIS2_PLACEMENT_3D('',#9142,#9143,#9144);
#9142 = CARTESIAN_POINT('',(5.5,6.5,-9.7));
#9143 = DIRECTION('',(1.,-6.123233995737E-017,0.E+000));
#9144 = DIRECTION('',(6.123233995737E-017,1.,0.E+000));
#9145 = PCURVE('',#8831,#9146);
#9146 = DEFINITIONAL_REPRESENTATION('',(#9147),#9150);
#9147 = B_SPLINE_CURVE_WITH_KNOTS('',1,(#9148,#9149),.UNSPECIFIED.,.F.,
  .F.,(2,2),(4.712388980385,6.28318530718),.PIECEWISE_BEZIER_KNOTS.);
#9148 = CARTESIAN_POINT('',(-1.570796326795,11.5));
#9149 = CARTESIAN_POINT('',(0.E+000,11.5));
#9150 = ( GEOMETRIC_REPRESENTATION_CONTEXT(2) 
PARAMETRIC_REPRESENTATION_CONTEXT() REPRESENTATION_CONTEXT('2D SPACE',''
  ) );
#9151 = PCURVE('',#8940,#9152);
#9152 = DEFINITIONAL_REPRESENTATION('',(#9153),#9156);
#9153 = B_SPLINE_CURVE_WITH_KNOTS('',1,(#9154,#9155),.UNSPECIFIED.,.F.,
  .F.,(2,2),(4.712388980385,6.28318530718),.PIECEWISE_BEZIER_KNOTS.);
#9154 = CARTESIAN_POINT('',(1.570796326795,-1.570796326795));
#9155 = CARTESIAN_POINT('',(1.570796326795,0.E+000));
#9156 = ( GEOMETRIC_REPRESENTATION_CONTEXT(2) 
PARAMETRIC_REPRESENTATION_CONTEXT() REPRESENTATION_CONTEXT('2D SPACE',''
  ) );
#9157 = ORIENTED_EDGE('',*,*,#8817,.F.);
#9158 = ADVANCED_FACE('',(#9159),#8885,.T.);
#9159 = FACE_BOUND('',#9160,.F.);
#9160 = EDGE_LOOP('',(#9161,#9181,#9182));
#9161 = ORIENTED_EDGE('',*,*,#9162,.F.);
#9162 = EDGE_CURVE('',#9041,#8848,#9163,.T.);
#9163 = SURFACE_CURVE('',#9164,(#9169,#9175),.PCURVE_S1.);
#9164 = CIRCLE('',#9165,0.5);
#9165 = AXIS2_PLACEMENT_3D('',#9166,#9167,#9168);
#9166 = CARTESIAN_POINT('',(5.5,-6.5,-9.7));
#9167 = DIRECTION('',(0.E+000,-1.,0.E+000));
#9168 = DIRECTION('',(1.,0.E+000,0.E+000));
#9169 = PCURVE('',#8885,#9170);
#9170 = DEFINITIONAL_REPRESENTATION('',(#9171),#9174);
#9171 = B_SPLINE_CURVE_WITH_KNOTS('',1,(#9172,#9173),.UNSPECIFIED.,.F.,
  .F.,(2,2),(4.712388980385,6.28318530718),.PIECEWISE_BEZIER_KNOTS.);
#9172 = CARTESIAN_POINT('',(0.E+000,-1.570796326795));
#9173 = CARTESIAN_POINT('',(0.E+000,0.E+000));
#9174 = ( GEOMETRIC_REPRESENTATION_CONTEXT(2) 
PARAMETRIC_REPRESENTATION_CONTEXT() REPRESENTATION_CONTEXT('2D SPACE',''
  ) );
#9175 = PCURVE('',#8973,#9176);
#9176 = DEFINITIONAL_REPRESENTATION('',(#9177),#9180);
#9177 = B_SPLINE_CURVE_WITH_KNOTS('',1,(#9178,#9179),.UNSPECIFIED.,.F.,
  .F.,(2,2),(4.712388980385,6.28318530718),.PIECEWISE_BEZIER_KNOTS.);
#9178 = CARTESIAN_POINT('',(1.570796326795,0.5));
#9179 = CARTESIAN_POINT('',(0.E+000,0.5));
#9180 = ( GEOMETRIC_REPRESENTATION_CONTEXT(2) 
PARAMETRIC_REPRESENTATION_CONTEXT() REPRESENTATION_CONTEXT('2D SPACE',''
  ) );
#9181 = ORIENTED_EDGE('',*,*,#9112,.T.);
#9182 = ORIENTED_EDGE('',*,*,#8870,.F.);
#9183 = ADVANCED_FACE('',(#9184),#8940,.T.);
#9184 = FACE_BOUND('',#9185,.T.);
#9185 = EDGE_LOOP('',(#9186,#9206,#9207));
#9186 = ORIENTED_EDGE('',*,*,#9187,.F.);
#9187 = EDGE_CURVE('',#9064,#8903,#9188,.T.);
#9188 = SURFACE_CURVE('',#9189,(#9194,#9200),.PCURVE_S1.);
#9189 = CIRCLE('',#9190,0.5);
#9190 = AXIS2_PLACEMENT_3D('',#9191,#9192,#9193);
#9191 = CARTESIAN_POINT('',(5.5,6.5,-9.7));
#9192 = DIRECTION('',(0.E+000,-1.,0.E+000));
#9193 = DIRECTION('',(1.,0.E+000,0.E+000));
#9194 = PCURVE('',#8940,#9195);
#9195 = DEFINITIONAL_REPRESENTATION('',(#9196),#9199);
#9196 = B_SPLINE_CURVE_WITH_KNOTS('',1,(#9197,#9198),.UNSPECIFIED.,.F.,
  .F.,(2,2),(4.712388980385,6.28318530718),.PIECEWISE_BEZIER_KNOTS.);
#9197 = CARTESIAN_POINT('',(0.E+000,-1.570796326795));
#9198 = CARTESIAN_POINT('',(0.E+000,0.E+000));
#9199 = ( GEOMETRIC_REPRESENTATION_CONTEXT(2) 
PARAMETRIC_REPRESENTATION_CONTEXT() REPRESENTATION_CONTEXT('2D SPACE',''
  ) );
#9200 = PCURVE('',#8973,#9201);
#9201 = DEFINITIONAL_REPRESENTATION('',(#9202),#9205);
#9202 = B_SPLINE_CURVE_WITH_KNOTS('',1,(#9203,#9204),.UNSPECIFIED.,.F.,
  .F.,(2,2),(4.712388980385,6.28318530718),.PIECEWISE_BEZIER_KNOTS.);
#9203 = CARTESIAN_POINT('',(1.570796326795,13.5));
#9204 = CARTESIAN_POINT('',(0.E+000,13.5));
#9205 = ( GEOMETRIC_REPRESENTATION_CONTEXT(2) 
PARAMETRIC_REPRESENTATION_CONTEXT() REPRESENTATION_CONTEXT('2D SPACE',''
  ) );
#9206 = ORIENTED_EDGE('',*,*,#9138,.T.);
#9207 = ORIENTED_EDGE('',*,*,#8925,.F.);
#9208 = ADVANCED_FACE('',(#9209),#8973,.T.);
#9209 = FACE_BOUND('',#9210,.T.);
#9210 = EDGE_LOOP('',(#9211,#9212,#9213,#9214));
#9211 = ORIENTED_EDGE('',*,*,#9162,.F.);
#9212 = ORIENTED_EDGE('',*,*,#9063,.T.);
#9213 = ORIENTED_EDGE('',*,*,#9187,.T.);
#9214 = ORIENTED_EDGE('',*,*,#8959,.F.);
#9215 = ( GEOMETRIC_REPRESENTATION_CONTEXT(3) 
GLOBAL_UNCERTAINTY_ASSIGNED_CONTEXT((#9219)) 
GLOBAL_UNIT_ASSIGNED_CONTEXT((#9216,#9217,#9218)) REPRESENTATION_CONTEXT
('Context #1','3D Context with UNIT and UNCERTAINTY') );
#9216 = ( LENGTH_UNIT() NAMED_UNIT(*) SI_UNIT(.MILLI.,.METRE.) );
#9217 = ( NAMED_UNIT(*) PLANE_ANGLE_UNIT() SI_UNIT($,.RADIAN.) );
#9218 = ( NAMED_UNIT(*) SI_UNIT($,.STERADIAN.) SOLID_ANGLE_UNIT() );
#9219 = UNCERTAINTY_MEASURE_WITH_UNIT(LENGTH_MEASURE(1.E-007),#9216,
  'distance_accuracy_value','confusion accuracy');
#9220 = SHAPE_DEFINITION_REPRESENTATION(#9221,#8228);
#9221 = PRODUCT_DEFINITION_SHAPE('','',#9222);
#9222 = PRODUCT_DEFINITION('design','',#9223,#9226);
#9223 = PRODUCT_DEFINITION_FORMATION('','',#9224);
#9224 = PRODUCT('Fillet005_(Solid)','Fillet005_(Solid)','',(#9225));
#9225 = MECHANICAL_CONTEXT('',#2,'mechanical');
#9226 = PRODUCT_DEFINITION_CONTEXT('part definition',#2,'design');
#9227 = CONTEXT_DEPENDENT_SHAPE_REPRESENTATION(#9228,#9230);
#9228 = ( REPRESENTATION_RELATIONSHIP('','',#8228,#10) 
REPRESENTATION_RELATIONSHIP_WITH_TRANSFORMATION(#9229) 
SHAPE_REPRESENTATION_RELATIONSHIP() );
#9229 = ITEM_DEFINED_TRANSFORMATION('','',#11,#27);
#9230 = PRODUCT_DEFINITION_SHAPE('Placement','Placement of an item',
  #9231);
#9231 = NEXT_ASSEMBLY_USAGE_OCCURRENCE('4','=>[0:1:1:5]','',#5,#9222,$);
#9232 = PRODUCT_TYPE('part',$,(#9224));
#9233 = MECHANICAL_DESIGN_GEOMETRIC_PRESENTATION_REPRESENTATION('',(
    #9234,#9244),#3677);
#9234 = STYLED_ITEM('color',(#9235),#38);
#9235 = PRESENTATION_STYLE_ASSIGNMENT((#9236,#9242));
#9236 = SURFACE_STYLE_USAGE(.BOTH.,#9237);
#9237 = SURFACE_SIDE_STYLE('',(#9238));
#9238 = SURFACE_STYLE_FILL_AREA(#9239);
#9239 = FILL_AREA_STYLE('',(#9240));
#9240 = FILL_AREA_STYLE_COLOUR('',#9241);
#9241 = COLOUR_RGB('',0.800000011921,0.800000011921,0.800000011921);
#9242 = CURVE_STYLE('',#9243,POSITIVE_LENGTH_MEASURE(0.1),#9241);
#9243 = DRAUGHTING_PRE_DEFINED_CURVE_FONT('continuous');
#9244 = STYLED_ITEM('color',(#9245),#1886);
#9245 = PRESENTATION_STYLE_ASSIGNMENT((#9246,#9251));
#9246 = SURFACE_STYLE_USAGE(.BOTH.,#9247);
#9247 = SURFACE_SIDE_STYLE('',(#9248));
#9248 = SURFACE_STYLE_FILL_AREA(#9249);
#9249 = FILL_AREA_STYLE('',(#9250));
#9250 = FILL_AREA_STYLE_COLOUR('',#9241);
#9251 = CURVE_STYLE('',#9252,POSITIVE_LENGTH_MEASURE(0.1),#9241);
#9252 = DRAUGHTING_PRE_DEFINED_CURVE_FONT('continuous');
#9253 = MECHANICAL_DESIGN_GEOMETRIC_PRESENTATION_REPRESENTATION('',(
    #9254),#9215);
#9254 = STYLED_ITEM('color',(#9255),#8229);
#9255 = PRESENTATION_STYLE_ASSIGNMENT((#9256,#9262));
#9256 = SURFACE_STYLE_USAGE(.BOTH.,#9257);
#9257 = SURFACE_SIDE_STYLE('',(#9258));
#9258 = SURFACE_STYLE_FILL_AREA(#9259);
#9259 = FILL_AREA_STYLE('',(#9260));
#9260 = FILL_AREA_STYLE_COLOUR('',#9261);
#9261 = DRAUGHTING_PRE_DEFINED_COLOUR('black');
#9262 = CURVE_STYLE('',#9263,POSITIVE_LENGTH_MEASURE(0.1),#9261);
#9263 = DRAUGHTING_PRE_DEFINED_CURVE_FONT('continuous');
#9264 = MECHANICAL_DESIGN_GEOMETRIC_PRESENTATION_REPRESENTATION('',(
    #9265),#8039);
#9265 = STYLED_ITEM('color',(#9266),#3696);
#9266 = PRESENTATION_STYLE_ASSIGNMENT((#9267,#9273));
#9267 = SURFACE_STYLE_USAGE(.BOTH.,#9268);
#9268 = SURFACE_SIDE_STYLE('',(#9269));
#9269 = SURFACE_STYLE_FILL_AREA(#9270);
#9270 = FILL_AREA_STYLE('',(#9271));
#9271 = FILL_AREA_STYLE_COLOUR('',#9272);
#9272 = DRAUGHTING_PRE_DEFINED_COLOUR('white');
#9273 = CURVE_STYLE('',#9274,POSITIVE_LENGTH_MEASURE(0.1),#9272);
#9274 = DRAUGHTING_PRE_DEFINED_CURVE_FONT('continuous');
#9275 = MECHANICAL_DESIGN_GEOMETRIC_PRESENTATION_REPRESENTATION('',(
    #9276),#8210);
#9276 = STYLED_ITEM('color',(#9277),#8058);
#9277 = PRESENTATION_STYLE_ASSIGNMENT((#9278,#9283));
#9278 = SURFACE_STYLE_USAGE(.BOTH.,#9279);
#9279 = SURFACE_SIDE_STYLE('',(#9280));
#9280 = SURFACE_STYLE_FILL_AREA(#9281);
#9281 = FILL_AREA_STYLE('',(#9282));
#9282 = FILL_AREA_STYLE_COLOUR('',#9261);
#9283 = CURVE_STYLE('',#9284,POSITIVE_LENGTH_MEASURE(0.1),#9261);
#9284 = DRAUGHTING_PRE_DEFINED_CURVE_FONT('continuous');
ENDSEC;
END-ISO-10303-21;
